txt,result
나 어린이집 다닐 때 잠깐 사물함 뒤쪽에 뭐 좀 넣어놓고 문을 탁 닫으니까 한 남자애가 있는거야! 그리고 날 그윽하게 보더니 ”이것만은 잊지마” 라고 하고 볼에 뽀뽀해주고 갔어,2
나 유치원 때 잠깐 사물함 뒤쪽에 뭐 좀 넣고 문을 탁 닫으니까 한 남자애가 있는거야! 그리고 날 그윽하게 보더니 ”이것만은 잊지마” 라고 하고 볼에 뽀뽀해주고 갔어,2
나 유치원생 일 때 잠깐 사물함 뒤쪽에 뭐 좀 넣어놓고 문을 탁 닫으니까 한 남자애가 있는거야! 그리고 날 지켜보더니 ”이것만은 잊지마” 라고 하고 볼에 뽀뽀해주고 갔어,2
나 유치원 때 잠깐 서랍장 뒤쪽에 뭐 좀 넣어놓고 문을 탁 닫으니까 한 남자애가 있는거야! 그리고 날 그윽하게 보더니 ”이것만은 잊지마” 라고 하고 볼에 뽀뽀해주고 갔어,2
나 어린이집 다닐 때 잠깐 서랍 뒤쪽에 뭐 좀 넣고 문을 탁 닫으니까 한 남자애가 있는거야! 그리고 날 지켜보더니 ”이것만은 잊지마” 하고 볼에 뽀뽀해주고 갔어,2
나 유치원 때 잠깐 사물함 뒤쪽에 뭐 좀 넣어놓고 문을 탁 닫으니까 한 남자애가 있는거야! 그리고 날 그윽하게 보더니 ”이것만은 까먹지 마” 라고 하고 볼에 뽀뽀해주고 갔어,2
나 유치원 때 잠깐 사물함 뒤쪽에 뭐 좀 넣어놓고 문을 탁 닫으니까 한 남자애가 있는거야! 그리고 날 그윽하게 보더니 ”이거는 잊지마” 라고 하고 볼에 뽀뽀해주고 갔어,2
나 중학교 3학년 때 맨날 톡하고 전화하고 한창 꽁냥대던 썸남있었거든! 그러다가 비가 온 날이 있었는데 그때 내가 우산이 없어서 친구랑 비맞고 집으로 뛰어왔어. 그래서 얘랑 톡하다가 비맞았다고 얘기하니까 전화와서 엄청 걱정하는 말투로 비맞으면 안되는데.. 감기걸리면 어떡해 나 부르지ㅠㅠ 이러는거! 속으로는 부른다고 오겠어ㅋㅋ 이러고 있었지. 그리고 며칠 있다가 비가 또 왔거든? 학원이었는데 집이랑 걸어서 15분 정도 거리여서 어떡하나 고민하고 있었는데 학원끝나고 나오니까 걔가 우산들고 나 기다리고 있었다! 학원 끝나는 시간 어떻게 알았냐고 했더니 나랑 같은 수업듣는 애랑 되게 친해서 걔한테 언제 끝나나 물어봤대. 근데 킬포는 쌤이 그날 수업 더 오래하셔서 얘가 거의 30분씩 기다린거였단거..,2
나 중3때 맨날 톡하고 전화하고 한창 가까이 지내던 썸남있었거든! 그러다가 비가 온 날이 있었는데 그때 내가 우산이 없어서 친구랑 비맞고 집으로 뛰어왔어. 그래서 얘랑 톡하다가 비맞았다고 얘기하니까 전화와서 엄청 걱정하는 말투로 비맞으면 안되는데.. 감기걸리면 어떡해 나 부르지ㅠㅠ 이러는거! 속으로는 부른다고 오겠어ㅋㅋ 이러고 있었지. 그리고 며칠 있다가 비가 또 왔거든? 학원이었는데 집이랑 걸어서 15분 정도 거리여서 어떡하나 고민하고 있었는데 학원끝나고 나오니까 걔가 우산들고 나 기다리고 있었다! 학원 끝나는 시간 어떻게 알았냐고 했더니 나랑 같은 수업듣는 애랑 되게 친해서 걔한테 언제 끝나나 물어봤대. 근데 킬포는 쌤이 그날 수업 더 오래하셔서 얘가 거의 30분씩 기다린거였단거..,2
나 중3때 매일 톡하고 전화하고 한창 꽁냥대던 호감이 있는 남자애가 있었거든! 그러다가 비가 온 날이 있었는데 그때 내가 우산이 없어서 친구랑 비맞고 집으로 뛰어왔어. 그래서 얘랑 톡하다가 비맞았다고 얘기하니까 전화와서 엄청 걱정하는 말투로 비맞으면 안되는데.. 감기걸리면 어떡해 나 부르지ㅠㅠ 이러는거! 속으로는 부른다고 오겠어ㅋㅋ 이러고 있었지. 그리고 며칠 있다가 비가 또 왔거든? 학원이었는데 집이랑 걸어서 15분 정도 거리여서 어떡하나 고민하고 있었는데 학원끝나고 나오니까 걔가 우산들고 나 기다리고 있었다! 학원 끝나는 시간 어떻게 알았냐고 했더니 나랑 같은 수업듣는 애랑 되게 친해서 걔한테 언제 끝나나 물어봤대. 근데 킬포는 쌤이 그날 수업 더 오래하셔서 얘가 거의 30분씩 기다린거였단거..,2
나 중3때 맨날 톡하고 전화하고 한창 꽁냥대던 썸남있었거든! 그러다가 비가 온 날이 있었는데 그때 내가 우산을 안가져와서 친구랑 비맞고 집으로 뛰어왔어. 그래서 얘랑 톡하다가 비맞았다고 얘기하니까 전화와서 엄청 걱정하는 말투로 비맞으면 안되는데.. 감기걸리면 어떡해 나 부르지ㅠㅠ 이러는거! 속으로는 부른다고 오겠어ㅋㅋ 이러고 있었지. 그리고 며칠 있다가 비가 또 왔거든? 학원이었는데 집이랑 걸어서 15분 정도 거리여서 어떡하나 고민하고 있었는데 학원끝나고 나오니까 걔가 우산들고 나 기다리고 있었다! 학원 끝나는 시간 어떻게 알았냐고 했더니 나랑 같은 수업듣는 애랑 되게 친해서 걔한테 언제 끝나나 물어봤대. 근데 킬포는 쌤이 그날 수업 더 오래하셔서 얘가 거의 30분씩 기다린거였단거..,2
나 중3때 맨날 톡하고 전화하고 한창 꽁냥대던 썸남있었거든! 그러다가 비가 온 날이 있었는데 그때 내가 우산이 없어서 비맞고 집으로 뛰어왔어. 그래서 얘한테 톡하다가 비맞았다고 얘기하니까 전화와서 엄청 걱정하는 말투로 비맞으면 안되는데.. 감기걸리면 어떡해 나 부르지ㅠㅠ 이러는거! 속으로는 부른다고 오겠어ㅋㅋ 이러고 있었지. 그리고 며칠 있다가 비가 또 왔거든? 학원이었는데 집이랑 걸어서 15분 정도 거리여서 어떡하나 고민하고 있었는데 학원끝나고 나오니까 걔가 우산들고 나 기다리고 있었다! 학원 끝나는 시간 어떻게 알았냐고 했더니 나랑 같은 수업듣는 애랑 되게 친해서 걔한테 언제 끝나나 물어봤대. 근데 킬포는 쌤이 그날 수업 더 오래하셔서 얘가 거의 30분씩 기다린거였단거..,2
나 중3때 맨날 톡하고 전화하고 한창 꽁냥대던 썸남있었거든! 그러다가 비가 온 날이 있었는데 그때 내가 우산이 없어서 친구랑 비맞고 집으로 뛰어왔어. 그래서 얘랑 톡하다가 비맞았다고 얘기하니까 전화와서 엄청 걱정하면서 비맞으면 안되는데.. 감기걸리면 어떡해 나한테 연락하지ㅠㅠ 이러는거! 속으로는 부른다고 오겠어ㅋㅋ 이러고 있었지. 그리고 며칠 있다가 비가 또 왔거든? 학원이었는데 집이랑 걸어서 15분 정도 거리여서 어떡하나 고민하고 있었는데 학원끝나고 나오니까 걔가 우산들고 나 기다리고 있었다! 학원 끝나는 시간 어떻게 알았냐고 했더니 나랑 같은 수업듣는 애랑 되게 친해서 걔한테 언제 끝나나 물어봤대. 근데 킬포는 쌤이 그날 수업 더 오래하셔서 얘가 거의 30분씩 기다린거였단거..,2
나 중3때 맨날 톡하고 전화하고 한창 꽁냥대던 썸남있었거든! 그러다가 비가 온 날이 있었는데 그때 내가 우산이 없어서 친구랑 비맞고 집으로 뛰어왔어. 그래서 얘랑 톡하다가 비맞았다고 얘기하니까 전화와서 엄청 걱정하면서 비맞으면 안되는데.. 감기걸리면 어떡해 나 부르지ㅠㅠ 이러는거! 부른다고 올까라는 생각이 있었지. 그리고 며칠 있다가 비가 또 왔거든? 학원이었는데 집이랑 걸어서 15분 정도 거리여서 어떡하나 고민하고 있었는데 학원끝나고 나오니까 걔가 우산들고 나 기다리고 있었다! 학원 끝나는 시간 어떻게 알았냐고 했더니 나랑 같은 수업듣는 애랑 되게 친해서 걔한테 언제 끝나나 물어봤대. 근데 킬포는 쌤이 그날 수업 더 오래하셔서 얘가 거의 30분씩 기다린거였단거..,2
나 중3때 맨날 톡하고 전화하고 한창 꽁냥대던 썸남있었거든! 그러다가 비가 온 날이 있었는데 그때 내가 우산이 없어서 친구랑 비맞고 집으로 뛰어왔어. 그래서 얘랑 톡하다가 비맞았다고 얘기하니까 전화와서 엄청 걱정하면서 비맞으면 안되는데.. 감기걸리면 어떡해 나 부르지ㅠㅠ 이러는거! 속으로는 부른다고 오겠어ㅋㅋ 이러고 생각했지. 그리고 며칠 있다가 비가 또 왔거든? 학원이었는데 집이랑 걸어서 15분 정도 거리여서 어떡하나 고민하고 있었는데 학원끝나고 나오니까 걔가 우산들고 나 기다리고 있었다! 학원 끝나는 시간 어떻게 알았냐고 했더니 나랑 같은 수업듣는 애랑 되게 친해서 걔한테 언제 끝나나 물어봤대. 근데 킬포는 쌤이 그날 수업 더 오래하셔서 얘가 거의 30분씩 기다린거였단거..,2
나 중3때 맨날 톡하고 전화하고 한창 꽁냥대던 썸남있었거든! 그러다가 비가 온 날이 있었는데 그때 내가 우산이 없어서 친구랑 비맞고 집으로 뛰어왔어. 그래서 얘랑 톡하다가 비맞았다고 얘기하니까 전화와서 엄청 걱정하는 말투로 비맞으면 안되는데.. 감기걸리면 어떡해 나 부르지ㅠㅠ 이러는거! 속으로는 부른다고 오겠어ㅋㅋ 이러고 있었지. 그리고 며칠 있다가 비가 또 왔거든? 학원이었는데 집이랑 걸어서 15분 정도 거리여서 어떡하나 고민하고 있었는데 학원끝나고 나오니까 걔가 우산들고 나 기다리고 있었다! 학원 끝나는 시간 어떻게 알았냐고 했더니 내 친구한테 언제 끝나나 물어봤대. 근데 킬포는 쌤이 그날 수업 더 오래하셔서 얘가 거의 30분씩 기다린거였단거..,2
나 중3때 맨날 톡하고 전화하고 한창 꽁냥대던 썸남있었거든! 그러다가 비가 온 날이 있었는데 그때 내가 우산이 없어서 친구랑 비맞고 집으로 뛰어왔어. 그래서 얘랑 톡하다가 비맞았다고 얘기하니까 전화와서 엄청 걱정하는 말투로 비맞으면 안되는데.. 감기걸리면 어떡해 나 부르지ㅠㅠ 이러는거! 속으로는 부른다고 오겠어ㅋㅋ 이러고 있었지. 그리고 며칠 있다가 비가 또 왔거든? 학원이었는데 집이랑 걸어서 15분 정도 거리여서 어떡하나 고민하고 있었는데 학원끝나고 나오니까 걔가 우산들고 나 기다리고 있었다! 학원 끝나는 시간 어떻게 알았냐고 했더니 나랑 같은 수업듣는 애랑 되게 친해서 걔한테 언제 끝나나 물어봤대. 근데 결정적인 것은 쌤이 그날 수업 더 오래하셔서 얘가 거의 30분씩 기다린거였단거..,2
꽈배기 먹다가 설탕이 입에 묻었는데 그걸 맨손으로 털어주던 호감있던 남자에게 설랬었어요. 알고 보니 끼부리는 사람… 어장이었지만요ㅠㅠㅠㅠ,0
꽈배기 먹다가 설탕이 입에 묻었는데 그걸 맨손으로 털어주던 썸남에게 설랬었어요. 알아보니 끼부리는 사람… 어장이었지만요ㅠㅠㅠㅠ,0
간식 먹다가 설탕이 입에 묻었는데 그걸 맨손으로 털어주던 썸남에게 설랬었어요. 알고 보니 끼부리는 사람… 어장이었지만요ㅠㅠㅠㅠ,0
꽈배기 먹다가 소스가 입에 묻었는데 그걸 맨손으로 털어주던 썸남에게 설랬었어요. 알고 보니 끼부리는 사람… 어장이었지만요ㅠㅠㅠㅠ,0
꽈배기 먹다가 설탕이 입에 묻었는데 그걸 맨손으로 털어주던 썸남에게 설랬었어요. 알고 보니 가벼운 사람… 어장이었지만요ㅠㅠㅠㅠ,0
꽈배기 먹다가 설탕이 입에 묻었는데 그걸 맨손으로 털어주던 썸남에게 설랬었어요. 알고 보니 애교가 많은 사람… 어장이었지만요ㅠㅠㅠㅠ,0
꽈배기 먹다가 설탕이 입에 묻었는데 그걸 맨손으로 털어주던 썸남에게 설랬었어요. 알고 보니 끼가 다분한 사람… 어장이었지만요ㅠㅠㅠㅠ,0
꽈배기 먹다가 설탕이 입에 묻었는데 그걸 맨손으로 털어주던 썸남에게 설랬었어요. 알고 보니 끼부리는 사람… 어장의 물고기였지만요ㅠㅠㅠㅠ,0
꽈배기 먹다가 설탕이 입에 묻었는데 그걸 맨손으로 털어주던 썸남에게 설랬었어요. 알고 보니 끼부리는 사람… 어장이었어요,0
꽈배기 먹다가 설탕이 얼굴에 묻었는데 그걸 손으로 닦아주던 썸남에게 설랬었어요. 알고 보니 끼부리는 사람… 저 말고 다른 사람도 있었지만요..,0
"병원 입원했을 때 팔에 링거가 많이 꽂혀있어서 혼자서 머리를 묶을 수 없어 낑낑거리고 있었는데 그 때 남자 방사선사 선생님께서 쭈뼛거리며 다가오셔서 “묶어드릴까요?” 라고 조심스럽게 물어보시면서, 저보다 본인이 더 많이 수줍하시면서 제 머리카락을 어설프고 서툴지만 열심히 묶어주셨어요",0
"병원 입원했을 때 팔에 링거가 많이 꽂혀있어서 스스로 머리를 묶을 수 없어 힘들어하고 있었는데 그 때 남자 방사선사 선생님께서 쭈뼛거리며 다가오셔서 “묶어드릴까요?” 라고 조심스럽게 물어보시면서, 저보다 본인이 더 많이 수줍하시면서 제 머리카락을 어설프고 서툴지만 열심히 묶어주셨어요",0
"병원 입원했을 때 팔에 링거가 많이 꽂혀있어서 스스로 머리를 묶을 수 없어 낑낑거리고 있을 때 남자 선생님께서 쭈뼛거리며 다가오셔서 “묶어드릴까요?” 라고 조심스럽게 물어보시면서, 저보다 본인이 더 많이 수줍하시면서 제 머리카락을 어설프고 서툴지만 열심히 묶어주셨어요",0
"병원 입원했을 때 팔에 링거가 많이 꽂혀있어서 스스로 머리를 묶을 수 없어 낑깅거리고 있었는데 그 때 남자 방사선사 선생님께서 조심스럽게 다가오셔서 “묶어드릴까요?” 라고 조심스럽게 물어보시면서, 저보다 본인이 더 많이 수줍하시면서 제 머리카락을 어설프고 서툴지만 열심히 묶어주셨어요",0
"병원 입원했을 때 팔에 링거가 많이 꽂혀있어서 스스로 머리를 묶을 수 없어 낑깅거리고 있었는데 그 때 남자 방사선사 선생님께서 쭈뼛거리며 다가오셔서 “묶어드릴까요?” 라고 조심스럽게 물어보시면서, 저보다 당사자가 더 많이 수줍하시면서 제 머리카락을 어설프고 서툴지만 열심히 묶어주셨어요",0
"병원 입원했을 때 팔에 링거가 많이 꽂혀있어서 스스로 머리를 묶을 수 없어 낑깅거리고 있었는데 그 때 남자 방사선사 선생님께서 쭈뼛거리며 다가오셔서 “묶어드릴까요?” 라고 조심스럽게 물어보시면서, 저보다 본인이 더 많이 수줍하시면서 제 머리를 어설프고 서툴지만 열심히 묶어주셨어요",0
"병원 입원했을 때 팔에 링거가 많이 꽂혀있어서 스스로 머리를 묶을 수 없어 낑깅거리고 있었는데 그 때 남자 방사선사 선생님께서 쭈뼛거리며 다가오셔서 “묶어드릴까요?” 라고 조심스럽게 물어보시면서, 저보다 본인이 더 많이 수줍하시면서 제 머리카락을 미숙하고 서툴지만 열심히 묶어주셨어요",0
"병원 입원했을 때 팔에 링거가 많이 꽂혀있어서 스스로 머리를 묶을 수 없어 낑깅거리고 있었는데 그 때 남자 방사선사 선생님께서 쭈뼛거리며 다가오셔서 “묶어드릴까요?” 라고 조심스럽게 물어보시면서, 저보다 본인이 더 많이 수줍하시면서 제 머리카락을 어색하고 서툴지만 열심히 묶어주셨어요",0
"남친이 대학 선배였는데.. 나 엄청 도와주고 젤리 같은 거 주면서 호감 표시하다가, 어쩌다가 다쳐서.. 내가 너무 미안해서 밴드랑 약 사서 발라줬었다. 그리고 나중에 오빠가 전시회 티켓 주면서 같이 가자고.. 그때 썸인데 막 손 잡고.. 캐리커쳐 그리는 거 받고.. 돌아오는 길에 놀이터에서 얘기하다가 고백 받았다.",2
"남친이 과선배였는데.. 나 엄청 도와주고 젤리 같은 거 주면서 관심 표시하다가, 어쩌다가 다쳐서.. 내가 너무 미안해서 밴드랑 약 사서 발라줬었다. 그리고 나중에 오빠가 전시회 티켓 주면서 같이 가자고.. 그때 썸인데 막 손 잡고.. 캐리커쳐 그리는 거 받고.. 돌아오는 길에 놀이터에서 얘기하다가 고백 받았다.",2
"남친이 과선배였는데.. 나 엄청 도와주고 젤리 같은 거 주면서 호감 표시하다가, 남친이 어쩌다가 다쳐서.. 내가 너무 미안해서 밴드랑 약 사서 발라줬었다. 그리고 나중에 오빠가 전시회 티켓 주면서 같이 가자고.. 그때 썸인데 막 손 잡고.. 캐리커쳐 그리는 거 받고.. 돌아오는 길에 놀이터에서 얘기하다가 고백 받았다.",2
"남친이 과선배였는데.. 나 엄청 도와주고 젤리 같은 거 주면서 호감 표시하다가, 어쩌다가 오빠가 다쳐서.. 내가 너무 미안해서 밴드랑 약 사서 발라줬었다. 그리고 나중에 오빠가 전시회 티켓 주면서 같이 가자고.. 그때 썸인데 막 손 잡고.. 캐리커쳐 그리는 거 받고.. 돌아오는 길에 놀이터에서 얘기하다가 고백 받았다.",2
"남친이 과선배였는데.. 나 엄청 도와주고 젤리 같은 거 주면서 호감 표시하다가, 어쩌다가 다쳐서.. 내가 너무 미안해서 밴드랑 약 사서 발라줬었다. 그리고 나중에 오빠가 전시회 같이 가자고.. 그때 썸인데 막 손 잡고.. 캐리커쳐 그리는 거 받고.. 돌아오는 길에 놀이터에서 얘기하다가 고백 받았다.",2
"남친이 과선배였는데.. 나 엄청 도와주고 젤리 같은 거 주면서 호감 표시하다가, 어쩌다가 다쳐서.. 내가 너무 미안해서 밴드랑 약 사서 발라줬었다. 그리고 나중에 오빠가 전시회 티켓 주면서 같이 가자고.. 그때 썸 기간인데 막 손 잡고.. 캐리커쳐 그리는 거 받고.. 돌아오는 길에 놀이터에서 얘기하다가 고백 받았다.",2
"남친이 과선배였는데.. 나 엄청 도와주고 젤리 같은 거 주면서 호감 표시하다가, 어쩌다가 다쳐서.. 내가 너무 미안해서 밴드랑 약 사서 발라줬었다. 그리고 나중에 오빠가 전시회 티켓 주면서 같이 가자고.. 그때 썸인데 막 손 잡고.. 그림 그리는 거 받고.. 돌아오는 길에 놀이터에서 얘기하다가 고백 받았다.",2
"남친이 과선배였는데.. 나 엄청 도와주고 젤리 같은 거 주면서 호감 표시하다가, 어쩌다가 다쳐서.. 내가 너무 미안해서 밴드랑 약 사서 발라줬었다. 그리고 나중에 오빠가 전시회 티켓 주면서 같이 가자고.. 그때 썸인데 막 손 잡고.. 돌아오는 길에 놀이터에서 얘기하다가 고백 받았다.",2
"남친이 과선배였는데.. 나 엄청 도와주고 젤리 같은 거 주면서 호감 표시하다가, 어쩌다가 다쳐서.. 내가 너무 미안해서 밴드랑 약 사서 발라줬었다. 그리고 나중에 오빠가 전시회 티켓 주면서 같이 가자고.. 그때 썸인데 막 손 잡고.. 캐리커쳐 그리는 거 받고.. 집으로 돌아오는 길에 놀이터에서 얘기하다가 고백 받았다.",2
"남친이 과선배였는데.. 나 엄청 도와주고 젤리 같은 거 주면서 호감 표시하다가, 어쩌다가 다쳐서.. 내가 너무 미안해서 밴드랑 약 사서 발라줬었다. 그리고 나중에 오빠가 전시회 티켓 주면서 같이 가자고.. 그때 썸인데 손 잡고.. 캐리커쳐 그리는 거 받고.. 돌아오는 길에 놀이터에서 고백 받았다.",2
"단골 카페에 젊은 사장님이 있었어요. 프레즐이나 브레드 서비스로 줄 때는 단골한테 엄청 후하다 했었는데, 야작하다가 추한 몰골로 가도 “쌩얼이 더 예쁘시네요” 하고 말걸고 계속 알아봐주고. 그러다가 사장님이 작은 상자 내밀면서 가게 이벤트가 있는데 여기에 번호 적어서 넣으면 당첨이 된다는 거에요. 제가 저 안해도 된다고 했더니 엄청 당황하면서 “어.. 해야되는데.. 이거 사실 손님한테만 하는 이벤트에요. 100프로 당첨인데.. 아 그냥 멋있게 번호 물어볼걸..”",2
"자주 가는 단골 카페에 젊은 사장님이 있었어요. 빵이나 간식 서비스로 줄 때는 단골한테 엄청 후하다 했었는데, 야작하다가 추한 몰골로 가도 “쌩얼이 더 예쁘시네요” 하고 말걸고 계속 알아봐주고. 그러다가 사장님이 작은 상자 내밀면서 가게 이벤트가 있는데 여기에 번호 적어서 넣으면 당첨이 된다는 거에요. 제가 저 안해도 된다고 했더니 엄청 당황하면서 “어.. 해야되는데.. 이거 사실 손님한테만 하는 이벤트에요. 100프로 당첨인데.. 아 그냥 멋있게 번호 물어볼걸..”",2
"자주 가는 단골 카페에 젊은 사장님이 있었어요. 프레즐이나 브레드 서비스로 줄 때는 손님한테 엄청 후하다 했었는데, 야작하다가 추한 몰골로 가도 “쌩얼이 더 예쁘시네요” 하고 말걸고 계속 알아봐주고. 그러다가 사장님이 작은 상자 내밀면서 가게 이벤트가 있는데 여기에 번호 적어서 넣으면 당첨이 된다는 거에요. 제가 저 안해도 된다고 했더니 엄청 당황하면서 “어.. 해야되는데.. 이거 사실 손님한테만 하는 이벤트에요. 100프로 당첨인데.. 아 그냥 멋있게 번호 물어볼걸..”",2
"자주 가는 단골 카페에 젊은 사장님이 있었어요. 프레즐이나 브레드 서비스로 줄 때는 단골한테 엄청 후하다 했었는데, 야간작업 하다가 추한 몰골로 가도 “쌩얼이 더 예쁘시네요” 하고 말걸고 계속 알아봐주고. 그러다가 사장님이 작은 상자 내밀면서 가게 이벤트가 있는데 여기에 번호 적어서 넣으면 당첨이 된다는 거에요. 제가 저 안해도 된다고 했더니 엄청 당황하면서 “어.. 해야되는데.. 이거 사실 손님한테만 하는 이벤트에요. 100프로 당첨인데.. 아 그냥 멋있게 번호 물어볼걸..”",2
"자주 가는 단골 카페에 젊은 사장님이 있었어요. 프레즐이나 브레드 서비스로 줄 때는 단골한테 엄청 후하다 했었는데, 늦게까지 일하다가 추한 몰골로 가도 “쌩얼이 더 예쁘시네요” 하고 말걸고 계속 알아봐주고. 그러다가 사장님이 작은 상자 내밀면서 가게 이벤트가 있는데 여기에 번호 적어서 넣으면 당첨이 된다는 거에요. 제가 저 안해도 된다고 했더니 엄청 당황하면서 “어.. 해야되는데.. 이거 사실 손님한테만 하는 이벤트에요. 100프로 당첨인데.. 아 그냥 멋있게 번호 물어볼걸..”",2
"자주 가는 단골 카페에 젊은 사장님이 있었어요. 프레즐이나 브레드 서비스로 줄 때는 단골한테 엄청 후하다 했었는데, 야작하다가 추한 몰골로 가도 “맨 얼굴이 더 예쁘시네요” 하고 말걸고 계속 알아봐주고. 그러다가 사장님이 작은 상자 내밀면서 가게 이벤트가 있는데 여기에 번호 적어서 넣으면 당첨이 된다는 거에요. 제가 저 안해도 된다고 했더니 엄청 당황하면서 “어.. 해야되는데.. 이거 사실 손님한테만 하는 이벤트에요. 100프로 당첨인데.. 아 그냥 멋있게 번호 물어볼걸..”",2
"자주 가는 단골 카페에 젊은 사장님이 있었어요. 프레즐이나 브레드 서비스로 줄 때는 단골한테 엄청 후하다 했었는데, 야작하다가 추한 몰골로 가도 “쌩얼이 더 예쁘시네요” 하고 말걸고 계속 알아봐주고. 그러다가 사장님이 작은 상자 내밀면서 가게 행사가 있는데 여기에 번호 적어서 넣으면 당첨이 된다는 거에요. 제가 저 안해도 된다고 했더니 엄청 당황하면서 “어.. 해야되는데.. 이거 사실 손님한테만 하는 이벤트에요. 100프로 당첨인데.. 아 그냥 멋있게 번호 물어볼걸..”",2
"자주 가는 단골 카페에 젊은 사장님이 있었어요. 프레즐이나 브레드 서비스로 줄 때는 단골한테 엄청 후하다 했었는데, 야작하다가 추한 몰골로 가도 “쌩얼이 더 예쁘시네요” 하고 말걸고 계속 알아봐주고. 그러다가 사장님이 작은 상자 내밀면서 가게 이벤트가 있는데 여기에 번호 적어서 넣으면 당첨이 된다는 거에요. 저 안해도 된다고 말했더니 엄청 당황하면서 “어.. 해야되는데.. 이거 사실 손님한테만 하는 이벤트에요. 100프로 당첨인데.. 아 그냥 멋있게 번호 물어볼걸..”",2
"자주 가는 단골 카페에 젊은 사장님이 있었어요. 프레즐이나 브레드 서비스로 줄 때는 단골한테 엄청 후하다 했었는데, 야작하다가 추한 몰골로 가도 “쌩얼이 더 예쁘시네요” 하고 말걸고 계속 알아봐주고. 그러다가 사장님이 작은 상자 내밀면서 가게 이벤트가 있는데 여기에 번호 적어서 넣으면 당첨이 된다는 거에요. 제가 저 안해도 된다고 했더니 엄청 당황하면서 “어.. 해야되는데.. 이거 사실 손님을 위한 이벤트에요. 100프로 당첨인데.. 아 그냥 멋있게 번호 물어볼걸..”",2
"자주 가는 단골 카페에 젊은 사장님이 있었어요. 프레즐이나 브레드 서비스로 줄 때는 단골한테 엄청 후하다 했었는데, 야작하다가 추한 몰골로 가도 “쌩얼이 더 예쁘시네요” 하고 말걸고 계속 알아봐주고. 그러다가 사장님이 작은 상자 내밀면서 가게 이벤트가 있는데 여기에 번호 적어서 넣으면 당첨이 된다는 거에요. 제가 저 안해도 된다고 했더니 엄청 당황하면서 “어.. 해야되는데.. 이거 사실 손님한테만 하는 이벤트에요. 무조건 당첨인데.. 아 그냥 멋있게 번호 물어볼걸..”",2
밤 늦게까지 술마시고 집을 가야하는 상황이였는데 한푼도 없었대요. 그래도 일단 집에 가야해서 대책없이 택시를 탔대요. 같은 방향가는 모르는 남자랑 합승해서요. 엄마가 먼저 내려야하는데 돈이 없어서 택시 아저씨한테 돈 가져올 때까지만 기다려달라고 하는데 합승했던 남자가 돈 내가 대신 내줄테니까 전화번호를 달라고 했대요.,2
밤 늦게까지 술마시고 집을 가야하는 상황이였는데 돈이 하나도 없었대요. 그래도 일단 택시를 탔대요. 같은 방향가는 모르는 남자랑 합승해서요. 엄마가 먼저 내려야하는데 돈이 없어서 택시 아저씨한테 돈 가져올 때까지만 기다려달라고 하는데 합승했던 남자가 돈 내가 대신 내줄테니까 전화번호를 달라고 했대요.,2
밤 늦게까지 술마시고 집을 가야하는 상황이였는데 돈이 하나도 없었대요. 그래도 일단 집에 가야해서 대책없이 택시를 탔대요. 모르는 남자랑 합승해서요. 엄마가 먼저 내려야하는데 돈이 없어서 택시 아저씨한테 돈 가져올 때까지만 기다려달라고 하는데 합승했던 남자가 돈 내가 대신 내줄테니까 전화번호를 달라고 했대요.,2
밤 늦게까지 술마시고 집을 가야하는 상황이였는데 돈이 하나도 없었대요. 그래도 일단 집에 가야해서 대책없이 택시를 탔대요. 같은 방향가는 모르는 남자랑 합승해서요. 엄마가 먼저 내리는데 돈이 없어서 택시 아저씨한테 돈 가져올 때까지만 기다려달라고 하는데 합승했던 남자가 돈 내가 대신 내줄테니까 전화번호를 달라고 했대요.,2
밤 늦게까지 술마시고 집을 가야하는 상황이였는데 돈이 하나도 없었대요. 그래도 일단 집에 가야해서 대책없이 택시를 탔대요. 같은 방향가는 모르는 남자랑 합승해서요. 엄마가 먼저 내려야하는데 돈이 없어서 기사님께 기다려달라고 하는데 합승했던 남자가 돈 내가 대신 내줄테니까 전화번호를 달라고 했대요.,2
밤 늦게까지 술마시고 집을 가야하는 상황이였는데 돈이 하나도 없었대요. 그래도 일단 집에 가야해서 대책없이 택시를 탔대요. 같은 방향가는 모르는 남자랑 합승해서요. 엄마가 먼저 내려야하는데 돈이 없어서 택시 아저씨한테 돈 가져올 때까지만 기다려달라고 하는데 합승했던 남자가 자기가 대신 내줄테니까 전화번호를 달라고 했대요.,2
밤 늦게까지 술마시고 집을 가야하는 상황이였는데 돈이 하나도 없었대요. 그래도 일단 집에 가야해서 대책없이 택시를 탔대요. 같은 방향가는 모르는 남자랑 합승해서요. 엄마가 먼저 내려야하는데 돈이 없어서 택시 아저씨한테 돈 가져올 때까지만 기다려달라고 하는데 합승했던 남자가 돈 내가 대신 택시비를 내줄테니까 전화번호를 달라고 했대요.,2
밤 늦게까지 술마시고 집을 가야하는 상황이였는데 돈이 하나도 없었대요. 그래도 일단 집에 가야해서 대책없이 택시를 탔대요. 같은 방향가는 모르는 남자랑 합승해서요. 엄마가 먼저 내려야하는데 돈이 없어서 택시 아저씨한테 돈 가져올 때까지만 기다려달라고 하는데 합승했던 남자가 돈 내가 대신 내줄테니까 전화번호를 달라고 얘기했대요.,2
밤 늦게까지 술마시고 집을 가야하는 상황이였는데 돈이 하나도 없었대요. 그래도 일단 집에 가야해서 같은 방향으로 가는 모르는 남자랑 합승으로 택시를 탔대요. 엄마가 먼저 내려야하는데 돈이 없어서 택시 아저씨한테 돈 가져올 때까지만 기다려달라고 하는데 합승했던 남자가 돈 내가 대신 내줄테니까 전화번호를 달라고 했대요.,2
밤 늦게까지 술마시고 집을 가야하는 상황이였는데 돈이 하나도 없었대요. 그래도 일단 집에 가야해서 대책없이 택시를 탔대요. 같은 방향가는 모르는 남자랑 합승해서요. 여자가 먼저 내려야하는데 돈이 없어서 택시 아저씨한테 돈 가져올 때까지만 기다려달라고 하는데 합승했던 남자가 돈 내가 대신 내줄테니까 전화번호를 달라고 했대요.,2
동갑내기같은 남자가 자꾸 눈을 마주치더니 도서 대출 카드 신청을 하겠다고 하더라구요. 생년월일칸에 010을 쓰더라구요. 제가 보다 못해 휴대전화를 내밀었습니다. 그러자 쭈뼛쭈뼛 연락처를 남기고 사라졌습니다.,0
제 또래로 보이는 남자가 자꾸 저를 보더니 도서 대출 카드 신청을 하겠다고 하더라구요. 생년월일칸에 010을 쓰더라구요. 제가 보다 못해 휴대전화를 내밀었습니다. 그러자 쭈뼛쭈뼛 연락처를 남기고 사라졌습니다.,0
제 또래로 보이는 남자가 자꾸 눈을 마주치더니 대출 카드 신청을 하겠다고 하더라구요. 생년월일칸에 010을 쓰더라구요. 제가 보다 못해 휴대전화를 내밀었습니다. 그러자 쭈뼛쭈뼛 연락처를 남기고 사라졌습니다.,0
제 또래로 보이는 남자가 자꾸 눈을 마주치더니 도서 대출 카드 신청을 하겠다고 하더라구요. 대출 용지에 010을 쓰더라구요. 제가 보다 못해 휴대전화를 내밀었습니다. 그러자 쭈뼛쭈뼛 연락처를 남기고 사라졌습니다.,0
제 또래로 보이는 남자가 자꾸 눈을 마주치더니 도서 대출 카드 신청을 하겠다고 하더라구요. 생년월일칸에 전화번호를 쓰기 시작하더라구요. 제가 보다 못해 휴대전화를 내밀었습니다. 그러자 쭈뼛쭈뼛 연락처를 남기고 사라졌습니다.,0
제 또래로 보이는 남자가 자꾸 눈을 마주치더니 도서 대출 카드 신청을 하겠다고 하더라구요. 생년월일칸에 010을 쓰더라구요. 제가 결국 휴대전화를 내밀었습니다. 그러자 쭈뼛쭈뼛 연락처를 남기고 사라졌습니다.,0
제 또래로 보이는 남자가 자꾸 눈을 마주치더니 도서 대출 카드 신청을 하겠다고 하더라구요. 생년월일칸에 010을 쓰더라구요. 제가 보다 못해 휴대전화를 줬습니다. 그러자 쭈뼛쭈뼛 연락처를 남기고 사라졌습니다.,0
제 또래로 보이는 남자가 자꾸 눈을 마주치더니 도서 대출 카드 신청을 하겠다고 하더라구요. 생년월일칸에 010을 쓰더라구요. 제가 보다 못해 휴대전화를 내밀었습니다. 그러자 부끄러워하며 전화번호를 남기고 사라졌습니다.,0
제 또래로 보이는 남자가 자꾸 눈을 마주치더니 도서 대출 카드 신청을 하겠다고 하더라구요. 생년월일칸에 010을 쓰더라구요. 제가 보다 못해 휴대전화를 내밀었습니다. 그러자 쭈뼛쭈뼛 연락처를 남기고 갔습니다.,0
"재수학원에서 만난 여성 친구와 친해져서 학원에서는 베프처럼 지냈다. 그러나 이 친구에 대한 감정은 나중에 알게 되었고, 수능이 끝나고 고백을 시도했으나 거절당했다. 이후에도 친구로서 지내다가 각자 다른 길을 가게 되었지만, SNS에서 여전히 친한 척하면서 헷갈리게 하였다.",0
"재수학원에서 만난 여자애와 친해져서 학원에서는 베프처럼 지냈다. 그러나 이 친구에 대한 감정은 나중에 알게 되었고, 수능이 끝나고 고백을 시도했으나 거절당했다. 이후에도 친구로서 지내다가 각자 다른 길을 가게 되었지만, SNS에서 여전히 친한 척하면서 헷갈리게 하였다.",0
"재수학원에서 만난 여성 친구와 친해져서 학원에서는 가장 친하게 지냈다. 그러나 이 친구에 대한 감정은 나중에 알게 되었고, 수능이 끝나고 고백을 시도했으나 거절당했다. 이후에도 친구로서 지내다가 각자 다른 길을 가게 되었지만, SNS에서 여전히 친한 척하면서 헷갈리게 하였다.",0
"재수학원에서 만난 여성 친구와 친해져서 학원에서는 베프처럼 지냈다. 점차 이 친구에 대한 감정을 알게 되었고, 수능이 끝나고 고백을 시도했으나 거절당했다. 이후에도 친구로서 지내다가 각자 다른 길을 가게 되었지만, SNS에서 여전히 친한 척하면서 헷갈리게 하였다.",0
"재수학원에서 만난 여성 친구와 친해져서 학원에서는 베프처럼 지냈다. 그러나 이 친구에 대한 감정은 나중에 깨닫게 되었고, 수능이 끝나고 고백을 시도했으나 거절당했다. 이후에도 친구로서 지내다가 각자 다른 길을 가게 되었지만, SNS에서 여전히 친한 척하면서 헷갈리게 하였다.",0
"재수학원에서 만난 여성 친구와 친해져서 학원에서는 베프처럼 지냈다. 그러나 이 친구에 대한 감정은 나중에 알게 되었고, 수능이 끝나고 고백을 했는데 거절당했다. 이후에도 친구로서 지내다가 각자 다른 길을 가게 되었지만, SNS에서 여전히 친한 척하면서 헷갈리게 하였다.",0
"재수학원에서 만난 여성 친구와 친해져서 학원에서는 베프처럼 지냈다. 그러나 이 친구에 대한 감정은 나중에 알게 되었고, 수능이 끝나고 고백을 시도했으나 ""친구로서 감정이 크다""는 이유로 거절당했다. 이후에도 친구로서 지내다가 각자 다른 길을 가게 되었지만, SNS에서 여전히 친한 척하면서 헷갈리게 하였다.",0
"재수학원에서 만난 여성 친구와 친해져서 학원에서는 베프처럼 지냈다. 그러나 이 친구에 대한 감정은 나중에 알게 되었고, 수능이 끝나고 고백을 시도했으나 거절당했다. 이후에도 평소처럼 친구로서 지내다가 각자 다른 길을 가게 되었지만, SNS에서 여전히 친한 척하면서 헷갈리게 하였다.",0
"재수학원에서 만난 여성 친구와 친해져서 학원에서는 베프처럼 지냈다. 그러나 이 친구에 대한 감정은 나중에 알게 되었고, 수능이 끝나고 고백을 시도했으나 거절당했다. 이후에도 친구로서 지내다가 연락은 뜸해졌지만, SNS에서 여전히 친한 척하면서 헷갈리게 하였다.",0
"재수학원에서 만난 여성 친구와 친해져서 학원에서는 베프처럼 지냈다. 그러나 이 친구에 대한 감정은 나중에 알게 되었고, 수능이 끝나고 고백을 시도했으나 거절당했다. 이후에도 친구로서 지내다가 각자 다른 길을 가게 되었지만, SNS에서 여전히 글을 쓰고 친한 척하면서 날 헷갈리게 하였다.",0
"중학교 때, 아침에 일찍 등교해서 빈 교실에 아무도 없는 시간을 즐겨왔다. 고1 첫날, 일찍 가다보니 양아치 같은 한 학생과 마주쳤다. 첫 날이고 반대편에 있어서 말 안 걸겠다고 생각했지만, 이 학생은 성격이 좋아서 자꾸 말을 걸었다. 걔는 학교에서 자려고 빨리 오는 애였는데 맨날 아침마다 얘기하니까 좋아지더라. 근데 몇주 후에 내가 나랑 얘기한다고 못자면 피곤한거 아니냐고 물어봤더니 나랑 얘기하기 싫은거냐니까 알겠다면서 그 다음부터는 자고 있음.. 깨우지 못하고 옆에서 빙빙거리니까 걔가 빨리 사과하래서 바로 사과하고 다시 쭉 아침마다 얘기함. 학교에서는 늘 자고 양아치같은 애들이랑 노니까 평소에는 아는척 잘 안했는데, 꼭 눈마주치면 아는척 해주던게 참 좋았었는데.. 반 나눠진 후 복도에서 간간히 인사하다가 졸업식때 이후로는 연락하지 않았다.",0
"중학교 때, 아침에 일찍 등교해서 빈 교실에서 자기만의 시간을 즐겨왔다. 고1 첫날, 일찍 가다보니 질이 좋아보이지 않은 한 학생과 마주쳤다. 첫 날이고 반대편에 있어서 말 안 걸겠다고 생각했지만, 이 학생은 성격이 좋아서 자꾸 말을 걸었다. 걔는 학교에서 자려고 빨리 오는 애였는데 맨날 아침마다 얘기하니까 좋아지더라. 근데 몇주 후에 내가 나랑 얘기한다고 못자면 피곤한거 아니냐고 물어봤더니 나랑 얘기하기 싫은거냐니까 알겠다면서 그 다음부터는 자고 있음.. 깨우지 못하고 옆에서 빙빙거리니까 걔가 빨리 사과하래서 바로 사과하고 다시 쭉 아침마다 얘기함. 학교에서는 늘 자고 양아치같은 애들이랑 노니까 평소에는 아는척 잘 안했는데, 꼭 눈마주치면 아는척 해주던게 참 좋았었는데.. 반 나눠진 후 복도에서 간간히 인사하다가 졸업식때 이후로는 연락하지 않았다.",0
"중학교 때, 아침에 일찍 등교해서 빈 교실에서 자기만의 시간을 즐겨왔다. 고1 첫날, 일찍 가다보니 양아치 같은 한 학생과 마주쳤다. 첫 날이고 반대편에 있어서 아는 척 안하겠다 생각했지만, 이 학생은 성격이 좋아서 자꾸 말을 걸었다. 걔는 학교에서 자려고 빨리 오는 애였는데 맨날 아침마다 얘기하니까 좋아지더라. 근데 몇주 후에 내가 나랑 얘기한다고 못자면 피곤한거 아니냐고 물어봤더니 나랑 얘기하기 싫은거냐니까 알겠다면서 그 다음부터는 자고 있음.. 깨우지 못하고 옆에서 빙빙거리니까 걔가 빨리 사과하래서 바로 사과하고 다시 쭉 아침마다 얘기함. 학교에서는 늘 자고 양아치같은 애들이랑 노니까 평소에는 아는척 잘 안했는데, 꼭 눈마주치면 아는척 해주던게 참 좋았었는데.. 반 나눠진 후 복도에서 간간히 인사하다가 졸업식때 이후로는 연락하지 않았다.",0
"중학교 때, 아침에 일찍 등교해서 빈 교실에서 자기만의 시간을 즐겨왔다. 고1 첫날, 일찍 가다보니 양아치 같은 한 학생과 마주쳤다. 첫 날이고 반대편에 있어서 말 안 걸겠다고 생각했지만, 이 학생은 성격이 좋아서 자꾸 말을 걸었다. 걔는 학교에 일찍 와서 자려고 한건데 맨날 아침마다 나와 얘기하니까 좋아지더라. 근데 몇주 후에 내가 나랑 얘기한다고 못자면 피곤한거 아니냐고 물어봤더니 나랑 얘기하기 싫은거냐니까 알겠다면서 그 다음부터는 자고 있음.. 깨우지 못하고 옆에서 빙빙거리니까 걔가 빨리 사과하래서 바로 사과하고 다시 쭉 아침마다 얘기함. 학교에서는 늘 자고 양아치같은 애들이랑 노니까 평소에는 아는척 잘 안했는데, 꼭 눈마주치면 아는척 해주던게 참 좋았었는데.. 반 나눠진 후 복도에서 간간히 인사하다가 졸업식때 이후로는 연락하지 않았다.",0
"중학교 때, 아침에 일찍 등교해서 빈 교실에서 자기만의 시간을 즐겨왔다. 고1 첫날, 일찍 가다보니 양아치 같은 한 학생과 마주쳤다. 첫 날이고 반대편에 있어서 말 안 걸겠다고 생각했지만, 이 학생은 성격이 좋아서 자꾸 말을 걸었다. 걔는 학교에서 자려고 빨리 오는 애였는데 맨날 아침마다 얘기하니까 관심사도 같고 좋아지더라. 근데 몇주 후에 내가 나랑 얘기한다고 못자면 피곤한거 아니냐고 물어봤더니 나랑 얘기하기 싫은거냐니까 알겠다면서 그 다음부터는 자고 있음.. 깨우지 못하고 옆에서 빙빙거리니까 걔가 빨리 사과하래서 바로 사과하고 다시 쭉 아침마다 얘기함. 학교에서는 늘 자고 양아치같은 애들이랑 노니까 평소에는 아는척 잘 안했는데, 꼭 눈마주치면 아는척 해주던게 참 좋았었는데.. 반 나눠진 후 복도에서 간간히 인사하다가 졸업식때 이후로는 연락하지 않았다.",0
"중학교 때, 아침에 일찍 등교해서 빈 교실에서 자기만의 시간을 즐겨왔다. 고1 첫날, 일찍 가다보니 양아치 같은 한 학생과 마주쳤다. 첫 날이고 반대편에 있어서 말 안 걸겠다고 생각했지만, 이 학생은 성격이 좋아서 자꾸 말을 걸었다. 걔는 학교에서 자려고 빨리 오는 애였는데 맨날 아침마다 얘기하니까 좋아지더라. 근데 몇주 후에 나랑 얘기하다가 못자서 피곤하면 어쩌냐고 물어봤더니 나랑 얘기하기 싫은거냐니까 알겠다면서 그 다음부터는 자고 있음.. 깨우지 못하고 옆에서 빙빙거리니까 걔가 빨리 사과하래서 바로 사과하고 다시 쭉 아침마다 얘기함. 학교에서는 늘 자고 양아치같은 애들이랑 노니까 평소에는 아는척 잘 안했는데, 꼭 눈마주치면 아는척 해주던게 참 좋았었는데.. 반 나눠진 후 복도에서 간간히 인사하다가 졸업식때 이후로는 연락하지 않았다.",0
"중학교 때, 아침에 일찍 등교해서 빈 교실에서 자기만의 시간을 즐겨왔다. 고1 첫날, 일찍 가다보니 양아치 같은 한 학생과 마주쳤다. 첫 날이고 반대편에 있어서 말 안 걸겠다고 생각했지만, 이 학생은 성격이 좋아서 자꾸 말을 걸었다. 걔는 학교에서 자려고 빨리 오는 애였는데 맨날 아침마다 얘기하니까 좋아지더라. 근데 몇주 후에 내가 나랑 얘기한다고 못자면 피곤한거 아니냐고 물어봤더니 자신과 얘기하기 싫은거냐니까 알겠다면서 그 다음부터는 아는척을 안했음.. 깨우지 못하고 옆에서 빙빙거리니까 걔가 빨리 사과하래서 바로 사과하고 다시 쭉 아침마다 얘기함. 학교에서는 늘 자고 양아치같은 애들이랑 노니까 평소에는 아는척 잘 안했는데, 꼭 눈마주치면 아는척 해주던게 참 좋았었는데.. 반 나눠진 후 복도에서 간간히 인사하다가 졸업식때 이후로는 연락하지 않았다.",0
"중학교 때, 아침에 일찍 등교해서 빈 교실에서 자기만의 시간을 즐겨왔다. 고1 첫날, 일찍 가다보니 양아치 같은 한 학생과 마주쳤다. 첫 날이고 반대편에 있어서 말 안 걸겠다고 생각했지만, 이 학생은 성격이 좋아서 자꾸 말을 걸었다. 걔는 학교에서 자려고 빨리 오는 애였는데 맨날 아침마다 얘기하니까 좋아지더라. 근데 몇주 후에 내가 나랑 얘기한다고 못자면 피곤한거 아니냐고 물어봤더니 나랑 얘기하기 싫은거냐니까 알겠다면서 그 다음부터는 자고 있음.. 깨우지 못하고 옆에서 안절부절 못하니까 걔가 빨리 사과하래서 바로 사과하고 다시 쭉 아침마다 얘기함. 학교에서는 늘 자고 양아치같은 애들이랑 노니까 평소에는 아는척 잘 안했는데, 꼭 눈마주치면 아는척 해주던게 참 좋았었는데.. 반 나눠진 후 복도에서 간간히 인사하다가 졸업식때 이후로는 연락하지 않았다.",0
"중학교 때, 아침에 일찍 등교해서 빈 교실에서 자기만의 시간을 즐겨왔다. 고1 첫날, 일찍 가다보니 양아치 같은 한 학생과 마주쳤다. 첫 날이고 반대편에 있어서 말 안 걸겠다고 생각했지만, 이 학생은 성격이 좋아서 자꾸 말을 걸었다. 걔는 학교에서 자려고 빨리 오는 애였는데 맨날 아침마다 얘기하니까 좋아지더라. 근데 몇주 후에 내가 나랑 얘기한다고 못자면 피곤한거 아니냐고 물어봤더니 나랑 얘기하기 싫은거냐니까 알겠다면서 그 다음부터는 자고 있음.. 깨우지 못하고 옆에서 빙빙거리니까 걔가 빨리 사과하래서 바로 사과하고 다시 쭉 아침마다 얘기함. 학교에서는 주변에 친구들이 있어서 아는척 잘 안했는데, 꼭 눈마주치면 아는척 해주던게 참 좋았었는데.. 반 나눠진 후 복도에서 간간히 인사하다가 졸업식때 이후로는 연락하지 않았다.",0
"중학교 때, 아침에 일찍 등교해서 빈 교실에서 자기만의 시간을 즐겨왔다. 고1 첫날, 일찍 가다보니 양아치 같은 한 학생과 마주쳤다. 첫 날이고 반대편에 있어서 말 안 걸겠다고 생각했지만, 이 학생은 성격이 좋아서 자꾸 말을 걸었다. 걔는 학교에서 자려고 빨리 오는 애였는데 맨날 아침마다 얘기하니까 좋아지더라. 근데 몇주 후에 내가 나랑 얘기한다고 못자면 피곤한거 아니냐고 물어봤더니 나랑 얘기하기 싫은거냐니까 알겠다면서 그 다음부터는 자고 있음.. 깨우지 못하고 옆에서 빙빙거리니까 걔가 빨리 사과하래서 바로 사과하고 다시 쭉 아침마다 얘기함. 학교에서는 늘 자고 양아치같은 애들이랑 노니까 평소에는 아는척 잘 안했는데, 꼭 눈마주치면 인사해주던게 참 좋았었는데.. 반 나눠진 후 복도에서 간간히 인사하다가 졸업식때 이후로는 연락하지 않았다.",0
"얼마 전 남자 이성 친구과 쭈삼을 먹다가 꼭 먹어봐야 할 볶음밥을 주문했어요. 그러자 유쾌한 외모의 알바생이 하트모양으로 볶아주고 ""맛있게 드세요""라고 말했다. 내 친구는 ""와, 내가 웃는 거 봤어?""라고 외쳤습니다. 그리고 사진을 찍었습니다. 며칠 후 친절한 아르바이트생이 그리워 친구와 다시 쭈삼식당을 찾았다. 그날도 상냥한 아르바이트 오빠가 우리 식탁에서 볶음밥을 해주고 있었는데 파트너가 물러서서 밥을 직접 하게 해달라고 부탁했다. 이어 하트 모양의 볶음밥을 만들며 ""내가 만든거 사진 안찍냐""고 물었다. 이후 연락 빈도가 늘었습니다.",2
"얼마 전 짝꿍과 쭈삼을 먹다가 필수 코스인 볶음밥을 주문했어요. 그러자 유쾌한 외모의 알바생이 하트모양으로 밥을 볶아주며 ""맛있게 드세요""라고 말했다. 내 친구는 ""와, 내가 웃는 거 봤어?""라고 외쳤습니다. 그리고 사진을 찍었습니다. 며칠 후 친절한 아르바이트생이 그리워 친구와 다시 쭈삼식당을 찾았다. 그날도 상냥한 아르바이트 오빠가 우리 식탁에서 볶음밥을 해주고 있었는데 파트너가 물러서서 밥을 직접 하게 해달라고 부탁했다. 이어 하트 모양의 볶음밥을 만들며 ""내가 만든거 사진 안찍냐""고 물었다. 이후 연락 빈도가 늘었습니다.",2
"얼마 전 짝꿍과 쭈삼을 먹다가 꼭 먹어봐야 할 볶음밥을 주문했어요. 그러자 훈훈한 알바생이 하트모양으로 밥을 볶아주며 ""맛있게 드세요""라고 말했다. 내 친구는 ""와, 내가 웃는 거 봤어?""라고 외쳤습니다. 그리고 사진을 찍었습니다. 며칠 후 친절한 아르바이트생이 그리워 친구와 다시 쭈삼식당을 찾았다. 그날도 상냥한 아르바이트 오빠가 우리 식탁에서 볶음밥을 해주고 있었는데 파트너가 물러서서 밥을 직접 하게 해달라고 부탁했다. 이어 하트 모양의 볶음밥을 만들며 ""내가 만든거 사진 안찍냐""고 물었다. 이후 연락 빈도가 늘었습니다.",2
"얼마 전 짝꿍과 쭈삼을 먹다가 꼭 먹어봐야 할 볶음밥을 주문했어요. 그러자 유쾌한 외모의 알바생이 하트모양으로 밥을 볶아주며 ""맛있게 드세요""라고 말했다. 내가  남자 친구한테 ""대박 나보고 웃는 거 봤어?"" 하고 사진을 찍었습니다. 며칠 후 훈훈한 아르바이트생이 다시 보고싶어서 친구와 다시 쭈삼식당을 방문했습니다. 그날도 훈훈한 아르바이트생 오빠가 저희 식탁에서 볶음밥을 만들려는데 친구가 오빠를 돌려보내고 직접 자신이 밥을 볶겠다고 하며 하트 모양의 볶음밥을 만들었습니다. 직후 ""내가 만든거 왜 안찍어?""라고 하면서 이후 저에게 연락 빈도가 늘은 것 같았습니다.",2
"얼마 전 짝꿍과 쭈삼을 먹다가 꼭 먹어봐야 할 볶음밥을 주문했어요. 그러자 유쾌한 외모의 알바생이 하트모양으로 밥을 볶아주며 ""맛있게 드세요""라고 말했다. 내가  남자 이성 친구한테 ""대박 나보고 웃는 거 봤어?"" 하고 볶음밥 사진을 찍었습니다. 며칠 후 훈훈한 아르바이트생이 다시 보고싶어서 친구와 다시 쭈삼식당을 방문했습니다. 그날도 훈훈한 아르바이트생 오빠가 저희 식탁에서 볶음밥을 만들려는데 친구가 오빠를 돌려보내고 직접 자신이 밥을 볶겠다고 하며 하트 모양의 볶음밥을 만들었습니다. 직후 ""내가 만든거 왜 안찍어?""라고 하면서 이후 저에게 연락 빈도가 늘은 것 같았습니다.",2
"얼마 전 짝꿍과 쭈삼을 먹다가 꼭 먹어봐야 할 볶음밥을 주문했어요. 그러자 유쾌한 외모의 알바생이 하트모양으로 밥을 볶아주며 ""맛있게 드세요""라고 말했다. 내가  남자 이성 친구한테 ""대박 나보고 웃는 거 봤어?"" 하고 사진을 찍었습니다. 며칠 후 훈훈한 아르바이트생이 다시 보고싶어서 친구와 다시 쭈삼식당을 찾았다. 그날도 훈훈한 아르바이트생 오빠가 저희 식탁에서 볶음밥을 만들려는데 친구가 오빠를 돌려보내고 직접 자신이 밥을 볶겠다고 하며 하트 모양의 볶음밥을 만들었습니다. 직후 ""내가 만든거 왜 안찍어?""라고 하면서 이후 저에게 연락 빈도가 늘은 것 같았습니다.",2
"얼마 전 짝꿍과 쭈삼을 먹다가 꼭 먹어봐야 할 볶음밥을 주문했어요. 그러자 유쾌한 외모의 알바생이 하트모양으로 밥을 볶아주며 ""맛있게 드세요""라고 말했다. 내가  남자 이성 친구한테 ""대박 나보고 웃는 거 봤어?"" 하고 사진을 찍었습니다. 며칠 후 훈훈한 아르바이트생이 다시 보고싶어서 친구와 다시 쭈삼식당을 방문했습니다. 그날도 훈훈한 아르바이트생 오빠가 저희 식탁에서 볶음밥을 만들려는데 친구가 그 분을 돌려보내고 직접 자신이 밥을 볶겠다고 하며 하트 모양의 볶음밥을 만들었습니다. 직후 ""내가 만든거 왜 안찍어?""라고 하면서 이후 저에게 연락 빈도가 늘은 것 같았습니다.",2
"얼마 전 짝꿍과 쭈삼을 먹다가 꼭 먹어봐야 할 볶음밥을 주문했어요. 그러자 유쾌한 외모의 알바생이 하트모양으로 밥을 볶아주며 ""맛있게 드세요""라고 말했다. 내가  남자 이성 친구한테 ""대박 나보고 웃는 거 봤어?"" 하고 사진을 찍었습니다. 며칠 후 훈훈한 아르바이트생이 다시 보고싶어서 친구와 다시 쭈삼식당을 방문했습니다. 그날도 훈훈한 아르바이트생 오빠가 저희 식탁에서 볶음밥을 만들려는데 친구가 오빠를 돌려보내고 직접 자신이 하트 모양의 볶음밥을 만들었습니다. 직후 ""내가 만든거 왜 안찍어?""라고 하면서 이후 저에게 연락 빈도가 늘은 것 같았습니다.",2
"얼마 전 짝꿍과 쭈삼을 먹다가 꼭 먹어봐야 할 볶음밥을 주문했어요. 그러자 유쾌한 외모의 알바생이 하트모양으로 밥을 볶아주며 ""맛있게 드세요""라고 말했다. 내가  남자 이성 친구한테 ""대박 나보고 웃는 거 봤어?"" 하고 사진을 찍었습니다. 며칠 후 훈훈한 아르바이트생이 다시 보고싶어서 친구와 다시 쭈삼식당을 방문했습니다. 그날도 훈훈한 아르바이트생 오빠가 저희 식탁에서 볶음밥을 만들려는데 친구가 오빠를 돌려보내고 직접 자신이 밥을 볶겠다고 하며 하트 모양의 볶음밥을 만들었습니다. 직후 자신이 만든 볶음밥 사진은 왜 안찍냐고 하면서 이후 저에게 연락 빈도가 늘은 것 같았습니다.",2
"얼마 전 짝꿍과 쭈삼을 먹다가 꼭 먹어봐야 할 볶음밥을 주문했어요. 그러자 유쾌한 외모의 알바생이 하트모양으로 밥을 볶아주며 ""맛있게 드세요""라고 말했다. 내가  남자 이성 친구한테 ""대박 나보고 웃는 거 봤어?"" 하고 사진을 찍었습니다. 며칠 후 훈훈한 아르바이트생이 다시 보고싶어서 친구와 다시 쭈삼식당을 방문했습니다. 그날도 훈훈한 아르바이트생 오빠가 저희 식탁에서 볶음밥을 만들려는데 친구가 오빠를 돌려보내고 직접 자신이 밥을 볶겠다고 하며 하트 모양의 볶음밥을 만들었습니다. 직후 ""내가 만든거 왜 안찍어?""라고 하면서 이후 저에게 연락을 더 많이 하기 시작했습니다.",2
"비오는 날에 학교에 갈 때 우산을 가져오지 않아 집에 갈 걱정에 안절부절하고있던 찰나 친한 여자친구가 웃으면서 ""너 우산 안가져왔지 교복 다 버리겠네""라며 놀리기 시작했다. 화나서 여자애 말을 무시했다. 수업이 끝나고 엄마 부르려고 핸드폰을 꺼내는데 갑자기 여자애가 나를 건드리며 ""나 집에 데려다줘""라며 자기 우산을 씌워줬다. 서로 말 없이 어색하게 걔네 집으로 걷다가 집 앞에 도착하니 여자애가 ""비 맞으면 감기 걸려"" 하더니 뛰어가버렸다. 기분이 묘했네.",1
"비오는 날에 학교에 갈 때 우산을 가져오지 않아 집에 갈 걱정에 안절부절하고있던 찰나 여자애가 웃으면서 ""너 우산 안가져왔지 교복 다 젖겠다""라며 놀리기 시작했다. 화나서 여자애 말을 무시했다. 수업이 끝나고 엄마 부르려고 핸드폰을 꺼내는데 갑자기 여자애가 나를 건드리며 ""나 집에 데려다줘""라며 자기 우산을 씌워줬다. 서로 말 없이 어색하게 걔네 집으로 걷다가 집 앞에 도착하니 여자애가 ""비 맞으면 감기 걸려"" 하더니 뛰어가버렸다. 기분이 묘했네.",1
"비오는 날에 학교에 갈 때 우산을 가져오지 않아 집에 갈 걱정에 안절부절하고있던 찰나 여자애가 웃으면서 ""너 우산 안가져왔지 교복 다 버리겠네""라며 놀리기 시작했다. 화나서 여자애 말을 무시했다. 수업이 끝나고 핸드폰을 꺼내는데 갑자기 여자애가 나를 건드리며 ""나 집에 데려다줘""라며 자기 우산을 씌워줬다. 서로 말 없이 어색하게 걔네 집으로 걷다가 집 앞에 도착하니 여자애가 ""비 맞으면 감기 걸려"" 하더니 뛰어가버렸다. 기분이 묘했네.",1
"비오는 날에 학교에 갈 때 우산을 가져오지 않아 집에 갈 걱정에 안절부절하고있던 찰나 여자애가 웃으면서 ""너 우산 안가져왔지 교복 다 버리겠네""라며 놀리기 시작했다. 화나서 여자애 말을 무시했다. 수업이 끝나고 엄마 부르려고 핸드폰을 꺼내는데 갑자기 여자애가 나를 기분나쁘게 찌르며 ""나 집에 데려다줘""라며 자기 우산을 씌워줬다. 서로 말 없이 어색하게 걔네 집으로 걷다가 집 앞에 도착하니 여자애가 ""비 맞으면 감기 걸려"" 하더니 뛰어가버렸다. 기분이 묘했네.",1
"비오는 날에 학교에 갈 때 우산을 가져오지 않아 집에 갈 걱정에 안절부절하고있던 찰나 여자애가 웃으면서 ""너 우산 안가져왔지 교복 다 버리겠네""라며 놀리기 시작했다. 화나서 여자애 말을 무시했다. 수업이 끝나고 엄마 부르려고 핸드폰을 꺼내는데 갑자기 여자애가 나를 건드리며 ""나 집에 데려다줘""라며 자기 우산을 씌워줬다. 서로 가까이 붙은 채 말 없이 어색하게 걔네 집으로 걷다가 집 앞에 도착하니 여자애가 ""비 맞으면 감기 걸려"" 하더니 뛰어가버렸다. 기분이 묘했네.",1
"비오는 날에 학교에 갈 때 우산을 가져오지 않아 집에 갈 걱정에 안절부절하고있던 찰나 여자애가 웃으면서 ""너 우산 안가져왔지 교복 다 버리겠네""라며 놀리기 시작했다. 화나서 여자애 말을 무시했다. 수업이 끝나고 엄마 부르려고 핸드폰을 꺼내는데 갑자기 여자애가 나를 건드리며 ""나 집에 데려다줘""라며 자기 우산을 씌워줬다. 서로 말 없이 어색하게 걔네 집으로 걷다가 집 앞에 다다를 무렵 여자애가 ""비 맞으면 감기 걸려"" 하더니 뛰어가버렸다. 기분이 묘했네.",1
"비오는 날에 학교에 갈 때 우산을 가져오지 않아 집에 갈 걱정에 안절부절하고있던 찰나 여자애가 웃으면서 ""너 우산 안가져왔지 교복 다 버리겠네""라며 놀리기 시작했다. 화나서 여자애 말을 무시했다. 수업이 끝나고 엄마 부르려고 핸드폰을 꺼내는데 갑자기 여자애가 나를 건드리며 ""나 집에 데려다줘""라며 자기 우산을 씌워줬다. 서로 말 없이 어색하게 걔네 집으로 걷다가 집 앞에 도착하니 여자애가 ""비 맞으면 감기 걸려"" 하면서 우산을 주고 뛰어가버렸다. 기분이 묘했네.",1
"비오는 날에 학교에 갈 때 우산을 가져오지 않아 집에 갈 걱정에 안절부절하고있던 찰나 여자애가 웃으면서 ""너 우산 안가져왔지 교복 다 버리겠네""라며 놀리기 시작했다. 화나서 여자애 말을 무시했다. 수업이 끝나고 엄마 부르려고 핸드폰을 꺼내는데 갑자기 여자애가 나를 건드리며 ""나 집에 데려다줘""라며 자기 우산을 씌워줬다. 서로 말 없이 어색하게 걔네 집으로 걷다가 집 앞에 도착하니 여자애가 ""비 맞으면 감기 걸려"" 말하고는 뛰어가버렸다. 기분이 이상하네",1
"비오는 날에 학교에 갈 때 우산을 가져오지 않아 집에 갈 걱정에 안절부절하고있던 찰나 여자애가 웃으면서 ""너 우산 안가져왔지 교복 다 버리겠네""라며 놀리기 시작했다. 화나서 여자애 말을 무시했다. 수업이 끝나고 엄마 부르려고 핸드폰을 꺼내는데 갑자기 여자애가 나를 건드리며 ""나 집에 데려다줘""라며 자기 우산을 씌워줬다. 서로 말 없이 어색하게 걔네 집으로 걷다가 집 앞에 도착하니 여자애가 ""비 맞으면 감기 걸려"" 하더니 뛰어가버렸다. 기분이 묘했네.",1
"비오는 날에 학교에 갈 때 우산을 가져오지 않아 집에 갈 걱정에 안절부절하고있던 찰나 여자애가 웃으면서 ""너 우산 안가져왔지 교복 다 버리겠네""라며 놀리기 시작했다. 화나서 여자애 말을 무시했다. 수업이 끝나고도 비가 많이 내려 엄마 부르려고 핸드폰을 꺼내는데 갑자기 여자애가 나를 건드리며 ""나 집에 데려다줘""라며 자기 우산을 씌워줬다. 서로 말 없이 어색하게 걔네 집으로 걷다가 집 앞에 도착하니 여자애가 ""비 맞으면 감기 걸려"" 하더니 뛰어가버렸다. 기분이 묘했네.",1
26살 취업을 준비하고 있는 고민녀입니다. 취업은 커녕 번번이 연애에도 실패했는데요. 남사친을 데리고 타로를 보러갔습니다. 타로며 사주며 전부다 사기라고 생각했던 남사친은 솔직한 마음은 자기도 보고 싶었는지 주머니에서 돈부터 꺼내더라고요. 그렇게 남사친은 연애운을 보게되었는데요. 타로점 결과 ‘가까이에 있는 사람을 좋아하는데 애써 모른척 하고있다’를 받았습니다. 직후 남사친은 공감하며 몇일 후 해당 타로집에 궁합을 보러 저와 다시한번 가자고 했습니다.,2
26살 취업을 준비하고 있는 고민녀입니다. 취업도 연애도 계속해서 실패했는데요. 남사친을 데리고 타로를 보러갔습니다. 타로며 사주며 전부다 사기라고 생각했던 남사친은 솔직한 마음은 자기도 보고 싶었는지 주머니에서 돈부터 꺼내더라고요. 그렇게 남사친은 연애운을 보게되었는데요. 타로점 결과 ‘가까이에 있는 사람을 좋아하는데 애써 모른척 하고있다’를 받았습니다. 직후 남사친은 공감하며 몇일 후 해당 타로집에 궁합을 보러 저와 다시한번 가자고 했습니다.,2
26살 취업을 준비하고 있는 고민녀입니다. 취업은 커녕 번번이 연애에도 실패했는데요. 남사친을 데리고 타로를 보러갔습니다. 타로랑 사주 모두 사기라고 생각했던 남사친은 솔직한 마음은 자기도 보고 싶었는지 주머니에서 돈부터 꺼내더라고요. 그렇게 남사친은 연애운을 보게되었는데요. 타로점 결과 ‘가까이에 있는 사람을 좋아하는데 애써 모른척 하고있다’를 받았습니다. 직후 남사친은 공감하며 몇일 후 해당 타로집에 궁합을 보러 저와 다시한번 가자고 했습니다.,2
26살 취업을 준비하고 있는 고민녀입니다. 취업은 커녕 번번이 연애에도 실패했는데요. 남사친을 데리고 타로를 보러갔습니다. 타로며 사주며 전부다 믿지 못한다 생각했던 남사친은 솔직한 마음은 자기도 보고 싶었는지 주머니에서 돈부터 꺼내더라고요. 그렇게 남사친은 연애운을 보게되었는데요. 타로점 결과 ‘가까이에 있는 사람을 좋아하는데 애써 모른척 하고있다’를 받았습니다. 직후 남사친은 공감하며 몇일 후 해당 타로집에 궁합을 보러 저와 다시한번 가자고 했습니다.,2
26살 취업을 준비하고 있는 고민녀입니다. 취업은 커녕 번번이 연애에도 실패했는데요. 남자 이성 친구를 데리고 타로를 보러갔습니다. 타로며 사주며 전부다 사기라고 생각했던 남자 이성 친구은 솔직한 마음은 자기도 보고 싶었는지 주머니에서 돈부터 꺼내더라고요. 그렇게 남자 이성 친구은 연애운을 보게되었는데요. 타로점 결과 ‘가까이에 있는 사람을 좋아하는데 애써 모른척 하고있다’를 받았습니다. 직후 남자 이성 친구은 공감하며 몇일 후 해당 타로집에 궁합을 보러 저와 다시한번 가자고 했습니다.,2
26살 취업을 준비하고 있는 고민녀입니다. 취업은 커녕 번번이 연애에도 실패했는데요. 남사친을 데리고 타로를 보러갔습니다. 타로며 사주며 전부다 사기라고 생각했던 남사친은 사실 본인도 보고 싶었는지 주머니에서 돈부터 꺼내더라고요. 그렇게 남사친은 연애운을 보게되었는데요. 타로점 결과 ‘가까이에 있는 사람을 좋아하는데 애써 모른척 하고있다’를 받았습니다. 직후 남사친은 공감하며 몇일 후 해당 타로집에 궁합을 보러 저와 다시한번 가자고 했습니다.,2
26살 취업을 준비하고 있는 고민녀입니다. 취업은 커녕 번번이 연애에도 실패했는데요. 남사친을 데리고 타로를 보러갔습니다. 타로며 사주며 전부다 사기라고 생각했던 남사친은 솔직한 마음은 자기도 보고 싶었는지 주머니에서 돈부터 꺼내더라고요. 그렇게 남사친은 연애운을 보게되었는데요. 타로점 결과 ‘가까이에 있는 사람을 좋아하는데 애써 무시하고있다’를 받았습니다. 직후 남사친은 공감하며 몇일 후 해당 타로집에 궁합을 보러 저와 다시한번 가자고 했습니다.,2
26살 취업을 준비하고 있는 고민녀입니다. 취업은 커녕 번번이 연애에도 실패했는데요. 남사친을 데리고 타로를 보러갔습니다. 타로며 사주며 전부다 사기라고 생각했던 남사친은 솔직한 마음은 자기도 보고 싶었는지 주머니에서 돈부터 꺼내더라고요. 그렇게 남사친은 연애운을 보게되었는데요. 타로점 결과 ‘근처에 있는 사람을 좋아하는데 애써 모른척 하고있다’를 받았습니다. 직후 남사친은 공감하며 몇일 후 해당 타로집에 궁합을 보러 저와 다시한번 가자고 했습니다.,2
26살 취업을 준비하고 있는 고민녀입니다. 취업은 커녕 번번이 연애에도 실패했는데요. 남사친을 데리고 타로를 보러갔습니다. 타로며 사주며 전부다 사기라고 생각했던 남사친은 솔직한 마음은 자기도 보고 싶었는지 주머니에서 돈부터 꺼내더라고요. 그렇게 남사친은 연애운을 보게되었는데요. 타로점 결과 ‘가까이에 있는 사람을 좋아하는데 애써 모른척 하고있다’를 받았습니다. 직후 남사친은 공감하며 몇일 후 같은 타로집에 저와 궁합을 보러 다시 가자고 했습니다.,2
26살 취업을 준비하고 있는 고민녀입니다. 취업은 커녕 번번이 연애에도 실패했는데요. 남사친을 데리고 타로를 보러갔습니다. 타로며 사주며 전부다 사기라고 생각했던 남사친은 솔직한 마음은 자기도 보고 싶었는지 주머니에서 돈부터 꺼내더라고요. 그렇게 남사친은 연애운을 보게되었는데요. 타로점 결과 ‘가까이에 있는 사람을 좋아하는데 애써 모른척 하고있다’를 받았습니다. 남사친은 결과에 수긍하며 몇일 후 해당 타로집에 궁합을 보러 저와 다시한번 가자고 했습니다.,2
저는 호떡을 좋아합니다. 저는 호떡이 삶의 낙인데요. 호떡찾기가 힘든 시기인데요. 저희 남직원이 제가 호떡을 좋아하는걸 어떻게 알았는지 호떡을 사다주었습니다. 그 후 어느 주말 남직원이 호떡가게 사진을 찍어서 연락이 왔습니다. 굳이 한시간 거리임에도 먼저 연락을 해주었고 호떡믹스와 호떡누르개를 사주겠다고 연락이 왔습니다.,2
저는 호떡을 정말 좋아합니다. 요새 호떡찾기가 힘든 시기인데요. 저희 남직원이 제가 호떡을 좋아하는걸 어떻게 알았는지 호떡을 사다주었습니다. 그 후 어느 주말 남직원이 호떡가게 사진을 찍어서 연락이 왔습니다. 굳이 한시간 거리임에도 먼저 연락을 해주었고 호떡믹스와 호떡누르개를 사주겠다고 연락이 왔습니다.,2
저는 호떡을 좋아합니다. 저는 호떡이 삶의 낙인데요. 호떡찾기가 힘든 시기인데요. 저희 남자 직원이 제가 호떡을 좋아하는걸 어떻게 알았는지 호떡을 사다주었습니다. 그 후 어느 주말 남자 직원이 호떡가게 사진을 찍어서 연락이 왔습니다. 굳이 한시간 거리임에도 먼저 연락을 해주었고 호떡믹스와 호떡누르개를 사주겠다고 연락이 왔습니다.,2
저는 호떡을 좋아합니다. 저는 호떡이 삶의 낙인데요. 호떡찾기가 힘든 시기인데요. 저희 남직원이 제게 호떡을 사다주었습니다. 그 후 어느 주말 남직원이 호떡가게 사진을 찍어서 연락이 왔습니다. 굳이 한시간 거리임에도 먼저 연락을 해주었고 호떡믹스와 호떡누르개를 사주겠다고 연락이 왔습니다.,2
"저는 호떡을 좋아합니다. 저는 호떡이 삶의 낙인데요. 호떡찾기가 힘든 시기인데요. 저희 남직원이 제가 호떡을 좋아하는걸 어떻게 알았는지 호떡을 사다주었습니다. 그 후 어느 주말 남직원의 연락이 왔는데, 호떡가게 사진을 찍어서 보내줬습니다. 굳이 한시간 거리임에도 먼저 연락을 해주었고 호떡믹스와 호떡누르개를 사주겠다고 연락이 왔습니다.",2
저는 호떡을 좋아합니다. 저는 호떡이 삶의 낙인데요. 호떡찾기가 힘든 시기인데요. 저희 남직원이 제가 호떡을 좋아하는걸 어떻게 알았는지 호떡을 사다주었습니다. 그 후 어느 주말 남직원이 호떡가게 사진을 찍어서 연락이 왔습니다. 굳이 한 시간이 걸리는 거리임에도 먼저 연락을 해주었고 호떡믹스와 호떡누르개를 사주겠다고 연락이 왔습니다.,2
저는 호떡을 좋아합니다. 저는 호떡이 삶의 낙인데요. 호떡찾기가 힘든 시기인데요. 저희 남직원이 제가 호떡을 좋아하는걸 어떻게 알았는지 호떡을 사다주었습니다. 그 후 어느 주말 남직원이 호떡가게 사진을 찍어서 연락이 왔습니다. 굳이 멀리 있는 곳임에도 먼저 연락을 해주었고 호떡믹스와 호떡누르개를 사주겠다고 연락이 왔습니다.,2
저는 호떡을 좋아합니다. 저는 호떡이 삶의 낙인데요. 호떡찾기가 힘든 시기인데요. 저희 남직원이 제가 호떡을 좋아하는걸 어떻게 알았는지 호떡을 사다주었습니다. 그 후 어느 주말 남직원이 호떡가게 사진을 찍어서 연락이 왔습니다. 굳이 한시간 거리임에도 먼저 연락을 해주었고 호떡과 관련된 물품들을 사주겠다고 연락이 왔습니다.,2
"고 2 때, 단골 PC방에서 공사하다가 한 달 후에 다시 가보니 처음 보는 알바 누나가 있었고 나는 보자마자 반했어. 피씨방에 거의 출근하듯이 다니고ㅋㅋㅋ 내 이름도 기억해서 컴퓨터 꺼주고ㅋㅋㅋㅋ 친해져서 서로 인사하는 사이가 됐어. 추석 연휴날 피씨방에 또 갔는데 누나가 없어서 포기하고 게임하는데 누나가 왔더라고. 시간이 끝나고 나서 인사하고 다음날 또 와서 누나랑 인사함. 그런데 추석 연휴가 끄나고 나니까 누나가 안나오느는거야.. 엄청 허탈했어..",0
"고 2 때, 단골 PC방에서 공사하다가 다시 가보니 새로운 알바 누나가 있었고 나는 보자마자 반했어. 피씨방에 거의 출근하듯이 다니고ㅋㅋㅋ 내 이름도 기억해서 컴퓨터 꺼주고ㅋㅋㅋㅋ 친해져서 서로 인사하는 사이가 됐어. 추석 연휴날 피씨방에 또 갔는데 누나가 없어서 포기하고 게임하는데 누나가 왔더라고. 시간이 끝나고 나서 인사하고 다음날 또 와서 누나랑 인사함. 그런데 추석 연휴가 끄나고 나니까 누나가 안나오느는거야.. 엄청 허탈했어..",0
"고 2 때, 단골 PC방에서 공사하다가 다시 가보니 처음 보는 알바 누나가 있었고 나는 보자마자 반했어. 피씨방에 매일 다니고ㅋㅋㅋ 내 이름도 기억해서 컴퓨터 꺼주고ㅋㅋㅋㅋ 친해져서 서로 인사하는 사이가 됐어. 추석 연휴날 피씨방에 또 갔는데 누나가 없어서 포기하고 게임하는데 누나가 왔더라고. 시간이 끝나고 나서 인사하고 다음날 또 와서 누나랑 인사함. 그런데 추석 연휴가 끄나고 나니까 누나가 안나오느는거야.. 엄청 허탈했어..",0
"고 2 때, 단골 PC방에서 공사하다가 다시 가보니 처음 보는 알바 누나가 있었고 나는 보자마자 반했어. 피씨방에 거의 출근하듯이 다니고ㅋㅋㅋ 누나가 내 이름도 기억해서 말하면 컴퓨터 꺼주고ㅋㅋㅋㅋ 친해져서 서로 인사하는 사이가 됐어. 추석 연휴날 피씨방에 또 갔는데 누나가 없어서 포기하고 게임하는데 누나가 왔더라고. 시간이 끝나고 나서 인사하고 다음날 또 와서 누나랑 인사함. 그런데 추석 연휴가 끄나고 나니까 누나가 안나오느는거야.. 엄청 허탈했어..",0
"고 2 때, 단골 PC방에서 공사하다가 다시 가보니 처음 보는 알바 누나가 있었고 나는 보자마자 반했어. 피씨방에 거의 출근하듯이 다니고ㅋㅋㅋ 내 이름도 기억해서 컴퓨터 꺼주고ㅋㅋㅋㅋ 이제는 친해져서 서로 인사하고 잠깐 얘기하는 사이가 됐어. 추석 연휴날 피씨방에 또 갔는데 누나가 없어서 포기하고 게임하는데 누나가 왔더라고. 시간이 끝나고 나서 인사하고 다음날 또 와서 누나랑 인사함. 그런데 추석 연휴가 끄나고 나니까 누나가 안나오느는거야.. 엄청 허탈했어..",0
"고 2 때, 단골 PC방에서 공사하다가 다시 가보니 처음 보는 알바 누나가 있었고 나는 보자마자 반했어. 피씨방에 거의 출근하듯이 다니고ㅋㅋㅋ 내 이름도 기억해서 컴퓨터 꺼주고ㅋㅋㅋㅋ 친해져서 서로 인사하는 사이가 됐어. 추석 연휴날 피씨방에 또 갔는데 누나가 없어서 단념하고 게임하는데 누나가 왔더라고. 시간이 끝나고 나서 인사하고 다음날 또 와서 누나랑 인사함. 그런데 추석 연휴가 끄나고 나니까 누나가 안나오느는거야.. 엄청 허탈했어..",0
"고 2 때, 단골 PC방에서 공사하다가 다시 가보니 처음 보는 알바 누나가 있었고 나는 보자마자 반했어. 피씨방에 거의 출근하듯이 다니고ㅋㅋㅋ 내 이름도 기억해서 컴퓨터 꺼주고ㅋㅋㅋㅋ 친해져서 서로 인사하는 사이가 됐어. 추석 연휴날 피씨방에 또 갔는데 누나가 없어서 포기하고 게임하는데 누나가 나온거야. 시간이 끝나고 나서 인사하고 다음날 또 와서 누나랑 인사함. 그런데 추석 연휴가 끄나고 나니까 누나가 안나오느는거야.. 엄청 허탈했어..",0
"고 2 때, 단골 PC방에서 공사하다가 다시 가보니 처음 보는 알바 누나가 있었고 나는 보자마자 반했어. 피씨방에 거의 출근하듯이 다니고ㅋㅋㅋ 내 이름도 기억해서 컴퓨터 꺼주고ㅋㅋㅋㅋ 친해져서 서로 인사하는 사이가 됐어. 추석 연휴날 피씨방에 또 갔는데 누나가 없어서 포기하고 게임하는데 누나가 왔더라고. 시간이 끝나고 나서 반갑게 인사하고 다음날 또 와서 누나랑 서로 인사함. 그런데 추석 연휴가 끄나고 나니까 누나가 안나오느는거야.. 엄청 허탈했어..",0
"고 2 때, 단골 PC방에서 공사하다가 다시 가보니 처음 보는 알바 누나가 있었고 나는 보자마자 반했어. 피씨방에 거의 출근하듯이 다니고ㅋㅋㅋ 내 이름도 기억해서 컴퓨터 꺼주고ㅋㅋㅋㅋ 친해져서 서로 인사하는 사이가 됐어. 추석 연휴날 피씨방에 또 갔는데 누나가 없어서 포기하고 게임하는데 누나가 왔더라고. 시간이 끝나고 나서 인사하고 다음날 또 와서 누나랑 인사함. 그런데 추석 연휴가 끄나고 나니까 누나가 없다는거야.. 엄청 허탈했어..",0
"고 2 때, 단골 PC방에서 공사하다가 다시 가보니 처음 보는 알바 누나가 있었고 나는 보자마자 반했어. 피씨방에 거의 출근하듯이 다니고ㅋㅋㅋ 내 이름도 기억해서 컴퓨터 꺼주고ㅋㅋㅋㅋ 친해져서 서로 인사하는 사이가 됐어. 추석 연휴날 피씨방에 또 갔는데 누나가 없어서 포기하고 게임하는데 누나가 왔더라고. 시간이 끝나고 나서 인사하고 다음날 또 와서 누나랑 인사함. 그런데 추석 연휴가 끄나고 나니까 누나가 안나오느는거야.. 엄청 허무했어..",0
"한 두달 간 매일 연락한 다음 사귀기로 했는데 잠수이별 당했어 영문도 모른채 전화도 다 거절당하니 뭐 때문에 그러는지 이유라도 알려달라고 삼 일을 매달렸는데, 나중에 한다는 변명이 너무 날 보험삼는 것 같다고 했어. 알겠다고 대충 대답하고 혼자 억지로 행복회로 돌리다가 그냥 받아들였지. 질린거 맞고 끝난거라고. 근데 난 내가 질려서 귀찮게 굴어서 싫어진게 너무 마음이 아파서 다 차단하고 연상되는 모든 걸 보면 진짜 내 마음이 찢어질 것 같더라. 오늘에서야 차단을 풀고 카톡을 봤어. 6개월 지났는데 아직도 덜 나은 것 같아. 내가 유사연애는 진짜 많이 해 봤는데, 이것도 이렇게 힘든데 진짜 사귀면 어떻게 될까 무서워..",0
"한 두달 간 매일 연락한 다음 사귀기로 했는데 연락이 끊겼어. 영문도 모른채 전화도 다 거절당하니 뭐 때문에 그러는지 이유라도 알려달라고 삼 일을 매달렸는데, 나중에 한다는 변명이 너무 날 보험삼는 것 같다고 했어. 알겠다고 대충 대답하고 혼자 억지로 행복회로 돌리다가 그냥 받아들였지. 질린거 맞고 끝난거라고. 근데 난 내가 질려서 귀찮게 굴어서 싫어진게 너무 마음이 아파서 다 차단하고 연상되는 모든 걸 보면 진짜 내 마음이 찢어질 것 같더라. 오늘에서야 차단을 풀고 카톡을 봤어. 6개월 지났는데 아직도 덜 나은 것 같아. 내가 유사연애는 진짜 많이 해 봤는데, 이것도 이렇게 힘든데 진짜 사귀면 어떻게 될까 무서워..",0
"한 두달 간 매일 연락한 다음 사귀기로 했는데 잠수이별 당했어 아무것도 모른채 전화도 다 거절당하니 뭐 때문에 그러는지 이유라도 알려달라고 삼 일을 매달렸는데, 나중에 한다는 변명이 너무 날 보험삼는 것 같다고 했어. 알겠다고 대충 대답하고 혼자 억지로 행복회로 돌리다가 그냥 받아들였지. 질린거 맞고 끝난거라고. 근데 난 내가 질려서 귀찮게 굴어서 싫어진게 너무 마음이 아파서 다 차단하고 연상되는 모든 걸 보면 진짜 내 마음이 찢어질 것 같더라. 오늘에서야 차단을 풀고 카톡을 봤어. 6개월 지났는데 아직도 덜 나은 것 같아. 내가 유사연애는 진짜 많이 해 봤는데, 이것도 이렇게 힘든데 진짜 사귀면 어떻게 될까 무서워..",0
"한 두달 간 매일 연락한 다음 사귀기로 했는데 잠수이별 당했어 영문도 모른채 전화도 다 거절당하니 뭐 때문에 그러는지 이유라도 알려달라고 삼 일을 계속 물어봤는데, 나중에 한다는 변명이 너무 날 보험삼는 것 같다고 했어. 알겠다고 대충 대답하고 혼자 억지로 행복회로 돌리다가 그냥 받아들였지. 질린거 맞고 끝난거라고. 근데 난 내가 질려서 귀찮게 굴어서 싫어진게 너무 마음이 아파서 다 차단하고 연상되는 모든 걸 보면 진짜 내 마음이 찢어질 것 같더라. 오늘에서야 차단을 풀고 카톡을 봤어. 6개월 지났는데 아직도 덜 나은 것 같아. 내가 유사연애는 진짜 많이 해 봤는데, 이것도 이렇게 힘든데 진짜 사귀면 어떻게 될까 무서워..",0
"한 두달 간 매일 연락한 다음 사귀기로 했는데 잠수이별 당했어 영문도 모른채 전화도 다 거절당하니 뭐 때문에 그러는지 이유라도 알려달라고 삼 일을 매달렸는데, 한다는 말이 너무 자신을 보험삼는 것 같다고 했어. 알겠다고 대충 대답하고 혼자 억지로 행복회로 돌리다가 그냥 받아들였지. 질린거 맞고 끝난거라고. 근데 난 내가 질려서 귀찮게 굴어서 싫어진게 너무 마음이 아파서 다 차단하고 연상되는 모든 걸 보면 진짜 내 마음이 찢어질 것 같더라. 오늘에서야 차단을 풀고 카톡을 봤어. 6개월 지났는데 아직도 덜 나은 것 같아. 내가 유사연애는 진짜 많이 해 봤는데, 이것도 이렇게 힘든데 진짜 사귀면 어떻게 될까 무서워..",0
"한 두달 간 매일 연락한 다음 사귀기로 했는데 잠수이별 당했어 영문도 모른채 전화도 다 거절당하니 뭐 때문에 그러는지 이유라도 알려달라고 삼 일을 매달렸는데, 나중에 한다는 변명이 너무 날 보험삼는 것 같다고 했어. 알겠다고 대답하고 혼자 억지로 좋게 생각하려고 노력했지. 질린거 맞고 끝난거라고. 근데 난 내가 질려서 귀찮게 굴어서 싫어진게 너무 마음이 아파서 다 차단하고 연상되는 모든 걸 보면 진짜 내 마음이 찢어질 것 같더라. 오늘에서야 차단을 풀고 카톡을 봤어. 6개월 지났는데 아직도 덜 나은 것 같아. 내가 유사연애는 진짜 많이 해 봤는데, 이것도 이렇게 힘든데 진짜 사귀면 어떻게 될까 무서워..",0
"한 두달 간 매일 연락한 다음 사귀기로 했는데 잠수이별 당했어 영문도 모른채 전화도 다 거절당하니 뭐 때문에 그러는지 이유라도 알려달라고 삼 일을 매달렸는데, 나중에 한다는 변명이 너무 날 보험삼는 것 같다고 했어. 알겠다고 대충 대답하고 혼자 억지로 행복회로 돌리다가 그냥 받아들였지. 근데 난 내가 질려서 귀찮게 굴어서 싫어진게 너무 마음이 아파서 연락을 끊고 연상되는 모든 걸 보면 진짜 내 마음이 너무 아프더라. 오늘에서야 차단을 풀고 카톡을 봤어. 6개월 지났는데 아직도 덜 나은 것 같아. 내가 유사연애는 진짜 많이 해 봤는데, 이것도 이렇게 힘든데 진짜 사귀면 어떻게 될까 무서워..",0
"한 두달 간 매일 연락한 다음 사귀기로 했는데 잠수이별 당했어 영문도 모른채 전화도 다 거절당하니 뭐 때문에 그러는지 이유라도 알려달라고 삼 일을 매달렸는데, 나중에 한다는 변명이 너무 날 보험삼는 것 같다고 했어. 알겠다고 대충 대답하고 혼자 억지로 행복회로 돌리다가 그냥 받아들였지. 질린거 맞고 끝난거라고. 근데 난 내가 질려서 귀찮게 굴어서 싫어진게 너무 마음이 아파서 다 차단하고 연상되는 모든 걸 보면 진짜 내 마음이 찢어질 것 같더라. 오늘에서야 차단을 해제해봤어. 6개월 지났는데 아직도 덜 나은 것 같아. 내가 유사연애는 진짜 많이 해 봤는데, 이것도 이렇게 힘든데 진짜 사귀면 어떻게 될까 무서워..",0
"한 두달 간 매일 연락한 다음 사귀기로 했는데 잠수이별 당했어 영문도 모른채 전화도 다 거절당하니 뭐 때문에 그러는지 이유라도 알려달라고 삼 일을 매달렸는데, 나중에 한다는 변명이 너무 날 보험삼는 것 같다고 했어. 알겠다고 대충 대답하고 혼자 억지로 행복회로 돌리다가 그냥 받아들였지. 질린거 맞고 끝난거라고. 근데 난 내가 질려서 귀찮게 굴어서 싫어진게 너무 마음이 아파서 다 차단하고 연상되는 모든 걸 보면 진짜 내 마음이 찢어질 것 같더라. 오늘에서야 차단을 풀고 카톡을 봤어. 6개월 지났는데 아직도 덜 나은 것 같아. 내가 연애 비슷한 건 진짜 많이 해 봤는데, 이것도 이렇게 힘든데 진짜 사귀면 어떻게 될까 무서워..",0
"한 두달 간 매일 연락한 다음 사귀기로 했는데 잠수이별 당했어 영문도 모른채 전화도 다 거절당하니 뭐 때문에 그러는지 이유라도 알려달라고 삼 일을 매달렸는데, 나중에 한다는 변명이 너무 날 보험삼는 것 같다고 했어. 알겠다고 대충 대답하고 혼자 억지로 행복회로 돌리다가 그냥 받아들였지. 질린거 맞고 끝난거라고. 근데 난 내가 질려서 귀찮게 굴어서 싫어진게 너무 마음이 아파서 다 차단하고 연상되는 모든 걸 보면 진짜 내 마음이 찢어질 것 같더라. 오늘에서야 차단을 풀고 카톡을 봤어. 6개월 지났는데 아직도 덜 나은 것 같아. 내가 우정과 비슷한 연애는 진짜 많이 해 봤는데, 이것도 이렇게 힘든데 진짜 사귀면 어떻게 될까 무서워..",0
"친구가 종로에서 술마시고 있으니 놀러오라고 했어요. 처음 본 얼굴이 있었는데, 전 키가 크고 얼굴이 동그랗고 안경을 쓴 사람을 좋아해요. 아무래도 호감이 가는 아이가 있다보니 자꾸 눈이 가더라구요. 집에 가는 길이 같아서 같이 택시를 탔어요. 택시에 내려서 열 셀 동안 날 찾으면 사귈거야 하고 집으로 향했죠. 여섯을 셀 때 ""혼자 가시나봐요?""라고 그 아이가 얘기했어요. 전 너무 기뻐서 돌고래 소리를 질렀어요. ""꺅~! 우리 이야기 좀 더 할까?"" 이야기하다 보니 더 좋아졌어요.",1
"친구가 종로에서 술마시고 있으니 놀러오라고 했어요. 처음 본 사람이 있었는데, 전 키가 크고 얼굴이 동그랗고 안경을 쓴 사람을 좋아해요. 아무래도 호감이 가는 사람이 있다보니 자꾸 눈이 가더라구요. 집에 가는 길이 같아서 같이 택시를 탔어요. 택시에 내려서 열 셀 동안 그 사람이 날 찾으면 사귈거야 하고 집으로 향했죠. 여섯을 셀 때 ""혼자 가시나봐요?""라고 그 사람이 얘기했어요. 전 너무 기뻐서 돌고래 소리를 질렀어요. ""꺅~! 우리 이야기 좀 더 할까?"" 이야기하다 보니 더 좋아졌어요.",1
"친구가 종로에서 술마시고 있으니 놀러오라고 했어요. 처음 본 얼굴이 있었는데, 전 키가 크고 얼굴이 동그랗고 안경을 쓴 사람을 좋아해요. 아무래도 호감이 가는 사람이다 보니 자꾸 눈이 가더라구요. 집에 가는 길이 같아서 같이 택시를 탔어요. 택시에 내려서 열 셀 동안 날 찾으면 사귈거야 하고 집으로 향했죠. 여섯을 셀 때 ""혼자 가시나봐요?""라고 그 아이가 얘기했어요. 전 너무 기뻐서 돌고래 소리를 질렀어요. ""꺅~! 우리 이야기 좀 더 할까?"" 이야기하다 보니 더 좋아졌어요.",1
"친구가 종로에서 술마시고 있으니 놀러오라고 했어요. 처음 본 얼굴이 있었는데, 전 키가 크고 얼굴이 동그랗고 안경을 쓴 사람을 좋아해요. 아무래도 호감이 가는 아이가 있다보니 자꾸 신경이 쓰이더라구요. 집에 가는 길이 같아서 같이 택시를 탔어요. 택시에 내려서 열 셀 동안 날 찾으면 사귈거야 하고 집으로 향했죠. 여섯을 셀 때 ""혼자 가시나봐요?""라고 그 아이가 얘기했어요. 전 너무 기뻐서 돌고래 소리를 질렀어요. ""꺅~! 우리 이야기 좀 더 할까?"" 이야기하다 보니 더 좋아졌어요.",1
"친구가 종로에서 술마시고 있으니 놀러오라고 했어요. 처음 본 얼굴이 있었는데, 전 키가 크고 얼굴이 동그랗고 안경을 쓴 사람을 좋아해요. 아무래도 호감이 가는 아이가 있다보니 자꾸 눈이 가더라구요. 가는 길이 같아서 함께 택시를 탔어요. 택시에 내려서 열 셀 동안 날 찾으면 사귈거야 하고 집으로 향했죠. 여섯을 셀 때 ""혼자 가시나봐요?""라고 그 아이가 얘기했어요. 전 너무 기뻐서 돌고래 소리를 질렀어요. ""꺅~! 우리 이야기 좀 더 할까?"" 이야기하다 보니 더 좋아졌어요.",1
"친구가 종로에서 술마시고 있으니 놀러오라고 했어요. 처음 본 얼굴이 있었는데, 전 키가 크고 얼굴이 동그랗고 안경을 쓴 사람을 좋아해요. 아무래도 호감이 가는 아이가 있다보니 자꾸 눈이 가더라구요. 집에 가는 길이 같아서 같이 택시를 탔어요. 택시에 내려서 열 셀 동안 그분이 날 부르면 사귈거야 하고 집으로 향했죠. 여섯을 셀 때 ""혼자 가시나봐요?""라고 그 아이가 얘기했어요. 전 너무 기뻐서 돌고래 소리를 질렀어요. ""꺅~! 우리 이야기 좀 더 할까?"" 이야기하다 보니 더 좋아졌어요.",1
"친구가 종로에서 술마시고 있으니 놀러오라고 했어요. 처음 본 얼굴이 있었는데, 전 키가 크고 얼굴이 동그랗고 안경을 쓴 사람을 좋아해요. 아무래도 호감이 가는 아이가 있다보니 자꾸 눈이 가더라구요. 집에 가는 길이 같아서 같이 택시를 탔어요. 택시에 내려서 열 셀 동안 날 찾으면 사귈거야 하고 집으로 향했죠. 여섯을 셀 때 ""혼자 가시나봐요?""라고 그 아이가 말을 걸었어요. 전 너무 기뻐서 돌고래 소리를 질렀어요. ""꺅~! 우리 이야기 좀 더 할까?"" 이야기하다 보니 더 좋아졌어요.",1
"친구가 종로에서 술마시고 있으니 놀러오라고 했어요. 처음 본 얼굴이 있었는데, 전 키가 크고 얼굴이 동그랗고 안경을 쓴 사람을 좋아해요. 아무래도 호감이 가는 아이가 있다보니 자꾸 눈이 가더라구요. 집에 가는 길이 같아서 같이 택시를 탔어요. 택시에 내려서 열 셀 동안 날 찾으면 사귈거야 하고 집으로 향했죠. 여섯을 셀 때 ""혼자 가시나봐요?""라고 그 아이가 얘기했어요. 전 너무 기뻐서 소리를 질렀어요. ""꺅~! 우리 이야기 좀 더 할까?"" 이야기하다 보니 더 좋아졌어요.",1
"친구가 종로에서 술마시고 있으니 놀러오라고 했어요. 처음 만난 사람이었는데, 전 키가 크고 얼굴이 동그랗고 안경을 쓴 사람을 좋아해요. 아무래도 호감이 가는 아이가 있다보니 자꾸 눈이 가더라구요. 집에 가는 길이 같아서 같이 택시를 탔어요. 택시에 내려서 열 셀 동안 날 찾으면 사귈거야 하고 집으로 향했죠. 여섯을 셀 때 ""혼자 가시나봐요?""라고 그 아이가 얘기했어요. 전 너무 기뻐서 돌고래 소리를 질렀어요. ""꺅~! 우리 이야기 좀 더 할까?"" 이야기하다 보니 더 좋아졌어요.",1
"친구가 종로에서 술마시고 있으니 놀러오라고 했어요. 처음 본 얼굴이 있었는데, 전 키가 크고 얼굴이 동그랗고 안경을 쓴 사람을 좋아해요. 아무래도 호감이 가는 아이가 있다보니 자꾸 눈이 가더라구요. 집에 가는 길이 같아서 같이 택시를 탔어요. 택시에 내려서 열 셀 동안 날 찾으면 사귈거야 하고 집으로 향했죠. 여섯을 셀 때 ""혼자 가시나봐요?""라고 그 아이가 얘기했어요. 전 너무 기뻐서 돌고래 소리를 질렀어요. 제가 이야기 좀 더 하다가 가자고 했고, 얘기하다보니 더 좋아졌어요.",1
"학원 다녔을 때 한창 싸이월드가 잘나갔음 학원 친구가 학원에서 찍은 사진을 움짤로 만들어서 싸이월드에 올렸는데.. 친구 홈피에 그 여자애가 ""얘 완전 내스타일이다 소개좀ㅋㅋ"" 이렇게 댓글을 단거임 ㅋㅋㅋㅋ 그거보고 나는 기분이 좋아서 얘 미니홈피를 들어가봤는데 존나 예쁜거임ㄷㄷ 그래서 친구가 나랑 걔랑 연결해줄때까지 기다리다가 전화번호를 알려줘서 문자질을 하다가 걔가 가출을 한 상태였음 학교 자퇴도 했었고.. 무슨 자기말로 돈 좀 모이고 만나자고 말해서 기다리기 힘들었지만 기다렸음",0
"학원 다녔을 때 싸이월드의 인기가 높았어 학원 친구가 학원에서 찍은 사진을 싸이월드에 올렸는데.. 친구 홈피에 그 여자애가 ""얘 완전 내스타일이다 소개좀ㅋㅋ"" 이렇게 댓글을 단거임 ㅋㅋㅋㅋ 그거보고 나는 기분이 좋아서 얘 미니홈피를 들어가봤는데 존나 예쁜거임ㄷㄷ 그래서 친구가 나랑 걔랑 연결해줄때까지 기다리다가 전화번호를 알려줘서 문자질을 하다가 걔가 가출을 한 상태였음 학교 자퇴도 했었고.. 무슨 자기말로 돈 좀 모이고 만나자고 말해서 기다리기 힘들었지만 기다렸음",0
"학원 다녔을 때 한창 싸이월드가 잘나갔음 학원 친구가 날 찍은 사진을 움짤로 만들어서 싸이월드에 올렸는데.. 친구 홈피에 그 여자애가 ""얘 완전 내스타일이다 소개좀ㅋㅋ"" 이렇게 댓글을 단거임 ㅋㅋㅋㅋ 그거보고 나는 기분이 좋아서 얘 미니홈피를 들어가봤는데 존나 예쁜거임ㄷㄷ 그래서 친구가 나랑 걔랑 연결해줄때까지 기다리다가 전화번호를 알려줘서 문자질을 하다가 걔가 가출을 한 상태였음 학교 자퇴도 했었고.. 무슨 자기말로 돈 좀 모이고 만나자고 말해서 기다리기 힘들었지만 기다렸음",0
"학원 다녔을 때 한창 싸이월드가 잘나갔음 학원 친구가 학원에서 찍은 사진을 싸이월드에 올렸는데.. 친구 홈피에 그 여자애가 ""얘 완전 내스타일이다 소개좀ㅋㅋ"" 이렇게 댓글을 단거임 ㅋㅋㅋㅋ 그거보고 나는 기분이 좋아서 얘 미니홈피를 들어가봤는데 존나 예쁜거임ㄷㄷ 그래서 친구가 나랑 걔랑 연결해줄때까지 기다리다가 전화번호를 알려줘서 문자질을 하다가 걔가 가출을 한 상태였음 학교 자퇴도 했었고.. 무슨 자기말로 돈 좀 모이고 만나자고 말해서 기다리기 힘들었지만 기다렸음",0
"학원 다녔을 때 한창 싸이월드가 잘나갔음 학원 친구가 학원에서 찍은 사진을 움짤로 만들어서 싸이월드에 올렸는데.. 친구 홈페이지에 그 여자애가 ""얘 완전 내스타일이다 소개좀ㅋㅋ"" 이렇게 댓글을 단거임 ㅋㅋㅋㅋ 그거보고 나는 기분이 좋아서 얘 미니홈페이지를 들어가봤는데 존나 예쁜거임ㄷㄷ 그래서 친구가 나랑 걔랑 연결해줄때까지 기다리다가 전화번호를 알려줘서 문자질을 하다가 걔가 가출을 한 상태였음 학교 자퇴도 했었고.. 무슨 자기말로 돈 좀 모이고 만나자고 말해서 기다리기 힘들었지만 기다렸음",0
"학원 다녔을 때 한창 싸이월드가 잘나갔음 학원 친구가 학원에서 찍은 사진을 움짤로 만들어서 싸이월드에 올렸는데.. 친구 홈피에 그 여자애가 ""얘 완전 내 타입이다 소개 좀 해줘ㅋㅋ"" 이렇게 댓글을 단거임 ㅋㅋㅋㅋ 그거보고 나는 기분이 좋아서 얘 미니홈피를 들어가봤는데 존나 예쁜거임ㄷㄷ 그래서 친구가 나랑 걔랑 연결해줄때까지 기다리다가 전화번호를 알려줘서 문자질을 하다가 걔가 가출을 한 상태였음 학교 자퇴도 했었고.. 무슨 자기말로 돈 좀 모이고 만나자고 말해서 기다리기 힘들었지만 기다렸음",0
"학원 다녔을 때 한창 싸이월드가 잘나갔음 학원 친구가 학원에서 찍은 사진을 움짤로 만들어서 싸이월드에 올렸는데.. 친구 홈피에 그 여자애가 ""얘 완전 내스타일이다 소개좀ㅋㅋ"" 이렇게 댓글을 단거임 ㅋㅋㅋㅋ 나는 기분이 좋아서 얘 미니홈피를 들어가봤는데 엄청 예쁜거임ㄷㄷ 그래서 친구가 나랑 걔랑 연결해줄때까지 기다리다가 전화번호를 알려줘서 문자질을 하다가 걔가 가출을 한 상태였음 학교 자퇴도 했었고.. 무슨 자기말로 돈 좀 모이고 만나자고 말해서 기다리기 힘들었지만 기다렸음",0
"학원 다녔을 때 한창 싸이월드가 잘나갔음 학원 친구가 학원에서 찍은 사진을 움짤로 만들어서 싸이월드에 올렸는데.. 친구 홈피에 그 여자애가 ""얘 완전 내스타일이다 소개좀ㅋㅋ"" 이렇게 댓글을 단거임 ㅋㅋㅋㅋ 그거보고 나는 기분이 좋아서 얘 미니홈피를 들어가봤는데 존나 예쁜거임ㄷㄷ 그래서 친구가 전화번호를 알려줘서 걔랑 문자를 하다가 걔가 가출을 한 상태였음 학교 자퇴도 했었고.. 무슨 자기말로 돈 좀 모이고 만나자고 말해서 기다리기 힘들었지만 기다렸음",0
"학원 다녔을 때 한창 싸이월드가 잘나갔음 학원 친구가 학원에서 찍은 사진을 움짤로 만들어서 싸이월드에 올렸는데.. 친구 홈피에 그 여자애가 ""얘 완전 내스타일이다 소개좀ㅋㅋ"" 이렇게 댓글을 단거임 ㅋㅋㅋㅋ 그거보고 나는 기분이 좋아서 얘 미니홈피를 들어가봤는데 존나 예쁜거임ㄷㄷ 그래서 친구가 나랑 걔랑 연결해줄때까지 기다리다가 전화번호를 알려줘서 문자질을 하다가 걔가 가출에 학교 자퇴를 한 상황이었어.. 무슨 자기말로 돈 좀 모이고 만나자고 말해서 기다리기 힘들었지만 기다렸음",0
"학원 다녔을 때 한창 싸이월드가 잘나갔음 학원 친구가 학원에서 찍은 사진을 움짤로 만들어서 싸이월드에 올렸는데.. 친구 홈피에 그 여자애가 ""얘 완전 내스타일이다 소개좀ㅋㅋ"" 이렇게 댓글을 단거임 ㅋㅋㅋㅋ 그거보고 나는 기분이 좋아서 얘 미니홈피를 들어가봤는데 존나 예쁜거임ㄷㄷ 그래서 친구가 나랑 걔랑 연결해줄때까지 기다리다가 전화번호를 알려줘서 문자질을 하다가 걔가 가출을 한 상태였음 학교 자퇴도 했었고.. 돈 좀 모이고 만나자고 말해서 기다렸음",0
"추레한 복장으로 카페에서 작업하고 있는데 건너편 여자랑 눈이 마주침. 이후로 계속 나를 쳐다보는게 느껴지다가 갑자기 쿠키랑 쪽지를 주고 갔다. 쪽지에는 '제 스타일이셔서 그러는데 여친 없으시면 연락 주세요' 라는 내용과 전화번호가 써있었다. 카톡으로 연락을 하고 나이 얘기를 하는데 여자가 19살이라고 7살 차이에 끝났다고 생각했는데 여자가 ""저 곧 성인되는데 기다려주세요"" 하더라 당황스러우면서도 좋았다.",2
"프리한 복장으로 카페에서 작업하고 있는데 건너편 여자랑 눈이 마주침. 이후로 계속 나를 쳐다보는게 느껴지다가 갑자기 쿠키랑 쪽지를 주고 갔다. 쪽지에는 '제 스타일이셔서 그러는데 여친 없으시면 연락 주세요' 라는 내용과 전화번호가 써있었다. 카톡으로 연락을 하고 나이 얘기를 하는데 여자가 19살이라고 7살 차이에 끝났다고 생각했는데 여자가 ""저 곧 성인되는데 기다려주세요"" 하더라 당황스러우면서도 좋았다.",2
"가벼운 복장으로 카페에서 작업하고 있는데 건너편 여자랑 눈이 마주침. 이후로 계속 나를 쳐다보는게 느껴지다가 갑자기 쿠키랑 쪽지를 주고 갔다. 쪽지에는 '제 스타일이셔서 그러는데 여친 없으시면 연락 주세요' 라는 내용과 전화번호가 써있었다. 카톡으로 연락을 하고 나이 얘기를 하는데 여자가 19살이라고 7살 차이에 끝났다고 생각했는데 여자가 ""저 곧 성인되는데 기다려주세요"" 하더라 당황스러우면서도 좋았다.",2
"추레한 복장으로 카페에서 작업하고 있는데 건너편 여자랑 눈이 마주침. 이후로 계속 시선이 느껴지다가 갑자기 쿠키랑 쪽지를 주고 갔다. 쪽지에는 '제 스타일이셔서 그러는데 여친 없으시면 연락 주세요' 라는 내용과 전화번호가 써있었다. 카톡으로 연락을 하고 나이 얘기를 하는데 여자가 19살이라고 7살 차이에 끝났다고 생각했는데 여자가 ""저 곧 성인되는데 기다려주세요"" 하더라 당황스러우면서도 좋았다.",2
"추레한 복장으로 카페에서 작업하고 있는데 건너편 여자랑 눈이 마주침. 이후로 계속 나를 쳐다보는게 느껴지다가 갑자기 쿠키랑 쪽지를 건네주고 갔다. 쪽지에는 '제 스타일이셔서 그러는데 여친 없으시면 연락 주세요' 라는 내용과 전화번호가 써있었다. 카톡으로 연락을 하고 나이 얘기를 하는데 여자가 19살이라고 7살 차이에 끝났다고 생각했는데 여자가 ""저 곧 성인되는데 기다려주세요"" 하더라 당황스러우면서도 좋았다.",2
"추레한 복장으로 카페에서 작업하고 있는데 건너편 여자랑 눈이 마주침. 이후로 계속 나를 쳐다보는게 느껴지다가 갑자기 쿠키랑 쪽지를 주고 갔다. 쪽지에는 '제 타입이셔서 그러는데 여친 없으시면 연락 주세요' 라는 내용과 전화번호가 써있었다. 카톡으로 연락을 하고 나이 얘기를 하는데 여자가 19살이라고 7살 차이에 끝났다고 생각했는데 여자가 ""저 곧 성인되는데 기다려주세요"" 하더라 당황스러우면서도 좋았다.",2
"추레한 복장으로 카페에서 작업하고 있는데 건너편 여자랑 눈이 마주침. 이후로 계속 나를 쳐다보는게 느껴지다가 갑자기 쿠키랑 쪽지를 주고 갔다. 쪽지에는 '제 스타일이셔서 그러는데 연락 주세요' 라는 내용과 전화번호가 써있었다. 카톡으로 연락을 하고 나이 얘기를 하는데 여자가 19살이라고 7살 차이에 끝났다고 생각했는데 여자가 ""저 곧 성인되는데 기다려주세요"" 하더라 당황스러우면서도 좋았다.",2
"추레한 복장으로 카페에서 작업하고 있는데 건너편 여자랑 눈이 마주침. 이후로 계속 나를 쳐다보는게 느껴지다가 갑자기 쿠키랑 쪽지를 주고 갔다. 쪽지에는 '제 스타일이셔서 그러는데 여친 없으시면 연락 주세요' 라는 내용과 전화번호가 써있었다. 카톡으로 먼저 연락을 하고 나이 얘기를 하는데 여자가 19살이라고 7살 차이에 끝났다고 생각했는데 여자가 ""저 곧 성인되는데 기다려주세요"" 하더라 당황스러우면서도 좋았다.",2
"추레한 복장으로 카페에서 작업하고 있는데 건너편 여자랑 눈이 마주침. 이후로 계속 나를 쳐다보는게 느껴지다가 갑자기 쿠키랑 쪽지를 주고 갔다. 쪽지에는 '제 스타일이셔서 그러는데 여친 없으시면 연락 주세요' 라는 내용과 전화번호가 써있었다. 카톡으로 연락을 하고 나이 얘기를 하는데 여자가 어린 나이라 끝났다고 생각했는데 여자가 ""저 곧 성인되는데 기다려주세요"" 하더라 당황스러우면서도 좋았다.",2
"추레한 복장으로 카페에서 작업하고 있는데 건너편 여자랑 눈이 마주침. 이후로 계속 나를 쳐다보는게 느껴지다가 갑자기 쿠키랑 쪽지를 주고 갔다. 쪽지에는 '제 스타일이셔서 그러는데 여친 없으시면 연락 주세요' 라는 내용과 전화번호가 써있었다. 카톡으로 연락을 하고 나이 얘기를 하는데 여자가 고등학생이라 끝났다고 생각했는데 여자가 ""저 곧 성인되는데 기다려주세요"" 하더라 당황스러우면서도 좋았다.",2
내가 그날 진짜 기분이 너무 안좋았어. 굳이 표현하려고 한 건 아니지만 내 목소리에 티가 났나봐. 여보세요 했는데 너 목소리가 왜 그래? 이러더니 택시를 바로 타고 와가지고 베라 패밀리에다가 내가 좋아하는 맛만 담아가지고 집 앞에 가지고 온거야. 근데 내가 혹시라도 쌩얼일까봐 집 앞에 두고 카톡하고 갔어,2
내가 그날 진짜 기분이 너무 안좋았어. 굳이 감정을 드러내려고 한 건 아니지만 내 목소리에 드러났나봐. 여보세요 했는데 너 목소리가 왜 그래? 이러더니 택시를 바로 타고 와가지고 베라 패밀리에다가 내가 좋아하는 맛만 담아가지고 집 앞에 가지고 온거야. 근데 내가 혹시라도 쌩얼일까봐 집 앞에 두고 카톡하고 갔어,2
내가 그날 진짜 기분이 너무 안좋았어. 굳이 티를 내려고 한 건 아니지만 내 목소리에 티가 났나봐. 전화했는데 목소리를 알아채더니 택시를 바로 타고 와가지고 베라 패밀리에다가 내가 좋아하는 맛만 담아가지고 집 앞에 가지고 온거야. 근데 내가 혹시라도 쌩얼일까봐 집 앞에 두고 카톡하고 갔어,2
내가 그날 진짜 기분이 너무 안좋았어. 굳이 티를 내려고 한 건 아니지만 내 목소리에 티가 났나봐. 여보세요 했는데 너 목소리가 왜 그래? 이러더니 택시를 곧바로 타고 와가지고 베라 패밀리에다가 내가 좋아하는 맛만 담아가지고 집 앞에 가지고 온거야. 근데 내가 혹시라도 쌩얼일까봐 집 앞에 두고 카톡하고 갔어,2
내가 그날 진짜 기분이 너무 안좋았어. 굳이 티를 내려고 한 건 아니지만 내 목소리에 티가 났나봐. 여보세요 했는데 너 목소리가 왜 그래? 이러더니 바로 집 앞에 와가지고 베라 패밀리에다가 내가 좋아하는 맛만 담아가지고 가지고 온거야. 근데 내가 혹시라도 쌩얼일까봐 집 앞에 두고 카톡하고 갔어,2
내가 그날 진짜 기분이 너무 안좋았어. 굳이 티를 내려고 한 건 아니지만 내 목소리에 티가 났나봐. 여보세요 했는데 너 목소리가 왜 그래? 이러더니 택시를 바로 타고 와가지고 내가 좋아하는 아이스크림을 사가지고 집 앞에 가지고 온거야. 근데 내가 혹시라도 쌩얼일까봐 집 앞에 두고 카톡하고 갔어,2
내가 그날 진짜 기분이 너무 안좋았어. 굳이 티를 내려고 한 건 아니지만 내 목소리에 티가 났나봐. 여보세요 했는데 너 목소리가 왜 그래? 이러더니 택시를 바로 타고 와가지고 내가 좋아하는 것들을 담아가지고 집 앞에 가지고 온거야. 근데 내가 혹시라도 쌩얼일까봐 집 앞에 두고 카톡하고 갔어,2
내가 그날 진짜 기분이 너무 안좋았어. 굳이 티를 내려고 한 건 아니지만 내 목소리에 티가 났나봐. 여보세요 했는데 너 목소리가 왜 그래? 이러더니 택시를 바로 타고 와가지고 베라 패밀리에다가 내가 좋아하는 맛만 담아가지고 집 앞에 가지고 온거야. 근데 내가 혹시라도 맨얼굴일까봐 집 앞에 두고 카톡하고 갔어,2
내가 그날 진짜 기분이 너무 안좋았어. 굳이 티를 내려고 한 건 아니지만 내 목소리에 티가 났나봐. 여보세요 했는데 너 목소리가 왜 그래? 이러더니 택시를 바로 타고 와가지고 베라 패밀리에다가 내가 좋아하는 맛만 담아가지고 집 앞에 가지고 온거야. 근데 내가 혹시라도 민낯일까봐 집 앞에 두고 카톡하고 갔어,2
내가 그날 진짜 기분이 너무 안좋았어. 굳이 티를 내려고 한 건 아니지만 내 목소리에 티가 났나봐. 여보세요 했는데 너 목소리가 왜 그래? 이러더니 택시를 바로 타고 와가지고 베라 패밀리에다가 내가 좋아하는 맛만 담아가지고 집 앞에 가지고 온거야. 근데 내가 혹시라도 쌩얼일까봐 날 배려해서 집 앞에 두고 카톡하고 갔어,2
얼마 전 저의 생일날 제 책상에 수제 캐릭터 케이스가 있더라구요. 저는 저의 생일을 귀찮아서 SNS에 알림설정을 하지 않았기에 친구가 선물한 줄 알고 물어봤지만 친구가 준 게 아니더라구요. 해당 케이스를 끼고 등교를 했는데 같은 반 남학생이 학생증을 통해서 제 생일을 기억해놓고 있다가 직접 케이스를 만들어서 선물했다고 하더라구요. 그 다음날 그 친구가 또 같은걸 만들고 있더라구요.,0
얼마 전 저의 생일날 제 책상에 처음 보는 케이스가 있더라구요. 저는 저의 생일을 귀찮아서 SNS에 알림설정을 하지 않았기에 친구가 선물한 줄 알고 물어봤지만 친구가 준 게 아니더라구요. 해당 케이스를 끼고 등교를 했는데 같은 반 남학생이 학생증을 통해서 제 생일을 기억해놓고 있다가 직접 케이스를 만들어서 선물했다고 하더라구요. 그 다음날 그 친구가 또 같은걸 만들고 있더라구요.,0
얼마 전 저의 생일날 제 책상에 직접 만든 케이스가 있더라구요. 저는 저의 생일을 귀찮아서 SNS에 알림설정을 하지 않았기에 친구가 선물한 줄 알고 물어봤지만 친구가 준 게 아니더라구요. 해당 케이스를 끼고 등교를 했는데 같은 반 남학생이 학생증을 통해서 제 생일을 기억해놓고 있다가 직접 케이스를 만들어서 선물했다고 하더라구요. 그 다음날 그 친구가 또 같은걸 만들고 있더라구요.,0
얼마 전 저의 생일날 제 책상에 수제 캐릭터 케이스가 있더라구요. 저는 저의 생일을 표현하지 않았기에 친구가 선물한 줄 알고 물어봤지만 친구가 준 게 아니더라구요. 해당 케이스를 끼고 등교를 했는데 같은 반 남학생이 학생증을 통해서 제 생일을 기억해놓고 있다가 직접 케이스를 만들어서 선물했다고 하더라구요. 그 다음날 그 친구가 또 같은걸 만들고 있더라구요.,0
얼마 전 저의 생일날 제 책상에 수제 캐릭터 케이스가 있더라구요. 저는 저의 생일을 알리지 않았기에 친구가 선물한 줄 알고 물어봤지만 친구가 준 게 아니더라구요. 해당 케이스를 끼고 등교를 했는데 같은 반 남학생이 학생증을 통해서 제 생일을 기억해놓고 있다가 직접 케이스를 만들어서 선물했다고 하더라구요. 그 다음날 그 친구가 또 같은걸 만들고 있더라구요.,0
얼마 전 저의 생일날 제 책상에 수제 캐릭터 케이스가 있더라구요. 저는 저의 생일을 귀찮아서 SNS에 알림설정을 하지 않았기에 친한 친구가 선물한 줄 알고 물어봤지만 친구가 준 게 아니더라구요. 해당 케이스를 끼고 등교를 했는데 같은 반 남학생이 학생증을 통해서 제 생일을 기억해놓고 있다가 직접 케이스를 만들어서 선물했다고 하더라구요. 그 다음날 그 친구가 또 같은걸 만들고 있더라구요.,0
얼마 전 저의 생일날 제 책상에 수제 캐릭터 케이스가 있더라구요. 저는 저의 생일을 귀찮아서 SNS에 알림설정을 하지 않았기에 친구가 선물한 줄 알고 물어봤지만 친구가 준 게 아니더라구요. 선물을 가지고 등교를 했는데 같은 반 남학생이 학생증을 통해서 제 생일을 기억해놓고 있다가 직접 선물ㄹ을 만들어서 줬다고 하더라구요. 그 다음날 그 친구가 또 같은걸 만들고 있더라구요.,0
얼마 전 저의 생일날 제 책상에 수제 캐릭터 케이스가 있더라구요. 저는 저의 생일을 귀찮아서 SNS에 알림설정을 하지 않았기에 친구가 선물한 줄 알고 물어봤지만 친구가 준 게 아니더라구요. 해당 케이스를 끼고 등교를 했는데 같은 반 남학생이 제 생일을 기억해놓고 있다가 직접 케이스를 만들어서 선물했다고 하더라구요. 그 다음날 그 친구가 또 같은걸 만들고 있더라구요.,0
얼마 전 저의 생일날 제 책상에 수제 캐릭터 케이스가 있더라구요. 저는 저의 생일을 귀찮아서 SNS에 알림설정을 하지 않았기에 친구가 선물한 줄 알고 물어봤지만 친구가 준 게 아니더라구요. 해당 케이스를 끼고 등교를 했는데 같은 반 남학생이 학생증을 통해서 제 생일을 기억해주고 직접 케이스를 만들어서 선물했다고 하더라구요. 그 다음날 그 친구가 또 같은걸 만들고 있더라구요.,0
얼마 전 저의 생일날 제 책상에 수제 캐릭터 케이스가 있더라구요. 저는 저의 생일을 귀찮아서 SNS에 알림설정을 하지 않았기에 친구가 선물한 줄 알고 물어봤지만 친구가 준 게 아니더라구요. 해당 케이스를 끼고 등교를 했는데 같은 반 남학생이 학생증을 통해서 제 생일을 기억해놓고 있다가 직접 케이스를 만들어서 선물했다고 하더라구요. 그 다음날 그 친구가 또 같은 선물을 만들고 있더라구요.,0
일어나자마자 저한테 연락하고 어제 잘자라고 못해줘서 미안하다 그러고 음성으로 뭐하냐고 자기 일상 보고하는데 제 일상이 궁금하다는데 혹시 이거 썸인가요?,2
눈 뜨자마자 저한테 연락하고 어제 잠들기 전에 인사 못해줘서 미안하다 그러고 음성으로 뭐하냐고 자기 일상 보고하는데 제 일상이 궁금하다는데 혹시 이거 썸인가요?,2
눈 뜨자마자 저한테 연락하고 어제 잘자라고 못해줘서 미안하다 그러고 전화로 뭐하냐고 자기 일상 보고하는데 제 일상이 궁금하다는데 혹시 이거 썸인가요?,2
눈 뜨자마자 저한테 연락하고 어제 잘자라고 못해줘서 미안하다 그러고 음성으로 내가 뭐하는지 물어보고 자기 일상 보고하는데 제 일상이 궁금하다는데 혹시 이거 썸인가요?,2
눈 뜨자마자 저한테 연락하고 어제 잘자라고 못해줘서 미안하다 그러고 음성으로 뭐하냐고 본인의 하루 일과를 보고하는데 제 일상이 궁금하다는데 혹시 이거 썸인가요?,2
눈 뜨자마자 저한테 연락하고 어제 잘자라고 못해줘서 미안하다 그러고 음성으로 뭐하냐고 자기 일상 얘기해주고 제 일상이 궁금하다는데 혹시 이거 썸인가요?,2
눈 뜨자마자 저한테 연락하고 어제 잘자라고 못해줘서 미안하다 그러고 연락해서 뭐하냐고 자기 일상 보고하는데 제 일상이 궁금하다는데 혹시 이거 썸인가요?,2
눈 뜨자마자 저한테 연락하고 어제 잘자라고 못해줘서 미안하다 그러고 음성으로 뭐하냐고 본인이 오늘 뭐 했는지 제 일상이 궁금하다는데 혹시 이거 썸인가요?,2
눈 뜨자마자 저한테 연락하고 어제 잘자라고 못해줘서 미안하다 그러고 음성으로 뭐하냐고 자기 일상 보고하는데 제 하루 일과가 궁금하다는데 혹시 이거 썸인가요?,2
눈 뜨자마자 저한테 연락하고 어제 잘자라고 못해줘서 미안하다 그러고 음성으로 뭐하냐고 자기 일상 보고하는데 제 일상이 궁금하다는데 혹시 이거 저에게 보내는 애정 표시인가요?,2
여행 중 버스에서 우연히 영국인 남자와 같이 앉았어 도착할 때까지 서투른 영어 솜씨로 계속 대화하며 친해져서 도착해서도 나와 같이 돌아다녔어 7일 중 5일을 만나 런던 여행을 했고 마지막날 공항에 바래다주며 고백같은 말을 했어 나를 만난 건 자기한테 너무 행운이었고 나와 보낸 시간이 평생 잊을 수 없을 거라고 근데 지구 반대편에 살다보니 어쩔 수 없이 이별함 나보다 6살 어린 미성년자여서 이별했지만 내 인생에서 평생 잊을 수 없는 추억이다 평생 들을 예쁘다는 말을 걔한테 다 들었어,0
유럽여행 중 셔틀버스에서 우연히 영국인 남자애와 같이 앉았어 도착할 때까지 계속 대화하며 친해져서 도착해서도 나와 같이 사진찍고 저녁먹고 놀았어 7일 중 5일을 만나 런던 여행을 했고 마지막날 공항에 바래다주며 고백같은 말을 했어 나를 만난 건 자기한테 너무 행운이었고 나와 보낸 시간이 평생 잊을 수 없을 거라고 근데 지구 반대편에 살다보니 어쩔 수 없이 이별함 나보다 6살 어린 미성년자여서 이별했지만 내 인생에서 평생 잊을 수 없는 추억이다 평생 들을 예쁘다는 말을 걔한테 다 들었어,0
유럽여행 중 셔틀버스에서 우연히 영국인 남자애와 같이 앉았어 도착할 때까지 계속 대화하며 친해져서 도착해서도 나와 같이 돌아다녔어 여행 일정 7일 중 5일을 만나 같이 여행을 다녔고 마지막날 공항에 바래다주며 고백같은 말을 했어 나를 만난 건 자기한테 너무 행운이었고 나와 보낸 시간이 평생 잊을 수 없을 거라고 근데 지구 반대편에 살다보니 어쩔 수 없이 이별함 나보다 6살 어린 미성년자여서 이별했지만 내 인생에서 평생 잊을 수 없는 추억이다 평생 들을 예쁘다는 말을 걔한테 다 들었어,0
유럽여행 중 셔틀버스에서 우연히 영국인 남자애와 같이 앉았어 도착할 때까지 계속 대화하며 친해져서 도착해서도 나와 같이 돌아다녔어 일정 중 대부분을 남자애와 함께 런던 여행을 했고 마지막날 공항에 바래다주며 고백같은 말을 했어 나를 만난 건 자기한테 너무 행운이었고 나와 보낸 시간이 평생 잊을 수 없을 거라고 근데 지구 반대편에 살다보니 어쩔 수 없이 이별함 나보다 6살 어린 미성년자여서 이별했지만 내 인생에서 평생 잊을 수 없는 추억이다 평생 들을 예쁘다는 말을 걔한테 다 들었어,0
유럽여행 중 셔틀버스에서 우연히 영국인 남자애와 같이 앉았어 도착할 때까지 계속 대화하며 친해져서 도착해서도 나와 같이 돌아다녔어 7일 중 5일을 만나 런던 여행을 했고 마지막날 공항에 바래다주며 남자애가 내게 고백같은 말을 했어 나를 만난 건 자기한테 너무 행운이었고 나와 보낸 시간이 평생 잊을 수 없을 거라고 근데 지구 반대편에 살다보니 어쩔 수 없이 이별함 나보다 6살 어린 미성년자여서 이별했지만 내 인생에서 평생 잊을 수 없는 추억이다 평생 들을 예쁘다는 말을 걔한테 다 들었어,0
유럽여행 중 셔틀버스에서 우연히 영국인 남자애와 같이 앉았어 도착할 때까지 계속 대화하며 친해져서 도착해서도 나와 같이 돌아다녔어 7일 중 5일을 만나 런던 여행을 했고 마지막날 공항에 바래다주며 고백같은 말을 했어 나를 만난 건 본인한테 너무 행운이었고 나와 함께한 시간이 평생 잊을 수 없을 거라고 근데 지구 반대편에 살다보니 어쩔 수 없이 이별함 나보다 6살 어린 미성년자여서 이별했지만 내 인생에서 평생 잊을 수 없는 추억이다 평생 들을 예쁘다는 말을 걔한테 다 들었어,0
유럽여행 중 셔틀버스에서 우연히 영국인 남자애와 같이 앉았어 도착할 때까지 계속 대화하며 친해져서 도착해서도 나와 같이 돌아다녔어 7일 중 5일을 만나 런던 여행을 했고 마지막날 공항에 바래다주며 고백같은 말을 했어 나를 만나서 정말 좋았고 나와 보낸 시간이 평생 잊을 수 없을 거라고 근데 지구 반대편에 살다보니 어쩔 수 없이 이별함 나보다 6살 어린 미성년자여서 이별했지만 내 인생에서 평생 잊을 수 없는 추억이다 평생 들을 예쁘다는 말을 걔한테 다 들었어,0
유럽여행 중 셔틀버스에서 우연히 영국인 남자애와 같이 앉았어 도착할 때까지 계속 대화하며 친해져서 도착해서도 나와 같이 돌아다녔어 7일 중 5일을 만나 런던 여행을 했고 마지막날 공항에 바래다주며 고백같은 말을 했어 나를 만난 건 자기한테 너무 행운이었고 나와 보낸 시간이 평생 잊을 수 없을 거라고 근데 너무 멀리 살다보니 어쩔 수 없이 이별함 나보다 6살 어린 미성년자여서 이별했지만 내 인생에서 평생 잊을 수 없는 추억이다 평생 들을 예쁘다는 말을 걔한테 다 들었어,0
유럽여행 중 셔틀버스에서 우연히 영국인 남자애와 같이 앉았어 도착할 때까지 계속 대화하며 친해져서 도착해서도 나와 같이 돌아다녔어 7일 중 5일을 만나 런던 여행을 했고 마지막날 공항에 바래다주며 고백같은 말을 했어 나를 만난 건 자기한테 너무 행운이었고 나와 보낸 시간이 평생 잊을 수 없을 거라고 근데 지구 반대편에 살다보니 어쩔 수 없이 이별함 나보다 훨씬 어리고 미성년자여서 이별한것도 있지만 내 인생에서 평생 잊을 수 없는 추억이다 평생 들을 예쁘다는 말을 걔한테 다 들었어,0
유럽여행 중 셔틀버스에서 우연히 영국인 남자애와 같이 앉았어 도착할 때까지 계속 대화하며 친해져서 도착해서도 나와 같이 돌아다녔어 7일 중 5일을 만나 런던 여행을 했고 마지막날 공항에 바래다주며 고백같은 말을 했어 나를 만난 건 자기한테 너무 행운이었고 나와 보낸 시간이 평생 잊을 수 없을 거라고 근데 지구 반대편에 살다보니 어쩔 수 없이 이별함 나보다 6살 어린 미성년자여서 이별했지만 평생 간직할 추억이다 나한테 예쁘다는 말을 많이 해줬어,0
"내가 키가 좀 작아서 학교에서 다 나 놀려서 내 딴엔 좀 상처받았어 전남친 키가 181이었는데 그 날도 걔가 막 ""니 존ㄴ 작다"" 이러면서 계속 놀리는거야 내가 몇 번 받아주다가 너무 화가나서 빡쳐서 욕하고 표정 완전 구기고 내 자리로 걸어가려고 하는데 걔가 뒤에서 잡아서 확 안으면서 허리 구부리고 귀에다 ""거봐, 진짜 작잖아"" 이랬어 나 진짜 심장 쿵쾅쿵쾅거리고 너무 설레서 ""하지마라"" 라고 하고 내 자리로 천천히 걸어감. 소설에서 보던 일이 나한테 일어날 줄 몰랐어 그리고 맨날 때리고 안그러던 애가 그러니까",2
"내가 키가 좀 작아서 학교에서 다 나 놀려서 내 딴엔 좀 상처받았어 전남친 키가 181이었는데 그 날도 걔가 막 ""니 존ㄴ 작다"" 이러면서 계속 놀리는거야 내가 몇 번 받아주다가 너무 화가나서 욕하고 표정 완전 구기고 내 자리로 걸어가려고 하는데 걔가 뒤에서 잡아서 확 안으면서 허리 구부리고 귀에다 ""거봐, 진짜 작잖아"" 이랬어 나 진짜 심장 쿵쾅쿵쾅거리고 너무 설레서 ""하지마라"" 라고 하고 내 자리로 천천히 걸어감. 소설에서 보던 일이 나한테 일어날 줄 몰랐어 그리고 맨날 때리고 안그러던 애가 그러니까",2
"내가 키가 좀 작아서 학교에서 다 나 키작다고 놀려서 좀 상처받았어 그런데 전남친 키가 181이었는데 그 날도 걔가 막 ""니 존ㄴ 작다"" 이러면서 계속 놀리는거야 내가 몇 번 받아주다가 너무 화가나서 욕하고 표정 완전 구기고 내 자리로 걸어가려고 하는데 걔가 뒤에서 잡아서 확 안으면서 허리 구부리고 귀에다 ""거봐, 진짜 작잖아"" 이랬어 나 진짜 심장 쿵쾅쿵쾅거리고 너무 설레서 ""하지마라"" 라고 하고 내 자리로 천천히 걸어감. 소설에서 보던 일이 나한테 일어날 줄 몰랐어 그리고 맨날 때리고 안그러던 애가 그러니까",2
"내가 키가 좀 작아서 학교에서 다 나 놀려서 내 딴엔 좀 상처받았어 전남친 키가 엄청 컸는데 그 날도 걔가 막 ""너 엄청 작다"" 이러면서 계속 놀리는거야 내가 몇 번 받아주다가 너무 빡쳐서 욕하고 표정 완전 구기고 내 자리로 걸어가려고 하는데 걔가 뒤에서 잡아서 확 안으면서 허리 구부리고 귀에다 ""거봐, 진짜 작잖아"" 이랬어 나 진짜 심장 쿵쾅쿵쾅거리고 너무 설레서 ""하지마라"" 라고 하고 내 자리로 천천히 걸어감. 소설에서 보던 일이 나한테 일어날 줄 몰랐어 그리고 맨날 때리고 안그러던 애가 그러니까",2
"내가 키가 좀 작아서 학교에서 다 나 놀려서 내 딴엔 좀 상처받았어 전남친 키가 181이었는데 그 날도 걔가 막 ""너 키 진짜 작다"" 이러면서 계속 놀리는거야 내가 몇 번 받아주다가 너무 화가나서 빡쳐서 욕하고 표정 완전 구기고 내 자리로 걸어가려고 하는데 걔가 뒤에서 잡아서 확 안으면서 허리 구부리고 귀에다 ""거봐, 진짜 작잖아"" 이랬어 나 진짜 심장 쿵쾅쿵쾅거리고 너무 설레서 ""하지마라"" 라고 하고 내 자리로 천천히 걸어감. 소설에서 보던 일이 나한테 일어날 줄 몰랐어 그리고 맨날 때리고 안그러던 애가 그러니까",2
"내가 키가 좀 작아서 학교에서 다 나 놀려서 내 딴엔 좀 상처받았어 전남친 키가 181이었는데 그 날도 걔가 막 ""니 존ㄴ 작다"" 이러면서 계속 놀리는거야 내가 몇 번 대꾸하가 너무 화가나서 빡쳐서 욕설하고 표정 완전 구기고 내 자리로 걸어가려고 하는데 걔가 뒤에서 잡아서 확 안으면서 허리 구부리고 귀에다 ""거봐, 진짜 작잖아"" 이랬어 나 진짜 심장 쿵쾅쿵쾅거리고 너무 설레서 ""하지마라"" 라고 하고 내 자리로 천천히 걸어감. 소설에서 보던 일이 나한테 일어날 줄 몰랐어 그리고 맨날 때리고 안그러던 애가 그러니까",2
"내가 키가 좀 작아서 학교에서 다 나 놀려서 내 딴엔 좀 상처받았어 전남친 키가 181이었는데 그 날도 걔가 막 ""니 존ㄴ 작다"" 이러면서 계속 놀리는거야 내가 몇 번 받아주다가 너무 화가나서 빡쳐서 욕하고 표정 완전 구기고 내 자리로 걸어가려고 하는데 걔가 뒤에서 나를 붙잡아서 확 안으면서 허리 구부리고 내 귀에다 ""거봐, 진짜 작잖아"" 이랬어 나 진짜 심장 쿵쾅쿵쾅거리고 너무 설레서 ""하지마라"" 라고 하고 내 자리로 천천히 걸어감. 소설에서 보던 일이 나한테 일어날 줄 몰랐어 그리고 맨날 때리고 안그러던 애가 그러니까",2
"내가 키가 좀 작아서 학교에서 다 나 놀려서 내 딴엔 좀 상처받았어 전남친 키가 181이었는데 그 날도 걔가 막 ""니 존ㄴ 작다"" 이러면서 계속 놀리는거야 내가 몇 번 받아주다가 너무 화가나서 빡쳐서 욕하고 표정 완전 구기고 내 자리로 걸어가려고 하는데 걔가 뒤에서 잡아서 확 안으면서 허리 구부리고 귀에다 ""거봐, 진짜 작잖아"" 이랬어 나 진짜 엄청 떨리고 너무 설레서 ""하지마라"" 라고 하고 내 자리로 천천히 걸어감. 소설에서 보던 일이 나한테 일어날 줄 몰랐어 그리고 맨날 때리고 안그러던 애가 그러니까",2
"내가 키가 좀 작아서 학교에서 다 나 놀려서 내 딴엔 좀 상처받았어 전남친 키가 181이었는데 그 날도 걔가 막 ""니 존ㄴ 작다"" 이러면서 계속 놀리는거야 내가 몇 번 받아주다가 너무 화가나서 빡쳐서 욕하고 표정 완전 구기고 내 자리로 걸어가려고 하는데 걔가 뒤에서 잡아서 확 안으면서 허리 구부리고 귀에다 ""거봐, 진짜 작잖아"" 이랬어 나 진짜 심장 두근두근거리고 너무 설레서 ""하지마라"" 라고 하고 내 자리로 천천히 걸어감. 듣기만 하던 일이 나한테 일어날 줄 몰랐어 그리고 맨날 때리고 안그러던 애가 그러니까",2
"내가 키가 좀 작아서 학교에서 다 나 놀려서 내 딴엔 좀 상처받았어 전남친 키가 181이었는데 그 날도 걔가 막 ""니 존ㄴ 작다"" 이러면서 계속 놀리는거야 내가 몇 번 받아주다가 너무 화가나서 빡쳐서 욕하고 표정 완전 구기고 내 자리로 걸어가려고 하는데 걔가 뒤에서 잡아서 확 안으면서 허리 구부리고 귀에다 ""거봐, 진짜 작잖아"" 이랬어 나 진짜 심장 쿵쾅쿵쾅거리고 너무 설랬어. 소설에서 보던 일이 나한테 일어날 줄 몰랐어 그리고 맨날 때리고 안그러던 애가 그러니까",2
체육대회에서 계주 하다가 넘어져서 무릎이랑 손이 다쳤는데 썸남이 나한테 묻지도 따지지도 않고 걱정하는 표정으로 나를 업어서 양호실로 데려갔을때 설어,0
체육대회에서 계주 하다가 다쳤는데 썸남이 나한테 묻지도 따지지도 않고 걱정하는 표정으로 나를 업어서 양호실로 데려갔을때 설어,0
체육대회에서 계주 하다가 넘어져서 무릎이랑 손이 까졌는데 남자애가 나한테 묻지도 따지지도 않고 걱정하는 표정으로 나를 업어서 양호실로 데려갔을때 설어,0
체육대회에서 계주 하다가 넘어져서 무릎이랑 손이 까졌는데 짝남이 나한테 묻지도 따지지도 않고 걱정하는 표정으로 나를 업어서 양호실로 데려갔을때 설어,0
체육대회에서 계주 하다가 넘어져서 무릎이랑 손이 까졌는데 남사친이 나한테 묻지도 따지지도 않고 걱정하는 표정으로 나를 업어서 양호실로 데려갔을때 설어,0
체육대회에서 계주 하다가 넘어져서 무릎이랑 손이 까졌는데 썸남이 걱정하는 표정으로 나를 업어서 양호실로 데려갔을때 설어,0
체육대회에서 계주 하다가 넘어져서 무릎이랑 손이 까졌는데 썸남이 나한테 묻지도 따지지도 않고 걱정하는 표정으로 나를 업어서 양호실로 데려갔을때 두근거렸어,0
체육대회에서 계주 하다가 넘어져서 무릎이랑 손이 까졌는데 썸남이 나한테 이유는 안묻고 걱정하는 표정으로 나를 업어서 양호실로 데려갔을때 설어,0
체육대회에서 뛰다가 넘어져서 무릎이랑 손이 까졌는데 썸남이 내게 묻지도 따지지도 않고 걱정하는 표정으로 나를 업어서 양호실로 데려갔을때 설어,0
체육대회에서 계주 하다가 넘어져서 무릎이랑 손이 까졌는데 썸남이 나한테 묻지도 따지지도 않고 걱정하는 표정으로 나를 데리고 양호실로 갔을때 설어,0
최근에 동네 주민이된 여성동료와 남성동료와 함께 한 차를 타고 출퇴근을 하게되었습니다. 차를 탈 때마다 저만 조수석에 태우고 다른 여성동료를 뒤에 태우고 출근을 했습니다. 퇴근을 할때는 제 집을 지나쳐 다른 여성동료를 먼저 내려주고 마지막에 저를 내려주었습니다. 그래서 제가 뒤에 타겠다고 말을 먼저했고 남직원은 일부러 조수석에 태운거고 노래선곡을 잘한다는 칭찬을 해주었습니다.,2
"최근에 동네 주민이된 여성동료 1명과 남성동료 1명, 3명이서 카풀을 하게되었습니다. 카풀을 할때마다 저만 본인 옆인 조수석에 태우고 다른 여성동료를 뒤에 태우고 출근을 했습니다. 퇴근을 할때는 제 집을 지나쳐 다른 여성동료를 먼저 내려주고 마지막에 저를 내려주었습니다. 그래서 제가 뒤에 타겠다고 말을 먼저했고 남직원은 일부러 조수석에 태운거고 노래선곡을 잘한다는 칭찬을 해주었습니다.",2
"최근에 동네 주민이된 여성동료 1명과 남성동료 1명, 3명이서 카풀을 하게되었습니다. 카풀을 할때마다 저만 앞에 태우고 다른 여성동료는 뒤에 태우고 출근을 했습니다. 퇴근을 할때는 제 집을 지나쳐 다른 여성동료를 먼저 내려주고 마지막에 저를 내려주었습니다. 그래서 제가 뒤에 타겠다고 말을 먼저했고 남직원은 일부러 앞에 태운거고 노래선곡을 잘한다는 칭찬을 해주었습니다.",2
"최근에 동네 주민이된 여성동료 1명과 남성동료 1명, 3명이서 카풀을 하게되었습니다. 출근을 할때마다 저만 조수석에 태우고 다른 여성동료를 뒤에 태우고 출근을 했습니다. 퇴근을 할때는 제 집을 지나쳐 다른 여성동료를 먼저 내려주고 마지막에 저를 내려주었습니다. 그래서 제가 뒤에 타겠다고 말을 먼저했고 남직원은 일부러 조수석에 태운거고 노래선곡을 잘한다는 칭찬을 해주었습니다.",2
"최근에 동네 주민이된 여성동료 1명과 남성동료 1명, 3명이서 카풀을 하게되었습니다. 카풀을 할때마다 저만 조수석에 태우고 다른 여성동료를 뒤에 태우고 출근을 했습니다. 퇴근을 할때는 다른 여성동료를 먼저 내려주고 마지막에 저를 내려주었습니다. 그래서 제가 뒤에 타겠다고 말을 먼저했고 남직원은 일부러 조수석에 태운거고 노래선곡을 잘한다는 칭찬을 해주었습니다.",2
"최근에 동네 주민이된 여성동료 1명과 남성동료 1명, 3명이서 카풀을 하게되었습니다. 카풀을 할때마다 저만 조수석에 태우고 다른 여성동료를 뒤에 태우고 출근을 했습니다. 퇴근을 할때는 제 집을 지나쳐 다른 여성동료를 먼저 내려주고 마지막에 저를 내려주었습니다. 그래서 제가 뒤에 타겠다고 말했는데 남직원은 일부러 조수석에 태운거고 노래선곡을 잘한다는 칭찬을 해주었습니다.",2
"최근에 동네 주민이된 여성동료 1명과 남성동료 1명, 3명이서 카풀을 하게되었습니다. 카풀을 할때마다 저만 항상 옆에 태우고 다른 여성동료를 뒤에 태우고 출근을 했습니다. 퇴근을 할때는 제 집을 지나쳐 다른 여성동료를 먼저 내려주고 마지막에 저를 내려주었습니다. 그래서 제가 뒤에 타겠다고 말을 먼저했고 남직원은 일부러 옆에 태운거고 노래선곡을 잘한다는 칭찬을 해주었습니다.",2
"최근에 동네 주민이된 여성동료 1명과 남성동료 1명, 3명이서 카풀을 하게되었습니다. 카풀을 할때마다 저만 조수석에 태우고 다른 여성동료를 뒤에 태우고 출근을 했습니다. 퇴근을 할때는 제 집을 지나쳐 다른 여성동료를 먼저 내려주고 마지막에 저를 내려주었습니다. 그래서 제가 뒤에 타겠다고 말을 먼저했고 남직원은 일부러 조수석에 태운거고 노래를 잘 고른다는 칭찬을 해주었습니다.",2
"최근에 동네 주민이된 여성동료 1명과 남성동료 1명, 3명이서 카풀을 하게되었습니다. 카풀을 할때마다 저만 조수석에 태우고 다른 여성동료를 뒤에 태우고 출근을 했습니다. 퇴근을 할때는 제 집을 지나쳐 다른 여성동료를 먼저 내려주고 나서야 저를 내려주었습니다. 그래서 제가 뒤에 타겠다고 말을 먼저했고 남직원은 일부러 조수석에 태운거고 노래선곡을 잘한다는 칭찬을 해주었습니다.",2
"최근에 동네 주민이된 여성동료 1명과 남성동료 1명, 3명이서 카풀을 하게되었습니다. 카풀을 할때마다 저만 조수석에 태우고 다른 여성동료를 뒤에 태우고 출근을 했습니다. 퇴근을 할때는 제 집을 지나쳐 다른 여성동료를 먼저 내려주고 마지막에 저를 내려주었습니다. 그래서 제가 뒤에 타겠다고 말했더니 남직원은 일부러 저를 조수석에 앉힌거고 노래선곡을 잘한다는 칭찬을 해주었습니다.",2
저번주에 수영장 놀러갔는데 파도풀에서 놀다가 안전요원들이 파도 올때마다 잠수 하는게 너무 멋진거야 근데 내가 와.. 하고 쳐다보고있었는데 좀 훈훈하게 생긴 안전요원이랑 눈마주치고 그 안전요원이 파도오는거 쓱 보더니 나 보고 살짝웃고 잠수하는데 너무 멋졌어,0
저번주에 오션월드 갔는데 파도풀에서 놀다가 안전요원들이 파도 올때마다 잠수하는 모습이 너무 멋진거야 근데 내가 와.. 하고 쳐다보고있었는데 좀 훈훈하게 생긴 안전요원이랑 눈마주치고 그 안전요원이 파도오는거 쓱 보더니 나 보고 살짝웃고 잠수하는데 너무 멋졌어,0
저번주에 오션월드 갔는데 파도풀에서 놀다가 안전요원들이 잠수 하는게 너무 멋진거야 근데 내가 와.. 하고 쳐다보고있었는데 좀 훈훈하게 생긴 안전요원이랑 눈마주치고 그 안전요원이 파도오는거 쓱 보더니 나 보고 살짝웃고 잠수하는데 너무 멋졌어,0
저번주에 오션월드 갔는데 파도풀에서 놀다가 안전요원들이 파도 올때마다 잠수 하는게 너무 멋진거야 내가 감탄하면서 쳐다보고있었는데 좀 훈훈하게 생긴 안전요원이랑 눈마주치고 그 안전요원이 파도오는거 쓱 보더니 나 보고 살짝웃고 잠수하는데 너무 멋졌어,0
저번주에 오션월드 갔는데 파도풀에서 놀다가 안전요원들이 파도 올때마다 잠수 하는게 너무 멋진거야 근데 내가 와.. 하고 쳐다보고있었는데 잘생긴 안전요원이랑 눈마주치고 그 안전요원이 파도오는거 쓱 보더니 나 보고 살짝웃고 잠수하는데 너무 멋졌어,0
저번주에 오션월드 갔는데 파도풀에서 놀다가 안전요원들이 파도 올때마다 잠수 하는게 너무 멋진거야 좀 훈훈하게 생긴 안전요원이랑 눈마주치고 그 안전요원이 파도오는거 쓱 보더니 나 보고 살짝 웃고 잠수하는 모습이 너무 멋졌어,0
저번주에 수영장 놀러갔는데 안전요원들이 파도 올때마다 잠수 하는게 너무 멋진거야 근데 내가 와.. 하고 쳐다보고있었는데 좀 훈훈하게 생긴 안전요원이랑 눈마주치고 그 안전요원이 파도오는거 쓱 보더니 나 보고 살짝웃고 잠수하는데 너무 멋졌어,0
저번주에 수영장 놀러갔는데 파도풀에서 놀다가 안전요원들이 파도 올때마다 잠수 하는게 너무 멋져서 계속 쳐다보고있었는데 좀 훈훈하게 생긴 안전요원이랑 눈마주치고 그 안전요원이 파도오는거 쓱 보더니 나 보고 살짝웃고 잠수하는데 너무 멋졌어,0
"중학교 때 조별로 손 제일 큰 사람 찾는 게 있었는데 나는 동갑 중에 손이 작아서 ""아 난 안돼..""라고 혼자 중얼거렸는데 같은 조인 남자애가 내 쪽으로 뒤돌아 보면서 ""왜?""라고 묻길래 내 손 비비면서 ""손이 작아서..""라고 하니까 ""얼마나 작은데?"" 하면서 내 책상 위로 팔꿈치 대고 손 대보라는 식으로 해서 재봤는데 ""와~ 진짜 작네?"" 라고 하면서 갑자기 싱긋웃으면서 손 깍지 진짜 뭐 아무것도 없던 애였어서 난 당황했는데 걔는 그렇게 하고 다행히 아무도 우리한테 관심 안가져줘서 앞에서 큰 소리 나기 전까지 걔가 내 손 잡고 계속 나 쳐다봤었음 몇 년 지난 지금도 생각 날 정도로 웃는 게 너무 예뻤어.. 진짜 딱 잡았을 때 시간이 멈춘 느낌. 내 인생에서 제일 설렘 가득했던 손 잡기였어",0
"중학교 때 조별로 손 제일 큰 사람 찾는 게 있었는데 나는 동갑 중에 나보다 손 작은 사람 본 적이 없을 정도로 겁나 작아서 ""아 난 안돼..""라고 혼자 중얼거렸는데 같은 조인 짝궁이 날 보면서 ""왜?""라고 묻길래 내 손 비비면서 ""손이 작아서..""라고 하니까 ""얼마나 작은데?"" 하면서 내 책상 위로 팔꿈치 대고 손 대보라는 식으로 해서 재봤는데 ""와~ 진짜 작네?"" 라고 하면서 갑자기 싱긋웃으면서 손 깍지 진짜 뭐 아무것도 없던 애였어서 난 당황했는데 걔는 그렇게 하고 다행히 아무도 우리한테 관심 안가져줘서 앞에서 큰 소리 나기 전까지 걔가 내 손 잡고 계속 나 쳐다봤었음 몇 년 지난 지금도 생각 날 정도로 웃는 게 너무 예뻤어.. 진짜 딱 잡았을 때 시간이 멈춘 느낌. 내 인생에서 제일 설렘 가득했던 손 잡기였어",0
"중학교 때 조별로 손 제일 큰 사람 찾는 게 있었는데 나는 동갑 중에 나보다 손 작은 사람 본 적이 없을 정도로 겁나 작아서 ""아 난 안돼..""라고 혼자 중얼거렸는데 같은 조인 남자애가 내 쪽으로 뒤돌아 보면서 왜냐고 묻길래 손이 작다고 대답하니까 ""얼마나 작은데?"" 하면서 내 책상 위로 팔꿈치 대고 손 대보라는 식으로 해서 재봤는데 ""와~ 진짜 작네?"" 라고 하면서 갑자기 싱긋웃으면서 손 깍지 진짜 뭐 아무것도 없던 애였어서 난 당황했는데 걔는 그렇게 하고 다행히 아무도 우리한테 관심 안가져줘서 앞에서 큰 소리 나기 전까지 걔가 내 손 잡고 계속 나 쳐다봤었음 몇 년 지난 지금도 생각 날 정도로 웃는 게 너무 예뻤어.. 진짜 딱 잡았을 때 시간이 멈춘 느낌. 내 인생에서 제일 설렘 가득했던 손 잡기였어",0
"중학교 때 조별로 손 제일 큰 사람 찾는 게 있었는데 나는 동갑 중에 나보다 손 작은 사람 본 적이 없을 정도로 겁나 작아서 ""아 난 안돼..""라고 혼자 중얼거렸는데 같은 조인 남자애가 내 쪽으로 뒤돌아 보면서 ""왜?""라고 묻길래 내 손 비비면서 ""손이 작아서..""라고 하니까 ""얼마나 작은데?"" 하면서 내 손을 대보라는 식으로 해서 걔 손에 대고 재봤는데 ""와~ 진짜 작네?"" 라고 하면서 갑자기 싱긋웃으면서 손 깍지 진짜 뭐 아무것도 없던 애였어서 난 당황했는데 걔는 그렇게 하고 다행히 아무도 우리한테 관심 안가져줘서 앞에서 큰 소리 나기 전까지 걔가 내 손 잡고 계속 나 쳐다봤었음 몇 년 지난 지금도 생각 날 정도로 웃는 게 너무 예뻤어.. 진짜 딱 잡았을 때 시간이 멈춘 느낌. 내 인생에서 제일 설렘 가득했던 손 잡기였어",0
"중학교 때 조별로 손 제일 큰 사람 찾는 게 있었는데 나는 동갑 중에 나보다 손 작은 사람 본 적이 없을 정도로 겁나 작아서 ""아 난 안돼..""라고 혼자 중얼거렸는데 같은 조인 남자애가 내 쪽으로 뒤돌아 보면서 ""왜?""라고 묻길래 내 손 비비면서 ""손이 작아서..""라고 하니까 ""얼마나 작은데?"" 하면서 내 책상 위로 팔꿈치 대고 손 대보라는 식으로 해서 재봤는데 ""와~ 진짜 작네?"" 라고 하면서 갑자기 싱긋웃으면서 손깍지를 꼈어 진짜 뭐 아무것도 없던 애였어서 난 당황했는데 걔는 그렇게 하고 다행히 아무도 우리한테 관심 안가져줘서 앞에서 큰 소리 나기 전까지 걔가 내 손 잡고 계속 나 쳐다봤었음 몇 년 지난 지금도 생각 날 정도로 웃는 게 너무 예뻤어.. 진짜 딱 잡았을 때 시간이 멈춘 느낌. 내 인생에서 제일 설렘 가득했던 손 잡기였어",0
"중학교 때 조별로 손 제일 큰 사람 찾는 게 있었는데 나는 동갑 중에 나보다 손 작은 사람 본 적이 없을 정도로 겁나 작아서 ""아 난 안돼..""라고 혼자 중얼거렸는데 같은 조인 남자애가 내 쪽으로 뒤돌아 보면서 ""왜?""라고 묻길래 내 손 비비면서 ""손이 작아서..""라고 하니까 ""얼마나 작은데?"" 하면서 내 책상 위로 팔꿈치 대고 손 대보라는 식으로 해서 재봤는데 ""와~ 진짜 작네?"" 라고 하면서 갑자기 싱긋웃으면서 손을 맞잡았어 진짜 뭐 아무것도 없던 애였어서 난 당황했는데 걔는 그렇게 하고 다행히 아무도 우리한테 관심 안가져줘서 앞에서 큰 소리 나기 전까지 걔가 내 손 잡고 계속 나 쳐다봤었음 몇 년 지난 지금도 생각 날 정도로 웃는 게 너무 예뻤어.. 진짜 딱 잡았을 때 시간이 멈춘 느낌. 내 인생에서 제일 설렘 가득했던 손 잡기였어",0
"중학교 때 조별로 손 제일 큰 사람 찾는 게 있었는데 나는 동갑 중에 나보다 손 작은 사람 본 적이 없을 정도로 겁나 작아서 ""아 난 안돼..""라고 혼자 중얼거렸는데 같은 조인 남자애가 내 쪽으로 뒤돌아 보면서 ""왜?""라고 묻길래 내 손 비비면서 ""손이 작아서..""라고 하니까 ""얼마나 작은데?"" 하면서 내 책상 위로 팔꿈치 대고 손 대보라는 식으로 해서 재봤는데 ""와~ 진짜 작네?"" 라고 하면서 갑자기 싱긋웃으면서 손 깍지 아무런 관련이 없던 애였어서 난 당황했는데 걔는 내 손 잡고 계속 나 쳐다봤었음 몇 년 지난 지금도 생각 날 정도로 웃는 게 너무 예뻤어.. 진짜 딱 잡았을 때 시간이 멈춘 느낌. 내 인생에서 제일 설렘 가득했던 손 잡기였어",0
"중학교 때 조별로 손 제일 큰 사람 찾는 게 있었는데 나는 동갑 중에 나보다 손 작은 사람 본 적이 없을 정도로 겁나 작아서 ""아 난 안돼..""라고 혼자 중얼거렸는데 같은 조인 남자애가 내 쪽으로 뒤돌아 보면서 ""왜?""라고 묻길래 내 손 비비면서 ""손이 작아서..""라고 하니까 ""얼마나 작은데?"" 하면서 내 책상 위로 팔꿈치 대고 손 대보라는 식으로 해서 재봤는데 ""와~ 진짜 작네?"" 라고 하면서 갑자기 싱긋웃으면서 손 잡았어 난 당황했는데 걔는 그렇게 하고 다행히 아무도 우리한테 관심 안가져줘서 앞에서 큰 소리 나기 전까지 걔가 내 손 잡고 계속 나 쳐다봤었음 몇 년 지난 지금도 생각 날 정도로 웃는 게 너무 예뻤어.. 내 인생에서 제일 설렘 가득했던 손 잡기였어",0
"중학교 때 조별로 손 제일 큰 사람 찾는 게 있었는데 나는 동갑 중에 나보다 손 작은 사람 본 적이 없을 정도로 겁나 작아서 ""아 난 안돼..""라고 혼자 중얼거렸는데 같은 조인 남자애가 내 쪽으로 뒤돌아 보면서 ""왜?""라고 묻길래 내 손 비비면서 ""손이 작아서..""라고 하니까 ""얼마나 작은데?"" 하면서 내 책상 위로 팔꿈치 대고 손 대보라는 식으로 해서 재봤는데 ""와~ 진짜 작네?"" 라고 하면서 갑자기 싱긋웃으면서 손 깍지 진짜 뭐 아무것도 없던 애였어서 난 당황했는데 걔는 내 손을 잡은 채로 한참동안 계속 나 쳐다봤었음 몇 년 지난 지금도 생각 날 정도로 웃는 게 너무 예뻤어.. 진짜 딱 잡았을 때 시간이 멈춘 느낌. 내 인생에서 제일 설렘 가득했던 손 잡기였어",0
"중학교 때 조별로 손 제일 큰 사람 찾는 게 있었는데 나는 동갑 중에 나보다 손 작은 사람 본 적이 없을 정도로 겁나 작아서 ""아 난 안돼..""라고 혼자 중얼거렸는데 같은 조인 남자애가 내 쪽으로 뒤돌아 보면서 ""왜?""라고 묻길래 내 손 비비면서 ""손이 작아서..""라고 하니까 ""얼마나 작은데?"" 하면서 서로 손바닥을 마주하고 대봤는데 ""와~ 진짜 작네?"" 라고 하면서 갑자기 싱긋웃으면서 손 깍지 진짜 뭐 아무것도 없던 애였어서 난 당황했는데 걔는 그렇게 하고 다행히 아무도 우리한테 관심 안가져줘서 앞에서 큰 소리 나기 전까지 걔가 내 손 잡고 계속 나 쳐다봤었음 몇 년 지난 지금도 생각 날 정도로 웃는 게 너무 예뻤어.. 진짜 딱 잡았을 때 시간이 멈춘 느낌. 내 인생에서 제일 설렘 가득했던 손 잡기였어",0
초등학생때 여자애가 나 좋아한다고 나중에 결혼하자고 하고 나 쫓아다니고 그랬어 ㅎㅎ 그리고 그때의 난 부끄러워서 걔 피하고 결혼 안한다고 했고 남중테크를 탄 뒤 그 후 아무도 날 좋아해주지 않았지…,0
초등학생때 어떤 여자애가 나 좋다면서 나중에 결혼하면서 나 따라다니고 그랬어 ㅎㅎ 그리고 그때의 난 부끄러워서 걔 피하고 결혼 안한다고 했고 남중테크를 탄 뒤 그 후 아무도 날 좋아해주지 않았지…,0
초등학생때 어떤 여자애가 나 좋다면서 나중에 결혼하자고 하고 나 쫓아다니고 그랬어 ㅎㅎ 그때의 난 내성적이고 부끄러움을 타서 걔 피하고 결혼 안한다고 했고 남중테크를 탄 뒤 그 후 아무도 날 좋아해주지 않았지…,0
초등학생때 어떤 여자애가 나 좋다면서 나중에 결혼하자고 하고 나 쫓아다니고 그랬어 ㅎㅎ 그리고 그때의 난 부끄러워서 여자애를 피해다니고 결혼 안한다고 했고 남중테크를 탄 뒤 그 후 아무도 날 좋아해주지 않았지…,0
초등학생때 어떤 여자애가 나 좋다면서 나중에 결혼하자고 하고 나 쫓아다니고 그랬어 ㅎㅎ 그리고 그때의 난 부끄러워서 걔 피하고 결혼 안한다고 했고 남자 중학교를 간 뒤 그 후 아무도 날 좋아해주지 않았지…,0
초등학생때 어떤 여자애가 나 좋다면서 나중에 결혼하자고 하고 나 쫓아다니고 그랬어 ㅎㅎ 그리고 그때의 난 부끄러워서 걔 피하고 결혼 안한다고 했고 남초 학교로 간 뒤 그 후 아무도 날 좋아해주지 않았지…,0
초등학생때 어떤 여자애가 나 좋다면서 나중에 결혼하자고 하고 나 쫓아다니고 그랬어 ㅎㅎ 그리고 그때의 난 부끄러워서 걔 피하고 결혼 안한다고 했고 남중테크를 탄 뒤 그 후 아무도 나에게 관심을 주지 않았지…,0
초등학생때 어떤 여자애가 나 좋다면서 나중에 결혼하자고 하고 나 쫓아다니고 그랬어 ㅎㅎ 그리고 그때의 난 부끄러워서 걔 피하고 결혼 안한다고 했고 남중테크를 탄 뒤 그 후 아무도 나한테 좋아한다는 얘기를 한 사람이 없지..,0
썸남 앞에서 고개 숙이고 딴짓 하고 있었어 썸남이 바쁘게 일하다가 갑자기 멈추더니 조심스럽게 내 머리 쓰담쓰담 또 썸남 손에 내 손을 얹었는데 내 손은 가위 모양이었어 그분이 가위바위보 하자는거냐며 웃었어 저번에 썸남한테 내가 주먹을 보인 적이 있었는데 자기 손으로 가위를 만들어서 일부러 지게 해준 기억때문에 설레는 기분이 들었어 그 뒤로도 막 이쁘다 해주고 그랬는데 최근에는 나 싫어하는것처럼 느껴지지만 그것도 아닌 것 같아,0
좋아하는 사람 앞에서 고개 숙이고 혼자 뭐 끄적이고 있었어 그분이 바쁘게 일하다가 갑자기 멈추더니 조심스럽게 내 머리를 쓰다듬어 주는거야 또 그분 손에 내 손을 얹었는데 내 손은 가위 모양이었어 그분이 가위바위보 하자는거냐며 웃었어 저번에 그분한테 내가 주먹을 보인 적이 있었는데 자기 손으로 가위를 만들어서 일부러 지게 해준 기억때문에 설레는 기분이 들었어 그 뒤로도 막 이쁘다 해주고 그랬는데 최근에는 나 싫어하는것처럼 느껴지지만 그것도 아닌 것 같아,0
좋아하는 사람 앞에서 고개 숙이고 혼자 뭐 끄적이고 있었어 그분이 바쁘게 일하다가 갑자기 멈추더니 내 머리를 쓰담아주는거야 또 그분 손에 내 손을 얹었는데 내 손은 가위 모양이었어 그분이 가위바위보 하자는거냐며 웃었어 저번에 그분한테 내가 주먹을 보인 적이 있었는데 자기 손으로 가위를 만들어서 일부러 지게 해준 기억때문에 설레는 기분이 들었어 그 뒤로도 막 이쁘다 해주고 그랬는데 최근에는 나 싫어하는것처럼 느껴지지만 그것도 아닌 것 같아,0
좋아하는 사람 앞에서 고개 숙이고 혼자 뭐 끄적이고 있었어 그분이 바쁘게 일하다가 갑자기 멈추더니 조심스럽게 내 머리 쓰담쓰담 또 그분 손에 내 손을 얹었는데 내 손은 가위 모양이었어 그분이 가위바위보 하자는거냐며 웃었어 저번에 그분한테 내가 주먹을 보였는데 본인 손으로 가위를 만들어서 일부러 내가 이길 수 있게 해준 기억때문에 설레는 기분이 들었어 그 뒤로도 막 이쁘다 해주고 그랬는데 최근에는 나 싫어하는것처럼 느껴지지만 그것도 아닌 것 같아,0
좋아하는 사람 앞에서 고개 숙이고 혼자 뭐 끄적이고 있었어 그분이 바쁘게 일하다가 갑자기 멈추더니 조심스럽게 내 머리 쓰담쓰담 또 그분 손에 내 손을 얹었는데 내 손은 가위 모양이었어 그분이 가위바위보 하자는거냐며 웃었어 저번에 그분한테 내가 주먹을 보인 적이 있었는데 자기 손으로 가위를 만들어서 일부러 지게 해준 기억때문에 기분이 설레고 좋았어 그 뒤로도 막 이쁘다 해주고 그랬는데 최근에는 나 싫어하는것처럼 느껴지지만 그것도 아닌 것 같아,0
좋아하는 사람 앞에서 고개 숙이고 혼자 뭐 끄적이고 있었어 그분이 바쁘게 일하다가 갑자기 멈추더니 조심스럽게 내 머리 쓰담쓰담 또 그분 손에 내 손을 얹었는데 내 손은 가위 모양이었어 그분이 가위바위보 하자는거냐며 웃었어 저번에 그분한테 내가 주먹을 보인 적이 있었는데 자기 손으로 가위를 만들어서 일부러 지게 해준 기억때문에 설레는 기분이 들었어 그 뒤로도 나한테 막 이쁘다 해주고 칭찬해주고 그랬는데 최근에는 나 싫어하는것처럼 느껴지지만 그것도 아닌 것 같아,0
좋아하는 사람 앞에서 고개 숙이고 혼자 뭐 끄적이고 있었어 그분이 바쁘게 일하다가 갑자기 멈추더니 조심스럽게 내 머리 쓰담쓰담 또 그분 손에 내 손을 얹었는데 내 손은 가위 모양이었어 그분이 가위바위보 하자는거냐며 웃었어 저번에 그분한테 내가 주먹을 보인 적이 있었는데 자기 손으로 가위를 만들어서 일부러 지게 해준 기억때문에 설레는 기분이 들었어 그 뒤로도 막 이쁘다 해주고 그랬는데 최근에는 나와 멀어진 것처럼 느껴지지만 그것도 아닌 것 같아,0
좋아하는 사람 앞에서 고개 숙이고 혼자 뭐 끄적이고 있었어 그분이 바쁘게 일하다가 갑자기 멈추더니 조심스럽게 내 머리 쓰담쓰담 또 그분 손에 내 손을 얹었는데 내 손은 가위 모양이었어 그분이 가위바위보 하자는거냐며 웃었어 저번에 그분한테 내가 주먹을 보인 적이 있었는데 자기 손으로 가위를 만들어서 일부러 본인이 져서 설레는 기분이 들었어 그 뒤로도 막 이쁘다 해주고 그랬는데 최근에는 나 싫어하는것처럼 느껴지지만 그것도 아닌 것 같아,0
좋아하는 사람 앞에서 고개 숙이고 혼자 뭐 끄적이고 있었어 그분이 바쁘게 일하다가 갑자기 멈추더니 조심스럽게 내 머리 쓰담쓰담 또 그분 손에 내 손을 얹었는데 내 손은 가위 모양이었어 그분이 가위바위보 하자는거냐며 웃었어 저번에 그분한테 내가 주먹을 낸인 적이 있었는데 자기 손으로 가위를 만들어서 일부러 자기가 지게 해준 경험이 있어서 설레는 기분이 들었어 그 뒤로도 막 이쁘다 해주고 그랬는데 최근에는 나 싫어하는것처럼 느껴지지만 그것도 아닌 것 같아,0
좋아하는 사람 앞에서 고개 숙이고 혼자 뭐 끄적이고 있었어 그분이 바쁘게 일하다가 갑자기 멈추더니 조심스럽게 내 머리 쓰담쓰담 또 그분 손에 내 손을 얹었는데 내 손은 가위 모양이었어 그분이 가위바위보 하자는거냐며 웃었어 저번에 그분한테 내가 주먹을 낸 적이 있었는데 자기 손으로 가위를 만들어서 일부러 지게 해준 기억때문에 설레는 기분이 들었어 그 뒤로도 막 이쁘다 해주고 그랬는데 최근에는 나 싫어하는것처럼 느껴지지만 그것도 아닌 것 같아,0
내가 키가 작아서 애들이 이거로 장난을 많이 치는데 또 언제 애들이 놀려서 탄식하고 있는데 남자애가 와서 “근데 키 작으면 귀엽지않나?” 라고 해줌.... 고맙다 이놈아ㅠㅠㅠ,0
내가 키가 작아서 애들이 내 키로 장난을 많이 치는데 언젠가 애들이 또 놀려서 소리지르고 있는데 남자애가 와서 “근데 키 작으면 귀엽지않나?” 라고 해줌.... 고맙다 이놈아,0
내가 키가 작아서 애들이 내 키로 장난을 많이 치는데 언젠가 애들이 또 놀려서 탄식하고 있는데 남사친이 와서 “근데 키 작으면 귀엽지않나?” 라고 해줌.... 고맙다 이놈아,0
내가 키가 작아서 애들이 내 키로 장난을 많이 치는데 언젠가 애들이 또 놀려서 탄식하고 있는데 그 애가 와서 “근데 키 작으면 귀엽지않나?” 라고 해줌.... 고맙다 이놈아,0
내가 키가 작아서 애들이 내 키로 장난을 많이 치는데 언젠가 애들이 또 놀려서 탄식하고 있는데 남자애가 와서 “근데 키 작으면 귀엽잖아” 라고 해줌.... 고맙다 이놈아,0
내가 키가 작아서 애들이 내 키로 장난을 많이 치는데 언젠가 애들이 또 놀려서 탄식하고 있는데 남자애가 와서 “근데 키 작으면 귀엽지 않아?” 라고 말해줌.... 고맙다 이놈아,0
내가 키가 작아서 애들이 내 키로 장난을 많이 치는데 언젠가 애들이 또 놀려서 탄식하고 있는데 남자애가 와서 “근데 키 작으면 귀엽지않나?” 라고 해줌.... 고마워,0
내가 키가 작아서 애들이 내 키로 장난을 많이 거는데 애들이 또 놀려서 탄식하고 있으니까 남자애가 와서 “근데 키 작으면 귀엽지않나?” 라고 해줌.... 고맙다 이놈아,0
"동기하고 길을 걷고 있었는데 차가 멈추지 않고 달려오더라고. 내가 먼저 가고 있었어서 옆으로 피하려 했는데, 동기님이 엄청 놀라서는, “아어!!!!차!!! 위험해!” 하면서 내 양팔 붙잡고 이리저리 휘젓더라. 차도 우왕좌왕 동기님도 나도 우왕좌왕ㅋㅋㅋ 상황은 좀 웃겼는데 그때 좀 설어.",0
"동기하고 길 걷고 있었는데 까만차가 빠르게 달려오더라고. 내가 앞에 가고 있었어서 먼저 옆으로 피하려 했는데, 동기님이 엄청 놀라서는, “아어!!!!차!!! 위험해!” 하면서 내 양팔 붙잡고 이리저리 휘젓더라. 차도 우왕좌왕 동기님도 나도 우왕좌왕ㅋㅋㅋ 상황은 좀 웃겼는데 그때 좀 설어.",0
"동기하고 길 걷고 있었는데 까만차가 멈추지 않고 달려오더라고. 내가 앞에 가고 있었어서 옆으로 피하려 했는데, 동기가 엄청 놀라서는, “차!!! 위험해!” 하면서 내 양팔 붙잡고 이리저리 휘젓더라. 차도 우왕좌왕 동기님도 나도 우왕좌왕ㅋㅋㅋ 상황은 좀 웃겼는데 그때 좀 설어.",0
"동기하고 길 걷고 있었는데 까만차가 멈추지 않고 달려오더라고. 내가 앞에 가고 있었어서 옆으로 피하려 했는데, 동기님이 엄청 놀라서는, “아어!!!!차!!! 위험해!” 하면서 날 붙잡고 휘둘러대는거야. 차도 우왕좌왕 동기님도 나도 우왕좌왕ㅋㅋㅋ 상황은 좀 웃겼는데 그때 좀 설어.",0
"동기하고 길 걷고 있었는데 까만차가 멈추지 않고 달려오더라고. 내가 앞에 가고 있었어서 옆으로 피하려 했는데, 동기님이 엄청 놀라서는, “아어!!!!차!!! 위험해!” 하면서 내 양팔 붙잡고 이리저리 흔들더라. 차도 우왕좌왕 동기님도 나도 우왕좌왕ㅋㅋㅋ 상황은 좀 웃겼는데 그때 좀 설어.",0
"동기하고 길 걷고 있었는데 까만차가 멈추지 않고 달려오더라고. 내가 앞에 가고 있었어서 옆으로 피하려 했는데, 동기님이 엄청 놀라서는, “아어!!!!차!!! 위험해!” 하면서 내 양팔 붙잡고 이리저리 휘젓더라. 차도 어찌할 줄 모르고 동기님도 나도 어찌할 줄 모르고ㅋㅋㅋ 상황은 좀 웃겼는데 그때 좀 설어.",0
"동기하고 길 걷고 있었는데 까만차가 멈추지 않고 달려오더라고. 내가 앞에 가고 있었어서 옆으로 피하려 했는데, 동기님이 엄청 놀라서는, “아어!!!!차!!! 위험해!” 하면서 나를 붙잡고 이리저리 휘젓더라. 차랑 나랑 동기 모두 우왕좌왕거리고ㅋㅋㅋ 상황이 좀 설어.",0
"동기하고 길 걷고 있었는데 까만차가 멈추지 않고 달려오더라고. 내가 앞에 가고 있었어서 옆으로 피하려 했는데, 동기가 엄청 놀라서는, “아어!!!!차!!! 위험해!” 하면서 내 양팔 붙잡고 여러 방향으로 휘젓더라. 차도 좌지우지 동기님도 나도 좌지우지ㅋㅋㅋ 상황은 좀 웃겼는데 그때 좀 설어.",0
"동기하고 길 걷고 있었는데 까만차가 멈추지 않고 달려오더라고. 내가 앞에 가고 있었어서 옆으로 피하려 했는데, 동기님이 엄청 놀라서는, “아어!!!!차!!! 위험해!” 하면서 내 양팔 붙잡고 이리저리 휘젓더라. 차도 우왕좌왕 동기님도 나도 우왕좌왕ㅋㅋㅋ 상황은 좀 그랬지만 동기 모습에 설어.",0
"동기하고 길 걷고 있었는데 까만차가 멈추지 않고 달려오더라고. 내가 앞에 가고 있었어서 옆으로 피하려 했는데, 동기님이 엄청 놀라서는, “아어!!!!차!!! 위험해!” 하면서 내 양팔 붙잡고 이리저리 휘젓더라. 차도 우왕좌왕 동기님도 나도 우왕좌왕ㅋㅋㅋ 상황은 좀 웃겼는데 날 붙잡아줄 때 좀 설어.",0
"오랜만에 휴가내고 고향에 있는 동네 은행 갔다가 내가 첫눈에 반해버린 분이 있었어. 잠깐 이야기 나누고 통장 만들고 나왔는데 하루종일 생각나는거야. 은행 앞에서 기다려서 퇴근하시는 길에 번호좀 달라고 얘기했어. 그리고나서 주말에 바로 만났어. 남 이야기 듣기만하는데도 이렇게 매력적인 사람 만난건 처음이었어. 두 번째 만남엔 손 부르틀까봐 핸드크림 사주고, 4번째엔 꽃 좋아한대서 드라이브하고 헤어질때 작은 안개꽃 한송이도 주고 그랬어. 이야기도 잘통한거 같았고 이제 고백만 남은거 같아서 분위기 괜찮은곳 걸으면서 나 어떠냐고 물어봤어 고민해봤는데 자기는 나쁜남자 스타일을 좋아한대.",0
"오랜만에 금요일에 휴가내고 고향에 있는 동네 은행 갔다가 내가 첫눈에 반해버린 분이 있었어. 어르신들께 싹싹하게 웃으면서 잘 알려주는게 어찌나 이뻐보이던지. 잠깐 이야기 나누고 통장 만들고 나왔는데 하루종일 생각나는거야. 은행 앞에서 무작정 기다려서 퇴근하시는 길에 솔직히 말했어. 이상형이시라구 번호좀 달라고. 그리고나서 그 주 주말에 바로 만났어. 내가 리액션은 좀 자신있는편인데 남 이야기 듣기만하는데도 이렇게 매력터지는 사람 만난건 처음이었어. 2번째 만남엔 돈 센다고 손 부르틀까봐 핸드크림 사주고, 4번째엔 꽃 좋아한대서 드라이브하고 헤어질때 작은 안개꽃 한송이도 주고 그랬어. 물론 펀드도 들어줬지ㅋㅋ 내가 대학생때부터 재테크 관심이 많아서 강의도 막 듣고 그랬거든ㅋㅋ 여튼 이야기도 잘통한거 같았고 이제 고백만 남은거 같아서 분위기 괜찮은곳 걸으면서 물어봤어. 나 어떻게생각하냐구. 근데 자기도 고민해봤는데 자기는 나쁜남자 스타일을 좋아한대.",0
"오랜만에 금요일에 휴가내고 고향에 있는 동네 은행 갔다가 내가 첫눈에 반해버린 분이 있었어. 잠깐 이야기 나누고 통장 만들고 나왔는데 하루종일 생각나는거야. 은행 앞에서 3시간 정도 기다려서 나오시는 길에 붙잡고 이상형이다 번호좀 달라고 솔직히 말했어. 그 주 주말에 다시 만났는데 그 분 이야기 듣기만하는데도 정말 매력적인 사람이었어. 2번째 만남엔 돈 센다고 손 부르틀까봐 핸드크림 사주고, 4번째엔 꽃 좋아한대서 드라이브하고 헤어질때 작은 안개꽃 한송이도 주고 그랬어. 물론 펀드도 들어줬지ㅋㅋ 내가 대학생때부터 재테크 관심이 많아서 강의도 막 듣고 그랬거든ㅋㅋ 여튼 이야기도 잘통한거 같았고 이제 고백만 남은거 같아서 분위기 괜찮은곳 걸으면서 물어봤어. 나 어떻게생각하냐구. 근데 자기도 고민해봤는데 자기는 나쁜남자 스타일을 좋아한대.",0
"오랜만에 금요일에 휴가내고 고향에 있는 동네 은행 갔다가 내가 첫눈에 반해버린 분이 있었어. 어르신들께 싹싹하게 웃으면서 잘 알려주는게 어찌나 이뻐보이던지. 잠깐 이야기 나누고 통장 만들고 나왔는데 하루종일 생각나는거야. 은행 앞에서 무작정 기다려서 퇴근하시는 길에 솔직히 말했어. 이상형이시라구 번호좀 달라고. 그리고나서 그 주 주말에 바로 만났어. 내가 리액션은 좀 자신있는편인데 남 이야기 듣기만하는데도 이렇게 매력터지는 사람 만난건 처음이었어. 두 번째 만남엔 직장일로 손 부르틀까봐 핸드크림 사주고, 네 번째엔 꽃 좋아한대서 작은 안개꽃 한송이도 주고 그랬어. 물론 펀드도 들어줬지ㅋㅋ 내가 대학생때부터 재테크 관심이 많아서 강의도 막 듣고 그랬거든ㅋㅋ 여튼 이야기도 잘통한거 같았고 이제 고백만 남은거 같아서 분위기 괜찮은곳 걸으면서 물어봤어. 나 어떻게생각하냐구. 근데 자기도 고민해봤는데 자기는 나쁜남자 스타일을 좋아한대.",0
"오랜만에 금요일에 휴가내고 고향에 있는 동네 은행 갔다가 내가 첫눈에 반해버린 분이 있었어. 어르신들께 싹싹하게 웃으면서 잘 알려주는게 어찌나 이뻐보이던지. 잠깐 이야기 나누고 통장 만들고 나왔는데 하루종일 생각나는거야. 은행 앞에서 무작정 기다려서 퇴근하시는 길에 솔직히 말했어. 이상형이시라구 번호좀 달라고. 그리고나서 그 주 주말에 바로 만났어. 내가 리액션은 좀 자신있는편인데 남 이야기 듣기만하는데도 이렇게 매력터지는 사람 만난건 처음이었어. 2번째 만남엔 돈 센다고 손 부르틀까봐 핸드크림 사주고, 4번째엔 꽃 좋아한대서 드라이브하고 헤어질때 작은 안개꽃 한송이도 주고 그랬어. 내가 대학생때부터 재테크 관심이 많아서 강의도 막 듣고 그랬어서 펀드도 들어줬어 이야기도 잘통한거 같았고 분위기 괜찮은곳 같이 걸으면서 물어봤어. 나 어떻게생각하냐구. 근데 자기는 나쁜남자 스타일을 좋아한대.",0
"고향에 있는 동네 은행 갔다가 첫 눈에 반해버렸어. 어르신들께 싹싹하게 웃으면서 잘 알려주는게 정말 예뻐보이더라고. 잠깐 이야기 나누고 통장 만들고 나왔는데 하루종일 생각나는거야. 은행 앞에서 무작정 기다려서 퇴근하시는 길에 솔직히 말했어. 이상형이시라구 번호좀 달라고. 그리고나서 그 주 주말에 바로 만났어. 남 이야기 듣기만하는데도 이렇게 매력터지는 사람 만난건 처음이었어. 핸드크림 선물해주고, 꽃 좋아한대서 꽃다발도 주고 그랬어. 물론 펀드도 들어줬지ㅋㅋ 내가 대학생때부터 재테크 관심이 많아서 강의도 막 듣고 그랬거든ㅋㅋ 여튼 이야기도 잘통한거 같았고 이제 고백만 남은거 같아서 분위기 괜찮은곳 걸으면서 물어봤어. 나 어떻게생각하냐구. 근데 자기도 고민해봤는데 자기는 착한 남자는 별로래.",0
고향에 있는 은행에 첫눈에 반해버린 분이 있었어. 어찌나 이뻐보이던지. 잠깐 이야기 나누고 통장 만들고 나왔는데 하루종일 생각나는거야. 퇴근하시는 길 만나서 솔직히 말했어. 이상형이시라구 번호좀 달라고. 그리고나서 그 주 주말에 바로 만났어. 몇 번 만나면서 이야기도 잘통한거 같았고 이제 고백만 남은거 같아서 분위기 괜찮은곳 걸으면서 물어봤어. 나 어떻게생각하냐구. 근데 자기도 고민해봤는데 자기는 나쁜남자 스타일을 좋아한대.,0
"오랜만에 금요일에 휴가내고 고향에 있는 동네 은행 갔다가 내가 첫눈에 반해버린 분이 있었어. 어르신들께 싹싹하게 웃으면서 잘 알려주는게 어찌나 이뻐보이던지. 잠깐 이야기 나누고 통장 만들고 나왔는데 하루종일 생각나는거야. 은행 앞에서 무작정 기다려서 퇴근하시는 길에 솔직히 말했어. 이상형이시라구 번호좀 달라고. 그리고나서 그 주 주말에 바로 만났어. 내가 리액션은 좀 자신있는편인데 남 이야기 듣기만하는데도 이렇게 마음에 쏙 드는 사람 만난건 처음이었어. 2번째 만남엔 돈 세느라 손 건조할까봐 핸드크림도 선물해주고, 4번째엔 꽃 좋아한대서 드라이브하고 헤어질때 작은 꽃다발도 주고 그랬어. 물론 펀드도 들어줬지ㅋㅋ 내가 대학생때부터 재테크 관심이 많아서 강의도 막 듣고 그랬거든ㅋㅋ 아무튼 말도 잘통한거 같았고 이제 고백만 남은거 같아서 분위기 괜찮은곳 함께 걸으면서 나 어떻게 생각하는지 물어봤어. 근데 자기도 고민해봤는데 자기는 나쁜남자 스타일을 좋아한대.",0
"오랜만에 금요일에 휴가내고 고향에 있는 동네 은행 갔다가 내가 첫눈에 반해버린 분이 있었어. 어르신들께 싹싹하게 웃으면서 잘 알려주는게 어찌나 이뻐보이던지. 잠깐 이야기 나누고 통장 만들고 나왔는데 하루종일 생각나는거야. 은행 앞에서 무작정 기다려서 퇴근하시는 길에 솔직히 말했어. 이상형이시라구 번호좀 달라고. 그리고나서 그 주 주말에 바로 만났어. 내가 리액션은 좀 자신있는편인데 남 이야기 듣기만하는데도 이렇게 매력터지는 사람 만난건 처음이었어. 2번째 만남엔 돈 센다고 손 부르틀까봐 핸드크림 사주고, 4번째엔 꽃 좋아한대서 드라이브하고 헤어질때 작은 안개꽃 한송이도 주고 그랬어. 물론 펀드도 들어줬지ㅋㅋ 내가 대학생때부터 재테크 관심이 많아서 강의도 막 듣고 그랬거든ㅋㅋ 여튼 이야기도 잘통한거 같았고 이제 고백만 남은거 같아서 분위기 괜찮은곳 걸으면서 물어봤어. 나 어떻게생각하냐구. 자기가 고민을 계속 해봤는데 결국 자기는 나쁜남자한테 더 끌린대",0
"오랜만에 금요일에 휴가내고 고향에 있는 동네 은행 갔다가 내가 첫눈에 반해버린 분이 있었어. 어르신들께 싹싹하게 웃으면서 잘 알려주는게 어찌나 이뻐보이던지. 잠깐 이야기 나누고 통장 만들고 나왔는데 하루종일 생각나는거야. 은행 앞에서 무작정 기다려서 퇴근하시는 길에 솔직히 말했어. 이상형이시라구 번호좀 달라고. 그리고나서 그 주 주말에 바로 만났어. 내가 리액션은 좀 자신있는편인데 남 이야기 듣기만하는데도 이렇게 매력터지는 사람 만난건 처음이었어. 2번째 만남엔 돈 센다고 손 부르틀까봐 핸드크림 사주고, 4번째엔 꽃 좋아한대서 드라이브하고 헤어질때 작은 안개꽃 한송이도 주고 그랬어. 물론 펀드도 들어줬지ㅋㅋ 내가 대학생때부터 재테크 관심이 많아서 강의도 막 듣고 그랬거든ㅋㅋ 여튼 이야기도 잘통한거 같았고 이제 고백만 남은거 같아서 분위기 괜찮은곳 걸으면서 물어봤어. 나 어떻게생각하냐구. 근데 자기도 고민해봤는데 자기는 나랑 반대되는 사람이 좋대",0
회사 구내식당에는 많은 남직원이 흠모하는 미모의 영양사가 계십니다. 물론 저도 호감은 있지만 대놓고 표현한 적은 없습니다. 여느때처럼 배식을 받고 있었는데 눈이 충혈되어 있네요 연어구이 하나 더 드릴게요 몰래 더 드리는거니깐 남기지 말고 다 드세요 그렇게 기분좋게 식사를 마치고 구내식당 게시판에 연어 안남기고 잘 먹었습니다 다음에는 치킨이 먹고싶어요 라고 적었습니다. 그리고 며칠 후 치킨가스가 나왔습니다. 게시판에 가자미조림도 가능할까요라고 적었더니 그 다음 주에 가자미 조림이 나왔습니다. 그날도 맛있게 먹고있는데 영양사가 직접 와서 맛있게 먹고 있는지 묻고 매주 식단짜기 힘든데 도움이 되었다 혹시 못먹는게 있으면 말해달라고 했습니다.,0
회사 구내식당에는 많은 남자 직원이 좋아하는 미모의 영양사가 계십니다. 저도 호감은 있지만 직접적으로 표현한 적은 없습니다. 여느때처럼 배식을 받고 있었는데 눈이 충혈되어 있네요 연어구이 하나 더 드릴게요 몰래 더 드리는거니깐 남기지 말고 다 드세요 그렇게 기분좋게 식사를 마치고 구내식당 게시판에 연어 안남기고 잘 먹었습니다 다음에는 치킨이 먹고싶어요 라고 적었습니다. 그리고 며칠 후 치킨가스가 나왔습니다. 게시판에 가자미조림도 가능할까요라고 적었더니 그 다음 주에 가자미 조림이 나왔습니다. 그날도 맛있게 먹고있는데 영양사가 직접 와서 맛있게 먹고 있는지 묻고 매주 식단짜기 힘든데 도움이 되었다 혹시 못먹는게 있으면 말해달라고 했습니다.,0
회사 구내식당에는 많은 남직원이 흠모하는 미모의 영양사가 계십니다. 물론 저도 호감은 있지만 대놓고 표현한 적은 없습니다. 어느 날 배식을 받고 있었는데 눈이 충혈되어 있다고 연어구이 하나 더 드릴게요 몰래 드리는거니깐 다 드세요 식사를 마치고 구내식당 게시판에 연어 안남기고 잘 먹었습니다 다음에는 치킨이 먹고싶어요 라고 적었습니다. 며칠 후 치킨가스가 나왔습니다. 가자미조림도 가능한지 적었더니 가자미 조림이 나왔습니다. 맛있게 먹고있는데 영양사가 와서 맛있게 먹고 있는지 묻고 도움이 되었다 못먹는게 있으면 말해달라고 했습니다.,0
회사 구내식당에는 많은 남자 직원들이 흠모하는 영양사가 있습니다. 물론 저도 호감은 있지만 겉으로 표현한 적은 없습니다. 똑같이 배식을 받고 있었는데 눈이 충혈된걸 보시고는 연어구이를 더 줬습니다. 몰래 드리는거라 다 먹으라고 얘기했다 기분좋게 밥을 먹고 나서 구내식당 게시판에 연어 잘 먹었습니다 다음에는 치킨도 될까요 했더니 며칠 후 치킨가스가 나왔습니다. 가자미조림도 게시판에 적었더니 그 다음 주에 가자미 조림이 나왔습니다. 그날도 맛있게 먹고있다가 영양사가 직접 와서 맛있는지 묻고 식단 짜는 데 도움이 되었다고 했습니다.,0
회사 구내식당에서 여느때처럼 배식을 받고 있었는데 영앙사님이 눈이 충혈되어 있네요 연어구이 하나 더 드릴게요 몰래 더 드리는거니깐 남기지 말고 다 드세요 그렇게 기분좋게 식사를 마치고 구내식당 게시판에 잘 먹었고 다음에는 치킨이 먹고싶어요 라고 적었습니다. 그리고 며칠 후 치킨 반찬이 나왔습니다. 게시판에 가자미 조림도 가능할까요라고 적었더니 그 다음 주에 그 반찬이 나왔습니다. 그날도 맛있게 먹고있는데 영양사가 직접 와서 맛있게 먹고 있는지 묻고 매주 식단짜기 힘든데 도움이 되었다 혹시 못먹는게 있으면 말해달라고 했습니다.,0
회사 구내식당에는 미모의 영양사가 계십니다. 물론 저도 호감은 있었습니다. 여느때처럼 배식을 받고 있었는데 제 몸상태를 보시고는 연어구이 하나 더 드릴게요 몰래 더 드리는거니깐 남기지 말고 다 드세요 그렇게 기분좋게 식사를 마치고 구내식당 게시판에 연어 안남기고 잘 먹었습니다 다음에는 치킨이 먹고싶어요 라고 적었습니다. 그리고 며칠 후 치킨가스가 나왔습니다. 게시판에 가자미 조림도 가능할까요라고 적었더니 그 다음 주에 가자미조림이 나왔습니다. 그날도 맛있게 먹고있는데 영양사가 직접 와서 맛있게 먹고 있는지 묻고 매주 식단짜기 힘든데 도움이 되었다 혹시 못먹는게 있으면 말해달라고 했습니다.,0
회사 구내식당에는 많은 남직원이 흠모하는 미모의 영양사가 계십니다. 물론 저도 호감은 있지만 대놓고 표현한 적은 없습니다. 여느때처럼 배식을 받고 있었는데 눈이 충혈되어 있네요 연어구이 하나 더 드릴게요 몰래 더 드리는거니깐 남기지 말고 다 드세요 그렇게 기분좋게 식사를 마치고 구내식당 게시판에 연어 안남기고 잘 먹었습니다 다음에는 치킨이 먹고싶어요 라고 적었습니다. 그리고 며칠 후 치킨가스가 나왔습니다. 게시판에 가자미조림도 가능할까요라고 적었더니 그 다음 주에 가자미 조림이 나왔습니다. 여느때처럼 밥을 맛있게 먹고있는데 영양사가 제게 직접 와서 맛있게 먹고 있는지 묻고 매주 식단짜기 힘든데 도움이 되었다며 못먹는 음식이 있으면 말해달라고 했습니다.,0
회사 구내식당에는 많은 남직원이 흠모하는 미모의 영양사가 계십니다. 물론 저도 호감은 있지만 대놓고 표현한 적은 없습니다. 여느때처럼 배식을 받고 있었는데 눈이 충혈되어 있네요 연어구이 하나 더 드릴게요 몰래 더 드리는거니깐 남기지 말고 다 드세요 그렇게 기분좋게 식사를 마치고 구내식당 게시판에 연어 안남기고 잘 먹었습니다 다음에는 치킨이 먹고싶어요 라고 적었습니다. 그리고 며칠 후 치킨가스가 나왔습니다. 게시판에 가자미조림도 가능할까요라고 적었더니 그 다음 주에 가자미 조림이 나왔습니다. 그날도 맛있게 먹고있는데 영양사가 직접 와서 맛있게 먹고 있는지 묻고 매주 식단짜기 힘든데 도움이 되었다 혹시 가리는게 있으면 게시판에 적어달라고 했습니다.,0
회사 구내식당에는 많은 남직원이 흠모하는 미모의 영양사가 계십니다. 물론 저도 호감은 있지만 대놓고 표현한 적은 없습니다. 여느때처럼 배식을 받고 있었는데 눈이 충혈되어 있네요 연어구이 하나 더 드릴게요 몰래 더 드리는거니깐 남기지 말고 다 드세요 그렇게 기분좋게 식사를 마치고 구내식당 게시판에 연어 잘 먹었다고 하며 먹고싶은 반찬을 얘기하니 이후로 그 반찬들이 나왔습니다. 그날도 맛있게 먹고있는데 영양사가 직접 와서 맛있게 먹고 있는지 묻고 매주 식단짜기 힘든데 도움이 되었다 혹시 못먹는게 있으면 말해달라고 했습니다.,0
회사 구내식당에는 많은 남직원이 흠모하는 미모의 영양사가 계십니다. 물론 저도 호감은 있지만 대놓고 표현한 적은 없습니다. 여느때처럼 배식을 받고 있었는데 눈이 충혈되어 있네요 몰래 연어구이 더 드릴테니 남기지 말고 다 먹으라고 얘기했다 기분좋게 식사 후 구내식당 게시판에 연어 안남기고 잘 먹었습니다 다음에는 치킨이 먹고싶어요 라고 적었습니다. 그리고 며칠 후 치킨이 나왔습니다. 게시판에 가자미도 가능할까요라고 적었더니 그 다음 주에 가자미가 나왔습니다. 그날도 맛있게 먹고있는데 영양사가 직접 와서 맛있게 먹고 있는지 묻고 매주 식단짜기 힘든데 도움이 되었다 혹시 못먹는게 있으면 말해달라고 했습니다.,0
나 손시려우니까 손 뎁혀달라할때마다 내 손잡고 지 주머니에 넣어줌 진짜 어떻게 이래? 이게 썸 아니면 뭔데,1
내 손이 차가워서 손 뎁혀달라할때마다 내 손잡고 지 주머니에 넣어줌 진짜 어떻게 이래? 이게 썸 아니면 뭔데,1
나 손시려우니까 손 따듯하게 해달라니까 내 손잡고 지 주머니에 넣어줌 진짜 어떻게 이래? 이게 썸 아니면 뭔데,1
나 손시려우니까 손 뎁혀달라할때마다 내 손을 잡고 본인 주머니에 넣어줬어 진짜 어떻게 이래? 이게 썸 아니면 뭔데,1
손이 시려워서 손 좀 데워달라할 때마다 내 손잡고 자기 주머니에 넣어줌 진짜 어떻게 이래? 이게 썸 아니면 뭔데,1
손이 시려워서 손 좀 데워달라할 때마다 내 손을 자기 주머니 안에 넣어줌 진짜 어떻게 이럴 수가 있어? 이게 썸 아니면 뭔데,1
손이 시려워서 손 좀 데워달라할 때마다 내 손잡고 자기 주머니에 넣어줌 진짜 어떻게 이래? 이게 썸이 아니면 뭐야,1
손이 시려워서 손 좀 데워달라할 때마다 내 손잡고 자기 주머니에 넣어주는데 이게 썸이 아니면 뭘까,1
"술자리에 동석하면 바람 쐬러 나가자면서 밖으로 불러내 제 머리를 쓰다듬고 손도 잡아요. 술자리 이후에 카톡도 종종 했고요. 근데 둘이 따로 만난 적이 없어요. 말만 하고 정확한 약속 시간은 잡지 않아요. 이거 썸 맞나요? 카톡이나 술자리에서는 썸인 것처럼 행동해요. 근데 둘이 따로 만나는 걸 피하는 눈치예요. 다른 여자들이랑도 잘 노는데, 그렇다고 모든 여자와 스킨십을 하지는 않더라고요.",0
"지금 절 어지럽게 하는 남자가 있어요. 술자리에 같이 가면 바람 쐬러 나가자면서 밖으로 불러내 제 머리를 쓰다듬고 손도 잡아요. 술자리 이후에 카톡도 종종 했고요. 근데 둘이 따로 만난 적이 없어요. 말만 하고 정확한 약속 시간은 잡지 않아요. 이거 썸 맞나요? 카톡이나 술자리에서는 썸인 것처럼 행동해요. 근데 둘이 따로 만나는 걸 피하는 눈치예요. 다른 여자들이랑도 잘 노는데, 그렇다고 모든 여자와 스킨십을 하지는 않더라고요.",0
"지금 절 혼란스럽게 하는 남자가 한 명 있어요. 술자리에 동석하면 바람 쐬러 나가자면서 밖으로 불러내 스킨쉽을 해요. 술자리 이후에 연락도 종종 하고요. 근데 둘이 따로 만난 적이 없어요. 말만 하고 정확한 약속 시간은 잡지 않아요. 이거 썸 맞나요? 카톡이나 술자리에서는 썸인 것처럼 행동해요. 근데 둘이 따로 만나는 걸 피하는 눈치예요. 다른 여자들이랑도 잘 노는데, 그렇다고 모든 여자와 스킨십을 하지는 않더라고요.",0
"지금 절 혼란스럽게 하는 남자가 한 명 있어요. 술자리에 동석하면 바람 쐬러 나가자면서 밖으로 불러내 제 머리를 쓰다듬고 손도 잡아요. 술자리 이후에 카톡도 종종 했고요. 근데 둘이서만 만난 적이 없어요. 말만 하고 구체적인 약속 시간은 잡지 않아요. 이거 썸인가요? 카톡이나 술자리에서는 썸인 것처럼 행동해요. 근데 둘이 따로 만나는 걸 피하는 눈치예요. 다른 여자들이랑도 잘 노는데, 그렇다고 모든 여자와 스킨십을 하지는 않더라고요.",0
"지금 절 혼란스럽게 하는 남자분이 있어요. 술자리에 동석하면 잠시 나가자면서 밖에서 제 머리를 쓰다듬어주고 손을 잡아요. 이후에 연락도 종종 했고요. 근데 둘이 밖에서 따로 만난 적이 없어요. 말만 하고 정확한 약속 시간은 잡지 않아요. 이거 썸 맞나요? 카톡이나 술자리에서는 썸인 것처럼 행동해요. 근데 둘이 따로 만나는 걸 피하는 눈치예요. 다른 여자들이랑도 잘 노는데, 그렇다고 모든 여자와 스킨십을 하지는 않더라고요.",0
"지금 절 혼란스럽게 하는 남자가 한 명 있어요. 술자리에 동석하면 바람 쐬러 나가자면서 밖으로 불러내 제 머리를 쓰다듬고 손도 잡아요. 술자리 이후에 카톡도 종종 했고요. 근데 둘이 따로 만난 적이 없어요. 말만 만나자고 얘기하고 정확한 약속 일자나 시간은 잡지 않아요. 이거 썸 맞나요? 카톡이나 술자리에서는 썸인 것처럼 행동해요. 근데 둘이 따로 만나는 걸 피하는 눈치예요. 다른 여자들이랑도 잘 노는데, 그렇다고 모든 여자와 스킨십을 하지는 않더라고요.",0
"지금 절 혼란스럽게 하는 남자가 한 명 있어요. 술자리에 동석하면 바람 쐬러 나가자면서 밖으로 불러내 제 머리를 쓰다듬고 손도 잡아요. 술자리 이후에 카톡도 종종 했고요. 근데 둘이 따로 만난 적이 없어요. 말만 하고 정확한 약속 시간은 잡지 않아요. 이거 썸 맞나요? 연락이나 술자리에서는 가까운 사이인 것처럼 행동해요. 근데 둘이 따로 만나는 걸 피하는 눈치예요. 다른 여자들이랑도 잘 노는데, 그렇다고 모든 여자와 스킨십을 하지는 않더라고요.",0
"지금 절 혼란스럽게 하는 남자가 한 명 있어요. 술자리에 동석하면 바람 쐬러 나가자면서 밖으로 불러내 제 머리를 쓰다듬고 손도 잡아요. 술자리 이후에 카톡도 종종 했고요. 근데 둘이 따로 만난 적이 없어요. 말만 하고 정확한 약속 시간은 잡지 않아요. 이거 썸 맞나요? 카톡이나 술자리에서는 썸인 것처럼 행동해요. 근데 저희 둘이 따로 만나는 것은 피하는 눈치예요. 다른 여자들이랑도 잘 노는데, 그렇다고 모든 여자와 스킨십을 하지는 않더라고요.",0
"지금 절 혼란스럽게 하는 남자가 한 명 있어요. 술자리에 동석하면 바람 쐬러 나가자면서 밖으로 불러내 제 머리를 쓰다듬고 스킨십을 해요. 술자리 이후에 카톡도 종종 했고요. 근데 둘이 따로 만난 적이 없어요. 말만 하고 정확한 약속 시간은 잡지 않아요. 이거 썸 맞나요? 카톡이나 술자리에서는 썸인 것처럼 행동해요. 근데 둘이 따로 만나는 걸 피하는 눈치예요. 다른 분들이랑도 잘 지내는데, 그렇다고 모든 여자와 스킨십을 하지는 않더라고요.",0
"지금 절 혼란스럽게 하는 남자가 한 명 있어요. 술자리에 동석하면 바람 쐬러 나가자면서 밖으로 불러내 제 머리를 쓰담거나 손을 잡는 스킨십을 해요. 술자리 이후에 카톡도 종종 했고요. 근데 둘이 따로 만난 적이 없어요. 말만 하고 정확한 약속 시간은 잡지 않아요. 이거 썸 맞나요? 카톡이나 술자리에서는 썸인 것처럼 행동해요. 근데 둘이 따로 만나는 걸 피하는 눈치예요. 다른 여자분들과도 함께 있는데, 그렇다고 모든 여자와 스킨십을 하지는 않더라고요.",0
"제게 썸남이 있어요. 자주 만나고 만나면 얘기도 하고 데이트도 해요. 더 자주 보고 싶은데 항상 제가 먼저 만나자고 하네요. 이러니 ‘얘가 나를 좋아하긴 하나?’라는 생각이 들어요. 만나면 재미있게 놀긴 하는데, 먼저 만나자고 안 하는 그 남자… 내 썸남 맞아요?",0
"선배님들, 제게 짝궁이 있어요. 자주 만나서 얘기도 하고 데이트도 해요. 더 자주 보고 싶은데 항상 제가 먼저 만나자고 하네요. 이러니 ‘얘가 나를 좋아하긴 하나?’라는 생각이 들어요. 만나면 재미있게 놀긴 하는데, 먼저 만나자고 안 하는 그 남자… 내 짝궁 맞아요?",0
"선배님들, 제게 썸남이 있어요. 여러 번 만나서 얘기도 하고 같이 시간을 보내요. 더 자주 보고 싶은데 항상 제가 먼저 만나자고 하네요. 이러니 ‘얘가 나를 좋아하긴 하나?’라는 생각이 들어요. 만나면 재미있게 놀긴 하는데, 먼저 만나자고 안 하는 그 남자… 내 썸남 맞아요?",0
"선배님들, 제게 썸남이 있어요. 자주 만나서 얘기도 하고 데이트도 해요. 더 많이 보고 싶은데 항상 제가 먼저 연락을 보내내요. 이러니 ‘얘가 나를 좋아하긴 하나?’라는 생각이 들어요. 만나면 재미있게 놀긴 하는데, 먼저 만나자고 안 하는 그 남자… 내 썸남 맞아요?",0
"선배님들, 제게 썸남이 있어요. 자주 만나서 얘기도 하고 데이트도 해요. 더 자주 보고 싶은데 항상 제가 먼저 만나자고 하네요. 이러니 ‘썸남이 나를 좋아하나?’라는 생각이 들어요. 만나면 즐거운 시간을 보내긴 하는데, 먼저 만나자고 안 하는 그 남자… 내 썸남 맞아요?",0
"선배님들, 제게 썸남이 있어요. 자주 만나서 얘기도 하고 데이트도 해요. 더 자주 보고 싶은데 항상 제가 먼저 만나자고 하네요. 이러니 ‘얘가 나를 좋아하긴 하나?’라는 생각이 들어요. 만나면 재미있게 놀긴 하는데, 먼저 연락하지 않는 그 분… 내 썸남 맞아요?",0
"선배님들, 제게 썸남이 있어요. 자주 만나서 얘기도 하고 데이트도 해요. 더 자주 보고 싶은데 항상 제가 먼저 만나자고 하네요. 이러니 나를 좋아하는게 맞는지 의문이 들어요. 만나면 재미있게 놀긴 하는데, 먼저 만나자고 안 하는 그 남자… 내 썸남 맞아요?",0
"선배님들, 제게 썸남이 있어요. 자주 만나서 얘기도 하고 데이트도 해요. 더 자주 보고 싶은데 항상 제가 먼저 만나자고 하네요. 이러니 ‘얘가 나를 좋아하긴 하나?’라는 생각이 들어요. 먼저 연락이 없는 그 남자… 내 썸남 맞아요?",0
"친한 여자 선배가 있어요. 서로 선물도 하고 맛있는 것도 사다 줬죠. 전 그 분을 선배 이상으로 본 적 없는데 친구들은 저희가 썸 타는 줄 알았대요. 그 얘길 들으니 나도 모르게 좋아했나 싶네요. 저보다 세 살이 많아서 그런지, 다른 남자와 연애를 해도 그냥 ‘그렇구나’ 할 것 같아요. 고백해온다면 사귈 의향은 있지만 제가 먼저 고백할 일은 없을 것 같다는 생각이 들어요. 제가 확신이 없어 이런 고민이 생긴 것 같아요. 확신이 설 때까지 섣불리 판단하지 않을게요.",1
"최근에 친해진 여자 선배가 있어요. 서로 선물도 해주고, 아프면 맛있는 것도 사다 줬죠. 전 선배 이상으로 그녀를 본 적 없는데 친구들은 저희가 썸 타는 줄 알았대요. 그 얘길 들으니 나도 모르게 좋아했나 싶네요. 저보다 세 살 연상인데 다른 남자와 연애를 해도 그냥 그렇구나 생각할 것 같아요. 고백해온다면 사귈 의향은 있지만 제가 먼저 고백할 일은 없을 것 같다는 생각이 들어요. 제가 확신이 없어 이런 고민이 생긴 것 같아요. 확신이 설 때까지 섣불리 판단하지 않을게요.",1
"최근에 친해진 여자 선배가 있어요. 서로 선물도 해주고, 아프면 맛있는 것도 사다 줬죠. 전 선배 이상으로 그녀를 본 적 없는데 친구들은 저희가 썸 타는 줄 알았대요. 그 얘길 들으니 나도 모르게 좋아했나 싶네요. 저보다 세 살이 많아서 그런지, 다른 남자와 연애를 해도 그냥 ‘그렇구나’ 할 것 같아요. 고백하신다면 사귈 의향은 있지만 제가 먼저 고백하지는 않을 것 같다는 생각이 들어요. 제가 확신이 없어 이런 고민이 생긴 것 같아요. 확신이 설 때까지 급하게 판단하지 않을게요.",1
"최근에 친해진 여자 선배가 있어요. 서로 선물도 해주고, 아프면 맛있는 것도 사다 줬죠. 전 선배 이상으로 그녀를 본 적 없는데 친구들은 저희가 썸 타는 줄 알았대요. 그 얘길 들으니 나도 모르게 좋아했나 싶네요. 저보다 세 살이 많아서 그런지, 다른 남자와 연애를 해도 그냥 ‘그렇구나’ 할 것 같아요. 고백해온다면 사귈 의향은 있지만 제가 먼저 고백할 일은 없을 것 같다는 생각이 들어요. 제가 그 분에 대한 확신이 없어 이런 고민을 가진 것 같아요. 확신이 설 때까지 섣불리 판단하지 않을게요.",1
"최근에 친해진 여자 선배가 있어요. 서로 선물도 해주고, 아프면 맛있는 것도 사다 줬죠. 전 선배 이상으로 그녀를 본 적 없는데 친구들은 저희가 썸 타는 줄 알았대요. 그 얘길 들으니 나도 모르게 좋아했나 싶네요. 저보다 세 살이 많아서 그런지, 다른 남자와 연애를 해도 그냥 ‘그렇구나’ 할 것 같아요. 고백해온다면 사귈 의향은 있지만 제가 먼저 고백할 일은 없을 것 같다는 생각이 들어요. 제가 확신이 없어 이런 고민이 생긴 것 같아요. 확신이 설 때까지 섣불리 판단하지 않을게요.",1
"최근에 친해진 여자분이 있어요. 같이 선물 주고받고 아프면 음식도 사다 줬어요. 전 여자분을 선배 말고는 생각해 본 적 없는데 친구들은 저희가 썸 타는 줄 알았대요. 그 얘길 들으니 나도 모르게 좋아했나 싶네요. 저보다 세 살이 많아서 그런지, 다른 남자와 연애를 해도 그냥 ‘그렇구나’ 할 것 같아요. 고백해온다면 사귈 의향은 있지만 제가 먼저 고백할 일은 없을 것 같다는 생각이 들어요. 제가 확신이 없어 이런 고민이 생긴 것 같아요. 확신이 설 때까지 섣불리 판단하지 않을게요.",1
"최근에 친해진 여자 선배가 있어요. 서로 선물도 해주고, 아프면 맛있는 것도 사다 줬죠. 전 선배 이상으로 그녀를 본 적 없는데 친구들은 저희가 가까운 사이인 줄 알았대요. 나도 모르게 여자분을 좋아했나 싶네요. 저보다 세 살이 많아서 그런지, 다른 남자와 연애를 해도 그냥 ‘그렇구나’ 할 것 같아요. 고백해온다면 사귈 의향은 있지만 제가 먼저 고백할 일은 없을 것 같다는 생각이 들어요. 제가 확신이 없어 이런 고민이 생긴 것 같아요. 확신이 설 때까지 섣불리 판단하지 않을게요.",1
"최근에 친해진 여자 선배가 있어요. 서로 선물도 해주고, 아프면 맛있는 것도 사다 줬죠. 전 선배 이상으로 그녀를 본 적 없는데 친구들은 저희가 썸 타는 줄 알았대요. 그 얘길 들으니 나도 모르게 좋아했나 싶네요. 저보다 나이가 많아서 다른 분과 연애해도 별 생각 없을 것 같아요. 고백해온다면 사귈 의향은 있지만 제가 먼저 고백할 일은 없을 것 같다는 생각이 들어요. 제가 확신이 없어 이런 고민이 생긴 것 같아요. 확신이 설 때까지 섣불리 판단하지 않을게요.",1
"최근에 친해진 여자 선배가 있어요. 서로 선물도 해주고, 아프면 맛있는 것도 사다 줬죠. 전 선배 이상으로 그녀를 본 적 없는데 친구들은 저희가 썸 타는 줄 알았대요. 그 얘길 들으니 나도 모르게 좋아했나 싶네요. 저보다 세 살이 많아서 그런지, 다른 남자와 연애를 해도 그냥 ‘그렇구나’ 할 것 같아요. 고백을 받는다면 사귈 수는 있지만 제가 먼저 할 일은 없을 것 같아요. 제가 확신이 없어 이런 고민이 생긴 것 같아요. 확신이 설 때까지 섣불리 판단하지 않을게요.",1
최근에 친해진 여자 선배가 있어요. 전 선배 이상으로 그녀를 본 적 없는데 친구들은 저희가 썸 타는 줄 알았대요. 그 얘길 들으니 나도 모르게 좋아했나 싶네요. 고백해온다면 사귈 의향은 있지만 제가 먼저 고백할 일은 없을 것 같다는 생각이 들어요. 제가 확신이 없어 이런 고민이 생긴 것 같아요. 확신이 설 때까지 섣불리 판단하지 않을게요.,1
석탄일에 방탈출하러 가자고 시간내주라고함. 일부러 흑심 가득하게 공포방탈출로 잡음. 그날 아침에 헤어랑 메이크업 받으러 샵갔다왔 근데 2~3 사이 시점??부터 갑자기 카톡 답장이 잘 옴 석탄일 2~3일 전부터??? 이거뭐지 되는건가??? 싶기도했는데 내용이 막 꿀떨어지고 하지는않앗음 그래도 내가 넘 좋아했어서 걍 넘 좋고 카톡 진짜 계속 보게되,1
휴일에 놀러 가자고 시간내달라고함. 일부러 흑심 가득하게 공포물 방탈출로 잡음. 그날 아침에 꾸미려고 샵에도 갔다왔 근데 2~3 사이 시점??부터 갑자기 카톡 답장이 잘 옴 휴일 2~3일 전부터??? 이거 뭐지 되는건가??? 싶기도했는데 내용이 막 꿀떨어지고 하지는않앗음 그래도 내가 넘 좋아했어서 걍 넘 좋고 카톡 진짜 계속 보게되,1
석탄일에 방탈출하러 가자고 시간내주라고함. 일부러 흑심 가득하게 공포방탈출로 잡음. 그날 아침에 머리랑 화장도 받으러 미용실도 갔다왔 근데 2~3 사이 시점??부터 갑자기 카톡 답장이 잘 옴 석탄일 2~3일 전부터??? 이거뭐지 되는건가??? 싶기도했는데 내용이 막 꿀떨어지고 하지는않앗음 그래도 내가 넘 좋아했어서 걍 넘 좋고 카톡 진짜 계속 보게되,1
석탄일에 방탈출하러 가자고 시간내주라고함. 일부러 흑심 가득하게 공포방탈출로 잡음. 그날 아침에 헤어랑 메이크업 받으러 샵갔다왔 근데 2~3 사이 시점??부터 갑자기 연락이 잘 되는거야 석탄일 2~3일 전부터??? 이거뭐지 진전이 있는건가??? 싶기도했는데 내용이 막 꿀떨어지고 하지는않앗음 그래도 내가 넘 좋아했어서 걍 넘 좋고 카톡 진짜 계속 보게되,1
석탄일에 방탈출하러 가자고 시간내주라고함. 일부러 흑심 가득하게 공포방탈출로 잡음. 그날 아침에 헤어랑 메이크업 받으러 샵갔다왔 근데 2~3 사이 시점??부터 갑자기 카톡 답장이 잘 옴 석탄일 2~3일 전부터??? 이거뭐지 진전이 있는건가??? 싶기도 했는데 내용이 달달하지는않앗음 그래도 내가 넘 좋아했어서 걍 넘 좋고 카톡 진짜 계속 보게되,1
석탄일에 방탈출하러 가자고 시간내주라고함. 일부러 흑심 가득하게 공포방탈출로 잡음. 그날 아침에 헤어랑 메이크업 받으러 샵갔다왔 근데 2~3 사이 시점??부터 갑자기 카톡 답장이 잘 옴 석탄일 2~3일 전부터??? 이거뭐지 되는건가??? 싶기도했는데 내용이 달달하지는않았음 그래도 내가 너무 좋아했어서 그냥 너무 좋고 카톡 진짜 계속 보게되,1
석탄일에 방탈출하러 가자고 시간내주라고함. 일부러 흑심 가득하게 공포방탈출로 잡음. 그날 아침에 헤어랑 메이크업 받으러 샵갔다왔 근데 2~3 사이 시점??부터 갑자기 카톡 답장이 잘 옴 석탄일 2~3일 전부터??? 이거뭐지 되는건가??? 싶기도했는데 내용이 막 꿀떨어지고 하지는않앗음 그래도 내가 너무 좋아했어서 그냥 너무 좋고 연락을 진짜 계속 보게되,1
석탄일에 방탈출하러 가자고 시간내주라고함. 일부러 공포방탈출로 잡음. 그날 아침에 헤어랑 메이크업 받으러 샵갔다왔 근데 2~3 사이 시점??부터 갑자기 카톡 답장이 잘 옴 석탄일 2~3일 전부터??? 이거뭐지 되는건가??? 싶기도했는데 내용이 막 핑크빛이지는 않았지만 내가 너무 좋아했어서 그냥 너무 좋고 카톡 진짜 계속 보게되더라,1
석탄일에 방탈출하러 가자고 시간내주라고함. 일부러 흑심 가득하게 공포방탈출로 잡음. 그날 약속 전에 헤어랑 메이크업 받으러 샵갔다왔 근데 2~3 사이 시점??부터 갑자기 연락이 엄청 잘 됨 석탄일 2~3일 전부터??? 이거뭐지 되는건가??? 싶기도했는데 내용이 막 꿀떨어지고 하지는않앗음 그래도 내가 넘 좋아했어서 걍 넘 좋고 카톡 진짜 계속 보게되,1
석탄일에 방탈출하러 가자고 시간내주라고함. 일부러 흑심 가득하게 공포방탈출로 잡음. 그날 아침에 헤어랑 메이크업 받으러 샵갔다왔 근데 2~3 사이 시점??부터 갑자기 카톡 답장이 잘 옴 석탄일 2~3일 전부터??? 이거뭐지 되는건가??? 싶기도했는데 내용이 막 꿀떨어지고 하지는않앗음 그래도 내가 넘 좋아했어서 걍 넘 좋고 연락했던 내용을 계속 다시 들여보게 되고,1
코로나 시국으로 회사 집이 하루 일과인데요. 이런 저의 반복적인 일상에 불쑥불쑥 나타나는 한 존재가 있습니다. ”유미야 우리 구에서 352번째 3번째 352번째 352번째부터 355번째 확진자 나왔고 감염 경로는 역학조사 중이래 출근할 때도 출근해서도 마스크 꼭 쓰고 꼭 kf94로 알겠지” ”유미야 356번째 확진자도 나왔대 그런데 확진자 동선에 우리 아파트 앞 사거리 건물이 있더라고 오늘 퇴근하면 아파트 후문으로 들어와 알겠지” 밤 12시에도 “정말 유미야 이 밤에 357번째에서 358번째 확진자가 또 나왔어 358번째 확진자가 또 나왔어 근데 확진자 동거인이 무려 5명이래” 저는 이 오빠 덕에 저는 긴급 재난 문자를 확인하지 않아도 동네 상황을 모두 알 수 있었습니다. 그러던 어느 날 평소처럼 퇴근 후에 집으로 가는 중이었어요. 코너를 막 꺾으려던 순간 오빠가 “확진자 동선이야 오늘 다른 길로 가자 데려다 줄게” 하며 데려다 주었습니다. 그날 저는 동네 오빠의 에스코트를 받으며 안전 귀가를 했습니다. 집에 돌아오니 마침 그때 오빠에게 톡이 왔고 톡을 확인했습니다. ”유미야 너 마스크 있어?” ”마스크 100장 주문했는데 사이즈가 안 맞네 너 가져라”하며 마스크를 선물해줬는데 본인 사이즈를 선물해줬습니다.,2
"코로나 시국으로 매일 회사 아니면 집에 다니는 게 하루 일과인데요. 저의 일상에 갑작스레 나타나는 한 존재가 있습니다. ""누구야 우리 구에서 확진자 나왔고 감염 경로 조사 중이래 출근할 때도 출근해서도 마스크 꼭 쓰고 알겠지” ”확진자 동선에 우리 아파트 앞 사거리 건물이 있더라고 오늘 퇴근하면 아파트 후문으로 들어와 알겠지” 밤 12시에도 “정말 유미야 이 밤에 확진자가 또 나왔어 근데 확진자 동거인이 무려 5명이래” 저는 이 오빠 덕에 저는 긴급 재난 문자를 확인하지 않아도 동네 상황을 모두 알 수 있었습니다. 그러던 어느 날 평소처럼 퇴근 후에 집으로 가는 중이었어요. 코너를 막 꺾으려던 순간 오빠가 “확진자 동선이야 오늘 다른 길로 가자 데려다 줄게” 하며 데려다 주었습니다. 그날 저는 동네 오빠의 에스코트를 받으며 안전 귀가를 했습니다. 집에 돌아오니 마침 그때 오빠에게 톡이 왔고 톡을 확인했습니다. ”유미야 너 마스크 있어?” ”마스크 100장 주문했는데 사이즈가 안 맞네 너 가져라”하며 마스크를 선물해줬는데 본인 사이즈를 선물해줬습니다.",2
코로나 시국으로 회사 집이 하루 일과인데요. 이런 저의 반복적인 일상에 불쑥불쑥 나타나는 한 존재가 있습니다. ”유미야 우리 구에서 확진자 나왔어 마스크 꼭 쓰고” ”친구야 확진자 동선에 우리 아파트 앞 사거리 건물이 있더라고 오늘 퇴근하면 아파트 후문으로 들어와” 밤늦게도 “정말 유미야 이 밤에 확진자가 또 나왔어” 저는 이 분 덕에 긴급 재난 문자를 없이도 상황을 모두 알 수 있었습니다. 어느 날 평소처럼 퇴근 길에 코너를 막 꺾으려던 순간 오빠가 “확진자 동선이야 오늘 다른 길로 가자 데려다 줄게” 하며 데려다 주었습니다. 그날 저는 동네 오빠의 에스코트를 받으며 안전 귀가를 했습니다. 집에 돌아오니 마침 그때 오빠에게 톡이 왔고 톡을 확인했습니다. ”유미야 너 마스크 있어?” ”마스크 100장 주문했는데 사이즈가 안 맞네 너 가져라”하며 마스크를 선물해줬는데 본인 사이즈를 선물해줬습니다.,2
코로나 시국으로 회사 집이 하루 일과인데요. 이런 저의 반복적인 일상에 불쑥불쑥 나타나는 한 존재가 있습니다. ”유미야 우리 구에서 확진자 나왔어 마스크 꼭 쓰고” ”친구야 확진자 동선에 우리 아파트 앞 사거리 건물이 있더라고 오늘 퇴근하면 아파트 후문으로 들어와” 밤늦게도 “정말 유미야 이 밤에 확진자가 또 나왔어” 저는 이 분 덕에 긴급 재난 문자를 없이도 상황을 모두 알 수 있었습니다. 어느 날 평소처럼 퇴근 길에 모서리를 꺾으려던 순간 오빠가 “확진자 동선이니까 다른 길로 데려다 줄게” 하며 데려다 주었습니다. 그날 저는 오빠의 에스코트를 받으며 무사 귀가를 했습니다. 집에 돌아오니 마침 그때 오빠에게 톡이 왔고 톡을 확인했습니다. ”유미야 너 마스크 있어?” ”마스크 100장 주문했는데 사이즈가 안 맞네 너 가져라”하며 마스크를 선물해줬는데 본인 사이즈를 선물해줬습니다.,2
코로나 시국으로 회사 집이 하루 일과인데요. 이런 저의 반복적인 일상에 불쑥불쑥 나타나는 한 존재가 있습니다. ”유미야 우리 구에서 확진자 나왔어 마스크 꼭 쓰고” ”친구야 확진자 동선에 우리 아파트 앞 사거리 건물이 있더라고 오늘 퇴근하면 아파트 후문으로 들어와” 밤늦게도 “정말 유미야 이 밤에 확진자가 또 나왔어” 저는 이 분 덕에 긴급 재난 문자를 없이도 상황을 모두 알 수 있었습니다. 어느 날 평소처럼 퇴근 길에 코너를 막 꺾으려던 순간 오빠가 “확진자 동선이야 오늘 다른 길로 가자 데려다 줄게” 하며 데려다 주었습니다. 그날 저는 동네 오빠의 에스코트를 받으며 안전 귀가를 했습니다. 집에 돌아온 후 오빠의 연락을 확인했습니다. ”마스크 100장 주문했는데 사이즈가 안 맞네 너 가져라”하며 마스크를 선물해줬는데 본인 사이즈를 선물해줬습니다.,2
코로나 시국으로 회사 집이 하루 일과인데요. 이런 저의 반복적인 일상에 불쑥불쑥 나타나는 한 존재가 있습니다. ”유미야 우리 구에서 확진자 나왔어 마스크 꼭 쓰고” ”친구야 확진자 동선에 우리 아파트 앞 사거리 건물이 있더라고 오늘 퇴근하면 아파트 후문으로 들어와” 밤늦게도 “정말 유미야 이 밤에 확진자가 또 나왔어” 저는 이 분 덕에 긴급 재난 문자를 없이도 상황을 모두 알 수 있었습니다. 어느 날 평소처럼 퇴근 길에 코너를 막 꺾으려던 순간 오빠가 “확진자 동선이야 오늘 다른 길로 가자 데려다 줄게” 하며 데려다 주었습니다. 그날 저는 동네 오빠의 에스코트를 받으며 안전 귀가를 했습니다. 집에 돌아온 후 오빠의 연락을 확인했습니다. ”마스크를 많이 샀는데 크기가 안 맞네 너 가져라”하며 마스크를 선물해줬는데 본인 크기를 줬습니다.,2
코로나 시국으로 회사 집이 하루 일과인데요. 이런 저의 반복적인 일상에 불쑥불쑥 나타나는 한 존재가 있습니다. ”유미야 우리 구에서 확진자 나왔어 마스크 꼭 쓰고” ”친구야 확진자 동선에 우리 아파트 앞 사거리 건물이 있더라고 오늘 퇴근하면 아파트 후문으로 들어와” 밤늦게도 “정말 유미야 이 밤에 확진자가 또 나왔어” 저는 이 분 덕에 긴급 재난 문자를 없이도 상황을 모두 알 수 있었습니다. 어느 날 평소처럼 퇴근 길에 코너를 막 꺾으려던 순간 오빠가 “확진자 동선이야 오늘 다른 길로 가자 데려다 줄게” 하며 데려다 주었습니다. 그날 저는 동네 오빠 덕분에 안전 귀가를 했습니다. 집에 돌아온 후 오빠의 연락이 왔는데. ”마스크 100장 주문했는데 사이즈가 안 맞네 너 줄게”하며 마스크를 줬는데 본인 사이즈였습니다.,2
코로나 시국으로 회사 집이 하루 일과인데요. 이런 저의 반복적인 일상에 이벤트를 주는 남성분이 있습니다. 저는 이 오빠 덕에 저는 긴급 재난 문자를 확인하지 않아도 동네 상황을 모두 알 수 있었습니다. 그러던 어느 날 평소처럼 퇴근 후에 집으로 가는 중이었어요. 코너를 막 꺾으려던 순간 확진자 동선이라 다른 길로 데려다 주었습니다. 그날 저는 동네 오빠의 에스코트를 받으며 안전 귀가를 했습니다. 집에 돌아오니 마침 그때 오빠에게 톡이 왔고 톡을 확인했습니다. ”유미야 너 마스크 있어?” ”마스크 100장 주문했는데 사이즈가 안 맞네 너 가져라”하며 마스크를 선물해줬는데 본인 사이즈를 선물해줬습니다.,2
코로나 시국으로 회사 집이 하루 일과인데요. 이런 저의 일상을 깨주는 남성분이 있습니다. 저는 이 오빠 덕에 문자를 확인하지 않아도 확진자 현황을 모두 알 수 있었습니다. 평소처럼 퇴근 후에 집으로 가는 중이었어요. 코너를 막 꺾으려던 순간 확진자 동선이라 다른 길로 데려다 주었습니다. 그날 저는 동네 오빠의 에스코트를 받으며 안전 귀가를 했습니다. 집에 돌아오니 마침 그때 오빠에게 톡이 왔고 톡을 확인했습니다. ”유미야 너 마스크 있어?” ”마스크 100장 주문했는데 사이즈가 안 맞네 너 가져라”하며 마스크를 선물해줬는데 본인 사이즈를 선물해줬습니다.,2
코로나 시국으로 회사 집이 하루 일과인데요. 이런 저의 일상을 깨주는 남성분이 있습니다. 저는 이 오빠 덕에 문자를 확인하지 않아도 확진자 현황을 모두 알 수 있었습니다. 평소처럼 퇴근 후에 집으로 가는 중이었어요. 코너를 막 꺾으려던 순간 확진자 동선이라 다른 길로 데려다 주었습니다. 그날 저는 동네 오빠의 에스코트를 받으며 안전 귀가를 했습니다. 오빠에게 연락이 와서 확인했습니다. ”너 마스크 있어?” ”마스크 100장 주문했는데 사이즈가 안 맞네 너 가져라”하며 마스크를 선물해줬는데 본인한테 맞는 사이즈였습니다.,2
"남자 이성 친구와 밤늦게까지 술을 마시고 집에 들어가기 위해 택시를 잡았어요. 그 친구가 제게 택시비로 쓰라면서 자기 신용카드를 내밀더군요. 그것도 현금이 아닌 카드를 주는 것을 보며 나에게 관심이 있다는 느낌이 왔어요. 신용카드를 준다는 건 그만큼 절 생각한다는 것이고, 카드를 돌려주기 위해 만날 다음 약속을 기약하려는 시그널이 아닐까요?",1
"남사친과 밤늦게까지 술을 마신 후에 택시를 잡았어요. 그 친구가 저를 택시에 태워주더니, 제게 자기 신용카드를 내밀더군요. 택시비로 쓰라면서요. 그것도 현금이 아닌 카드를 주는 것을 보며 뭔가 느낌이 왔어요. 나에게 관심이 있구나! 신용카드를 준다는 건 그만큼 절 생각한다는 것이고, 카드를 돌려주기 위해 만날 다음 약속을 기약하려는 시그널이 아닐까요?",1
"남자인 친구와 늦게까지 놀고 집에 들어가기 위해 택시를 탔어요. 그 친구가 저를 택시에 태워주더니, 제게 자기 신용카드를 내밀더군요. 택시비로 쓰라면서요. 그것도 현금이 아닌 카드를 주는 것을 보며 뭔가 느낌적인 느낌이 왔어요. 이 친구가 나에게 관심이 있구나! 신용카드를 준다는 건 그만큼 절 생각한다는 것이고, 카드를 돌려주기 위해 만날 다음 약속을 기약하려는 시그널이 아닐까요?",1
"남사친과 밤늦게까지 술을 마시고 집에 들어가기 위해 택시를 잡았어요. 그 친구가 저를 택시에 태워주더니, 제게 자기 신용카드를 내밀더군요. 카드를 주길래 그린라이트인가 했어요. 이 친구가 나에게 관심이 있구나! 신용카드를 준다는 건 그만큼 절 생각한다는 것이고, 카드를 돌려주기 위해 만날 다음 약속을 기약하려는 시그널이 아닐까요?",1
"남사친과 밤늦게까지 술을 마시고 집에 들어가기 위해 택시를 잡았어요. 그 친구가 저를 택시에 태워주더니, 제게 자기 신용카드를 내밀더군요. 택시비로 쓰라면서요. 그것도 현금이 아닌 카드를 주는 것을 보며 뭔가 느낌적인 느낌이 왔어요. 이 친구가 나에게 관심이 있구나! 신용카드를 준다는 건 카드를 돌려주기 위해 에프터를 기약하려는 신호가 아닐까요?",1
"남사친과 밤늦게까지 술을 마시고 집에 들어가기 위해 택시를 잡았어요. 그 친구가 저를 택시에 태워주더니, 제게 자기 신용카드를 내밀더군요. 택시비로 쓰라면서요. 카드를 준다는 건 카드를 돌려주기 위해 다음 약속을 기약하려는 신호일까요?",1
"남사친과 밤늦게까지 술을 마시고 집에 들어가기 위해 택시를 잡았어요. 그 친구가 저를 택시에 태워주더니, 제게 자기 신용카드를 내밀더군요. 택시비로 쓰라면서요. 그것도 현금이 아닌 카드를 주는 것을 보며 뭔가 느낌적인 느낌이 왔어요. 이 친구가 나에게 관심이 있구나! 신용카드를 준다는 건 그만큼 절 믿는다는 것이고, 다시 돌려받기 위해 만날 다음 약속을 기약하는 것 아닐까요?",1
남사친과 밤늦게까지 술을 마시고 집에 들어가기 위해 택시를 잡았어요. 그 친구가 택시비로 쓰라고 제게 자기 신용카드를 내밀더군요. 그것도 현금이 아닌 카드를 주는 것을 보며 뭔가 느낌적인 느낌이 왔어요. 이 친구가 나에게 관심이 있구나! 카드를 돌려받으려면 다시 만날 약속을 잡으려는 시그널일까요?,1
클럽에서 만난 남자와 바람을 쐬기 위해 잠시 밖으로 나왔어요. 제가 담배를 물었는데 그가 입에 문 제 담배를 휙 채 가더니 본인이 피우더군요. 내 입술에 닿은 담배가 다른 남자의 입에 닿는 걸 보니 기분이 왠지 묘했어요. 이게 시그널이 맞나요?,0
클럽에서 만난 남자와 담배를 피우기 위해 잠시 밖으로 나왔어요. 제가 담배를 입에 물었는데 그분이 제 담배를 가져가더니 본인이 피우더군요. 내 입술에 닿은 담배가 다른 남자의 입에 닿는 걸 보니 기분이 왠지 묘했어요. 이게 시그널이 맞나요?,0
클럽에서 만난 남자와 담배를 피우기 위해 잠시 밖으로 나왔어요. 제가 담배를 입에 무는데 그가 입에 문 제 담배를 휙 채 가더니 본인이 피우더군요. 내 입에 닿은 담배가 다른 남자의 입에 닿는 걸 보니 기분이 이상했어요. 이게 시그널이 맞나요?,0
클럽에서 만난 남자와 담배를 피우기 위해 잠시 밖으로 나왔어요. 제가 담배를 입에 무는데 그가 입에 문 제 담배를 휙 채 가더니 본인이 피우더군요. 내 입술에 닿은 담배가 다른 남자의 입에 닿는 걸 보니 기분이 왠지 묘했어요. 이게 그린라이트 맞나요?,0
클럽에서 만난 남자와 담배를 피우기 위해 잠시 밖으로 나왔어요. 제가 담배를 입에 무는데 그가 입에 문 제 담배를 휙 채 가더니 본인이 피우더군요. 내 입술에 닿은 담배가 다른 남자의 입에 닿는 걸 보니 기분이 왠지 묘했어요. 이게 신호가 맞나요?,0
클럽에서 만난 남자와 담배를 피우기 위해 함께 나왔어요. 제가 담배를 물었는데 그가 제 담배를 채 가더니 본인이 쓰더라구요. 내 입술에 닿은 담배가 다른 남자의 입에 닿는 걸 보니 기분이 왠지 묘했어요. 이게 시그널이 맞나요?,0
클럽에서 만난 남자와 담배를 피우기 위해 잠시 밖으로 나왔어요. 제가 담배를 입에 무는데 그가 입에 문 제 담배를 휙 채 가더니 본인이 피우더군요. 내 입술에 닿은 담배가 다른 분의 입에 닿는 걸 보니 기분이 이상했어요. 이게 시그널이 맞나요?,0
클럽에서 만난 남자와 담배를 피우기 위해 잠시 밖으로 나왔어요. 제가 담배를 입에 무는데 그가 입에 문 제 담배를 휙 채 가더니 본인이 피우더군요. 내 입술에 닿은 담배가 다른 남자의 입에 닿는 걸 보니 기분이 왠지 묘했어요. 이게 호감 표시가 맞나요?,0
안녕하세요. 스터디에서 만난 한 남자 때문에 사연을 쓰게 된 고민 양입니다. 평소 스터디 남은 100프로 썸이다 싶은 행동들을 저한테 자꾸 하는데요. 예를 들면요. ”너 립 제품 어디 거 많이 써?” ”갑자기 나는..” ”아 됐다 자 아 됐다 자”하고 제품을 주고 사라졌습니다. 심지어 제가 키우는 강아지를 보고서는 자기가 강아지 아빠라는 장난을 치기도 합니다. 아빠는 내가 엄마라는 얘기잖아요. 그러니까 그러니까 부끄러워 그래서 전 스터디 남에게 돌직구를 던졌습니다. ”너 나 좋아해?” ”아니 아니 뭐 그런 거 아닌데 괜히 오해하게 해서 미안해” 내심 다른 대답을 기대했는데 저를 좋아하지 않는다니 약간 실망감이 들긴 하더라고요 이 일이 있고 얼마 후 스터디 모이면서 펜션으로 mt를 가게 되었습니다. 막 놀다가 하나 둘 거실 바닥에 널브러져서 잠이 들었고 다음 날 다른 스터디 회원이 저에게 사진 한 장을 보여줬는데요. 다른 사람 다 일어나고 둘만 자고 있는 거야 사실 나만 자고 있는 거야 얘도 깨어 있는 것이고 저는요 스터디 남의 품에 쏙 들어가 있고 어머 스터디 남은 저를 껴안고 자고 있더라구요. 아니 누가 봐도 연인 같은 모습에 좀 놀라긴 했지만 사실 저는 알고 있었습니다. 아침에가 제 얼굴을 비추면 제 눈을 가려주고 토닥토닥 저를 재우던 그의 손길을요. 아니 이런데도 이런데도 저를 좋아하지 않는다는 말 맞을까요. 뭐라고 톡을 해야 그의 마음을 알 수 있을까요.,0
