txt	result
유치원 사물함 뒤쪽 넣어놓고 문 탁 닫으니까 남자 애가 있는 날 윽 보더 ” 만은 잊지 마 ” 볼 뽀뽀 해주고 갔어	1
중 3 맨날 톡 전화하고 한창 꽁 냥 대던 썸 남있었거든 그러다가 비 온 날 있었는데 우산 없어서 친구 비 맞고 집 뛰어왔어 톡 하다가 비 맞았다고 얘기 하니까 전화 와서 엄청 걱정 하는 말투 비 맞으면 안 되는데 감기 걸리면 어떡해 부르지 이러는 속 부른다고 오겠어 이러고 있었지 며칠 있다가 비 왔거든 학원 이었는데 집 걸어서 15분 거리 여서 어떡하나 고민 있었는데 학원 끝나고 나오니까 걔 우산 들고 기다리고 있었다 학원 끝나는 알았냐고 했더니 같은 수업 듣는 되게 친해서 걔 한테 끝나나 물어봤대 근데 킬 포 선생님 그날 수업 오래 하셔서 30분 기다린 였단	1
꽈배기 먹다가 설탕 입 묻었는데 그걸 맨손 털어주던 썸남 설렜었어요 알 보니 끼 부리는 사람 … 어장 이었지만	0
"병원 입원 했을 링거 많이 꽂혀있어서 스스로 머리 묶을 수 없어 낑깅거리 있었는데 남자 방사선사 선생님 쭈뼛거리며 다가오셔서 “ 묶어 ” 조심 스럽게 물어보시면서 , 보다 본인 많이 수줍 하서면 머리카락 어설프고 서툴지만 열심히 묶어주셨어요"	0
"남자친구 선보였는데 엄청 도와주고 젤리 같은 주면서 호감 표시 하다가 , 어쩌다가 다쳐서 미안해서 밴드 약 사서 발라 줬었다 나중 오빠 전시회 티켓 주면서 가자고 썸 손잡고 캐리커처 그리는 받고 돌아오는 길 놀이터 얘기 하다가 고백 받았다"	1
"자주 가는 단골 카페 젊은 사장 님 있었어요 프레즐 브레드 서비스 줄 단골 한테 엄청 했었는데 , 하다가 추한 몰골 가도 "" 민낯 예쁘시네요 ” 말 걸고 계속 알아봐 주고 그러다가 사장 님 작은 상자 내밀면서 가게 이벤트 있는데 번호 적어서 넣으면 당첨 된다는 예요 안 해도 된다고 했더니 엄청 당황 “ 해야 되는데 사실 손님 한테 하는 이벤트 100 프로 당첨 멋있게 번호 물어 볼걸 ”"	1
밤 늦게까지 술 마시고 집 가야 하는 상황 이었는데 돈 없었 집 가야 해서 대책 없이 택시 탔 같은 방향 가는 모르는 남자 합승 해서요 엄마 먼저 내려야 하는데 돈 없어서 택시 아저씨 한테 돈 가져올 까지만 기다려 달라 하는데 합승 했던 남자 돈 대신 내줄 테 전화번호 달라 했	1
또래 보이는 남자 자꾸 눈 마주치더니 도서 대출 카드 신청 하겠다고 하더라고요 생년 월일 010 쓰더라고요 보다 못 휴대전화 내밀었습니다 쭈뼛쭈뼛 연락처 남기고 사라졌습니다	0
"재수 학원 알 여자애 반소 반 이었는데 여대 출신 솔직히 처음 스타일 아녔음 여자 한테 먼저 말 못 스타일 외모 스타일 은 아녀서 굳이 말 생각 없었음 근데 먼저 말 걸어주고 애가 친화력 상당히 좋은 거임 급속도 친해지고 반 전체 친하게 지내는 여느 입시 망하기 좋은 재수 종합 반 분위기 되었다 중 베프 친해짐 집 갈 가기 걔 고민 들어주기도 뭔가 친해지니 괜찮은 라는 생각 들었음 아마 조금씩 친구 좋아하게 되 어간 흰 피부 마르고 보통 키 였는데 상당히 날씬한 스타 일이었음 여자애 좋아하는 모델 다리 일자 곧게 마르고 다리 길어서 비율 좋은 몸매 얼굴 은 작은 편이 솔직히 엄청 이쁘진 않은데 전체 적 걸그룹 느낌 스타일 지금 은 완전 스타일 아니지만 중 고딩 급식 + 10 대 극 초반 멋 모르고 () 티브이 나오는 걸그룹 날씬한 여자 좋아하곤 하지 않나 나도 그랬던 듯 지금 은 아니지만 여하튼 좋게 좋게 지냈는데 친구 나를 남자 라기보단 좋은 남사 친자 생각 하는 듯 했다 나도 친구 좋아하는지 여자 좋아하는지 헷갈렸었지만 , 확실히 좋아한다고 느낀 건 수능 가까워서 였고 수능 끝나고 같은 종합 반 친구 놀러 다니고 , 술 마시러 가면 베프 지냈음 그러다가 생일 인 1월 고백 했는데 “ 아직 은 친구 로서 감정 크다 미안 나도 남자 로서 조금씩 널 생각 은 해볼게 ” 라는 거절 왔고 이대로 친구 잃기는 싫어서 알겠다고 평소 친하게 아무렇지도 않은 듯 지냈음 고백 하기 전 좋아한다는 소리 같은 반 친구 한테 했고 알 있는 분위기 였는데 개 쪽 셈이었지만 아무 내색 하지 않고 좋아는 친구 로서 얼굴 은 자주 보는 힘든 보냈다 그러다가 11 살 따로 준비 시험 있어서 재수 종합 반 친구 덜 만나게 되었고 , 친구 연락 은 했지만 자주 보지 않게 되었다 여자애 포스트 글 쓰고 친한 날 헷갈리게 마음 한편 사귈 수도 있겠지 생각 공부 했음"	0
"아침 아무 없는 빈 교실 느낌 좋아서 중학교 내내 일찍 등교 했는데 , 1 첫날 빨리 가니까 양 아치 삘 개도 있더라 첫날 이기도 정반대 말 안 걸겠지 했는데 애가 양 아치 성격 좋아서 자꾸 말 걸더라 개는 아애 잠 안 자고 학교 자려고 빨리 오는 였는데 맨날 하루 30분 얘기 하니까 외관 은 전혀 느낌 관심사 겹 치고 좋아지더라 … 근데 주 , 자려고 일직 온다면서 얘기 한다고 못 자면 피곤하고 아니냐라고 물어봤는데 얘기 하는 싫냐고 하더라 돌려 돌려서 피곤할까 그렇다는 식 말 알겠다면서 그다음 부터는 일찍 가도 자고 있음 … 무서워서 깨우지는 못 옆 빙빙 거리 , 자고 있는 줄 알았는데 빨리 사과 하길래 사과 다시 아침 마다 애기 개는 학교 늘 잠 자고 , 양 아치 같은 무서운 노 평소 아는 안 했는데 , 꼭 눈 마주치면 손 살짝 들고 아는 해주던 좋았었는데 … 1 반 갈리 복도 에서만 간간이 인사 아기 하다가 졸업식 사진 찍고 로는 연락 안 했는데"	0
"전 남사 킨 주 먹다가 필수 코스 인 볶음밥 주문 했습니다 훈훈한 비주 얼 아르바이트생 하트 모양 볶아주고 “ 맛있게 드세요 ” 라는 예요 남사 “ 대박 , 보고 웃는 봤어 ” 사진 찍었습니다 며칠 훈훈한 아르바이트생 다시 보고 싶어서 남사 킨 주 집 방문 했습니다 그날 훈훈한 아르바이트생 오빠 테이블 볶을 밥 만들려는데 남사 아르바이트생 오빠 돌려 보내고 직접 밥 볶겠다고 하며 하트 모양 볶음밥 만들었습니다 직후 “ 만든 건 안 찍어 ” 이후 연락 빈도 같았습니다"	1
 16 취준생 고민 입니다 취업 은커녕 번번이 연애 에도 실패했는데요 남사 친 데리 타로 보러 갔습니다 타로 며 사주며 사기 생각 했던 남사 치은 솔직한 마음 은 보고 싶었는지 주머니 돈 꺼내더라고요 그렇게 남사 치은 연애 운 보게 되었는데요 타로점 결과 ‘ 가까이 있는 사람 좋아하는데 애써 모른 ’ 받았습니다 직후 남사 치은 공감 하며 며칠 해당 타로 집 궁합 보러 다시 한번 가자고 했습니다	1
 호떡 좋아하는 고민 입니다 호떡 삶 낙인 데 호떡 찾기 힘든 시기 남 직원 호떡 좋아하는 알았는지 호떡 사다 주었습니다 주말 남 직원 호떡 가게 사진 찍어서 연락 왔습니다 굳이 거리 에도 먼저 연락 해주었고 호떡 믹스 호떡 누르 개 사주겠다고 연락 왔습니다	1
1 였을 1 다니던 단골 피시방 공사 한다고 해서 아오 시방 가지 이러면서 방 다니다가 달 만에 골프 방 공사 끝나서 갔지 근데 원래 아르바이트 하던 누나 있는데 ( 진심 모모 타 닮았어 ) 누나 남자친구 있어서 ( 남친 생키 키 누나 비슷함 160 될까 말까 ) 근데 누나 말고 처음 보는 알바 누나 있는 원래 잇던 알바 누나 보다는 얼굴 은 딸리지만 예쁘긴 했음 제일 중요한 몸매 쩔엇음 보자마자 반해 가지 피시방 출근 듯이 학교 끝나자마자 모아서 맨날 갔지 그러다가 1 주 피망 끝나서 몸매 쩌 누나 한테 이름 말 꺼주세요 하려고 했는데 갑자기 누나 먼저 한테 이름 부르더니 꺼줄까 이렇게 물어보는 웃으면서 꺼주세요 그랬지 기분 겁나 음 이후 친해졌지 피시방 들어갈 누나 한테 인사 하면 누나 안녕 인사 해줬어 이건 친해진 아닌가 하여튼 이름 불러주니깐 음 이제 본론 들어감 아직도 기억 추석 연휴 첫날 이었어 ( 시골 안 가거든 친가 외가 서울 있거든 ) 집 존나 심심하니깐 친구 한테 연락 해서 비방 가자고 했지 근데 시골 가고 명 안 간 개 피시방 갔어 누나 없는 하긴 추석 누나 갔겠지라고 생각 친구 게임 하는데 누나 온 누나 보고 반가워가지고 성격 소심해가지고 게임 하다가 가서 인사 하기는 그랬음 ;; 그렇게 게임 하다가 끝나서 누나 한테 꺼 달라 말 하러 가는데 누나 보더 안 갔어 물어보는 안 갔어요 ? 친가 외가 서울 계셔 서라고 대답 했지 그러니깐 누나 내일 피방 오겟네 그러길래 당연하죠 대답 했지 솔직히 처음 누나 물어보고 나서 누나 안 가세 물어보고 싶었는데 용기 안 나가지고 기분 좋게 인사 나왔어 날 와서 평소 똑같이 게임 있었는데 옆 자리 잇던 어른 보고 자리 옮겨주면 안 되냐고 물어보길래 옮겨 줬지 ( 어른 사이 있었거든 지네 붙어서 게임 하려고 물어본 거임 ) 옮기고 나서 컴퓨터 전원 키 의자 앉아서 기다리는데 누나 옆 자리 의자 앉더니 옮겨 물어봤어 옮겨 줬 어요 대답 했지 그러니깐 누나 웃으면서 갔어 추석 연휴 끝나고 누나 안 나오는 ;; 개 허탈했음 ;;	0
한두 달 매일 연락 했음 사귀기로 했음 근데 잠수 이별 당함 영문 모른 채 전화 씹으니까 그러는지 이유 라도 알려 달라 삼일 매달 는데 나중 한다는 변명 날 보험 삼는 같았음 알겠다고 대충 대답 억지로 행복 회로 돌리다가 받아드럈 지 질린 맞고 끝난가라고 근데 난 질려서 귀찮게 굴어서 싫어진 마음 아파서 차단 연상 되는 모든 마음 찢어질 같더라 오늘 에서야 차단 풀 카톡 봤음 6 개월 지났는데 아직도 덜 나았음 유사한 많이 해봤는데 이렇게 힘든데 사귀면 무서워	0
"친구 종로 술 먹고 있으니 놀러 오라 보는 얼굴 있었어 전 키 크고 얼굴 동그랗고 안경 쓴 사람 좋아해요 아무래도 호감 가는 보니 자꾸 눈 가더라고요 집 가는 길 같아서 택시 탈수 있었어요 나를 내려주고 택시 떠나고 난 집 향 했죠 열 셀 날 찾으면 사귈 걸음 집 향 했죠 ~ ~ ~ ~ ~ ~ "" 가시 봐요 "" 였어요 전 기뻐서 돌고래 소리 질렀어요 "" ~ 이야기 더할까 "" 이야기 보니 좋아졌어요"	1
"학원 ( 소수 ) 녓을때 한창 싸이 나갔음 근데 학원 은 인원 수가 적다 보니 두루 두루 친했음 근데 학원 에서는 청 점용 그러다가 학원 친구 학원 찍은 사진 움짤 ( 사진 개 묶어서 파일 ) 만들어서 싸 올렸는데 친구 홈피 여자애 ( 일진 ) 댓글 지금 은 생각 하면 오글거리지만 "" 완전 스타일 이다 소개 "" 이렇게 댓글 거임 그거 보고 기분 좋아서 미니홈피 들어가 봤는데 ( 예쁜 ) 인거 친구 걔 연결 해줄 기다리다가 전화번호 알려줘서 문 자질 하다가 ( 당시 피처폰 ) 걔 가출 상태 였음 ( 1 봄 5월 ) 학교 자퇴 했었고 말로 돈 모이 만나자고 말 해서 기다리기 힘들었지만"	1
여자친구 썰 개월 이야기 입니다 ( 안 읽어도 상관 ) 편하게 체 하겠습니다 본인 당시 16 7 살 연하면 19 살이 지 않느냐 하실 수 있는데 그런 걱정 안 하셔도 됩니다 당시 아마 10월 이었을 건데 당시 여자친구 헤어진 지 안 되고 교대 근무 많이 힘들었음 당시 집 쉬는 날이었는데 집 에만 있기 심심해서 작업 하러 집 근처 카페 갔었음 당시 복장 오버 피 티셔츠 무릎 늘어난 운동복 슬리퍼 끌 갔었음 카페 도착 아랑 케이크 시켜서 1 층 가서 구석 진 자리 앉았음 그러고 나서 노트북 펨토 동시 돌리는 고난 작업 했음 계속 열중 있는데 몸 풀 건너편 여자 눈 마주침 근데 눈 피 하더라 런가 보다 있었는데 계속 나를 쳐다보는 느껴지는 거임 다른데 보는 보 계속 쳐다보더라 지라 생각 들었는데 있다가 자리 정리 1 층 내려가는 거임 가는가 보다 있었는데 갑자기 다시 올라오더니 한테 직진 하는 거임 근데 여자 거기 파는 쿠키 쪽지 접은 주더 라  하니까 한테 휙 주고 가버렸음 1분 아무 생각 안 들다가 쪽지 확인 해봤음 거기 내용 은 스타일 셔 그러는데 여자친구 없으시면 연락 주세요 010 - 솔직히 당황 하면서도 좋았었음 나도 집 가서 있다가 카톡 했었음 대충 내용 쿠키 주신 분 맞으실까 넵 맞아요 시작 해서 덕분 쿠키 먹었다 이야기 하다가 걔 먼저 나이 이야기 했음 나이 되세요 16 살 입니다 쪽 은 19 살이 머리 몽둥이 대 얻어맞은 느낌이었음 19 살 마음속 끝났네 했음 고등학생 시구 나이 차이 많이 식 보냈었는데 걔 오빠 성인 되는데 기다려 주시 면 안 돼요 하더라 19 살의 노빠 쿠 어질어질했음	1
그날 기분 안 좋았어 굳이 티 려고 건 아니지만 목소리 티 났나 여보세요 했는데 목소리 이러더니 택시 타고 와가지고 베 라 패밀리 에다가 좋아하는 맛 담아가지고 집 앞 가지 온 근데 라도 민낯 일까 집 앞 두고 카톡 갔어	1
 17 살 여고생 입니다 전 생일 날 책상 수제 캐릭터 케이스 있더라고요 생일 귀찮아서 알림 설정 하지 않았기에 친구 선물 줄 알 친구 한테 물어봤지만 친구 아니더라고요 책상 있어서 해당 케이스 끼 등교 했는데 같은 반 남학생 학생증 통해 생일 기억 놓고 있다가 직접 케이스 만들어서 선물 했다고 하더라고요 날 친구 같은 만들고 있더라고요	0
눈 뜨자마자 한테 연락 어제 자라고 못 해줘서 미안하다 그러고 음성 일상 보고 하는데 일상 궁금하다는데 썸	1
유럽 여행 갔을 해리포터 팬 런던 해리 포터 스튜디오 갔었는데 거기 가는 셔틀버스 우연히 옆 앉게 남자 애가 있었어 영국인 걔 친구 왔는데 버스 스몰 톡 했는데 어쩌다 보 거지 같은 영어실력 도착 할 얘기 안 끊기고 계속 근데 도착 해서도 친구 버리고 다님 사진 찍어주고 다시 도착 해서 인사 가려는데 저녁 먹고 싶다는 저녁 먹고 런던 야경 구경 숙소 데려다 줬는데 가냐고 이런저런 얘기 하다가 런던 7일 있었는데 5일 계속 만나게 마지막 날 공항 바래다주고 고백 같은 말 오글거리는데 만난 날 옆 자리 앉은 한테 행운 이었고 날 잊어도 보낸 평생 잊을 수 없을 누가 날 평생 억 한다는 데 설렘 근데 지구 반대편 뭘 할 수도 없잖아 ??? 떠나기 전날 알았는데 6 살 차이 나고 미자 였음 했는데 인생 잊을 수 없는 1 주일 평생 예쁘다는 말 걔 한테 들었어	0
"여잔 데 가한 테 맞고 울었던 적도 있고 물어 걔 진심 화났던 적도 ( 물어 피남 모든 썸 타던 기간 일어난 일임 썸 아닌 같지 나도 ) 어쨌든 키 작은 편 이란 말 이야 당시 154 였는데 ( 현재 1578 ) 반 만큼 작은 없었어 남자 맨날 놀리고 여자애 맨날 놀리고 아무렇지 않은 했지만 딴엔 상처 받고 콤플렉스 였단 말 이야 근데 전 남자친구 181 이었어 키 ( 지금 은 컸더라 같은 학교 라서 맨날 마주침 ) 그날 걔 "" 작다 ~ "" 이러면서 계속 놀려서 나도 "" 아니라고 "" 이러고 번 받아주다가 화가 콤플렉스 자꾸 건드리니까 나도 받아주다가 화나서 "" 시 , 래 "" 이러고 표정 구기 자리 걸어가려고 하는데 걔 잡아서 안으면서 허리 구부리 귀 에다 "" , 작잖아 "" 이랬음 있는데 쉬는 이었는데 ????? 심장 쿵쾅 쿵쾅 거리 설레서 "" ( 숨 뱉는 소리 ) 하지 마라 "" 이러고 자리 천천히 걸어감 난 팝 보던 일이 한테 일어날 줄 몰랐음 맨날 때리고 안 그러던 애가"	1
초 5 지금 좋아했던 날 생각나면서 쓸데없이 의미 부여 하다가 나중 실망했던 날 떠오르고 밤 마다 울면 이제 포기 하자 생각 했는데 막상 날 마주치면 마냥 좋기만 6~7년 많이 챙겨주고 힘들어 할 마다 위로 해주고 그랬는데 동생 선 은 절대로 안 넘었어 은근 슬쩍 떠봐도 헛소리 하지 말라면서 들은 체 안 나쁜 놈 아무튼 저런 얘기 할 짝 님 은 끄덕 끄덕 들어줬어 근데 3 맨날 울어가지고 짝 님 우는 싫어한단 말 이야 얘기 하다가 말고 우는 보기 싫지 이랬는데 짝 님 때문 우는 건데 뭐라 이러면서 눈물 닦아 줬는데 설레고 열 받았어 그만 좋아할 법도 지겹도록 짝 날 때문 기분 하루 에도 번 왔다 갔다 포기 하자 포기 하자 싶다가도 전화 오면 심장 빨리 뛰고 어휴 짓 그만하고 싶어서 차이더라도 얘기 하려고 했던 였어 몇십 분 얘기 하다가 이제 오빠 얘기 해보라고 했는데 처음 한테 말 그동안 연락 은 피했냬 이제 안 만나면 안 좋아하게 될 같아서 그랬다고 했더니 좋아하는 사람 남자친구 생긴 줄 알았다는 3 맨날 대학 합격 하면 남자친구 사귀어서 맨날 맨날 손잡고 데 다닐 했거든 해본 말이었어 희망사항 사실 떠 본 있긴 아무튼 그런 아니라고 했더니 뜸 들이다가 웃으면서 하는 말 11 살 였으면 좋아한 은 별것 아니네 이러는 전 잘생긴 놈 저렇게 말 심장 튀어나올 빨리 뛰고 맥주 한두 잔 마신 다인 데 얼굴 아주 터질 빨개진 나도 느껴지고 짝 남동 길게 얘기 했는데 간단하게 말 하자면 1 이었을 그니까 짝 님 따지자면 1 좋아했대 근데 3 얘기 못 했고 막상 입시 끝나니까 3 성인 얘기 못 했고 이제 군대 가야 돼서 얘기 안 하려고 했대 고등학생 일부러 번 떠본 알 있었다는데 일부러 선 은 였대 고등학생 사귀어 봤자 못 챙겨줄 같았고 솔직히 말 해서 순위 아니고 대학 먼저 였대 말 듣고 쪼끔 서운 항상 이었는데 어휴 아무튼 이렇게 자주 만나면서 지내는 나쁘지 않겠다 싶었는데 갑자기 연락 안 보고 만나자고도 안 하니까 애가 탔대 아오 무시 할 그랬나 말 듣고 속이 후련하던지 근데 문제 아직 개월 남긴 했지만 올해 군대 가면 힘들지 않겠냐 면서 뭐라고 엄청 말 많이 했는데 들어 보 결론 은 군대 가있는 맘 변해서 헤어지자 하면 어쩌나 하는 였음 귀엽지 않냐 웃으면서 말 했더니 걱정 안 이러길래 좋아했는데 오빠 고작 1-1년 가있는다고 맘 변하겠냐 이러면서 얘기 음 헤어진다 그거 걱정 해서 지금 안 사귈 냐 아직 개월 남았다며 손잡고 다니 자고 이런저런 말 했어 무릎 이라도 꿇었어야 됐나 지금 보 마지막 아주 매달리네 누가 군대 가는 줄 아무튼 오빠 계속 얘기 하다가 사귀기로 했어 집 데려다줄 진작 말 하지 그걸 안 말 이러면서 일부러 툴툴대면 먼저 앞 갔더니 이리 이러는 오빠 이러니까 서는 손 잡더니 이제 데리 다녀 ~ 이럼 솔직히 걱정 되긴 나중 생각 하자고 지금 싶은 안 하는 건 그렇잖아 선택 이니까 후회 몫 헤어지더라도 경험 	1
체육대회 계주 하더가 넘어져서 무릎 손 까졌는데 썸남 한테 묻지도 따지지도 않고 걱정 하는 표정 나를 업어서 양 호실 데려갔을 설렜어	0
" 최근 이사 17 살 고민 입니다 최근 동네 주민 여성 동료 1 명과 남성 동료 1 명 , 3 명 이서 카풀 하게 되었습니다 카풀 할 마다 저만 조 수석 태우고 여성 동료 태우고 출근 했습니다 퇴근 할 집 지나쳐 여성 동료 먼저 내려주고 마지막 내려주었습니다 타겠다고 말 먼저 했고 남 직원 은 일부러 조 수석 태운 거고 노래 선곡 한다는 칭찬 해주었습니다"	1
저번 주 오션월드 갔는데 파도 풀 놀다가 안전 요원 파도 올 마다 잠수 하는 멋진 근데 쳐다보고 있었는데 훈훈하게 생긴 안전 요원 눈 마주 치고 안전 요원 파도 오는 쓱 보더 보고 살짝 웃고 잠수 하는데 멋졌어	0
"중학교 초 6 아무튼 조 별로 손 제일 큰 사람 그런 찾는 있었는데 동갑 중 보다 손 작은 사람 본 적 없을 겁나 작아서 "" 난 안 돼 "" 중얼거렸는데 같은 조인 남자 애가 쪽 돌아 보면서 "" "" 묻길래 손 비비면서 "" 손 작아서 "" 하니까 "" 작은데 "" 책상 위로 팔꿈치 대고 손 대보 라는 식 해서 봤는데 "" ~ 작네 "" 갑자기 싱긋 웃으면서 손깍지 아무 없던 여서 난 당황 했는데 걔 그렇게 다행히 아무 한테 관심 안 가져줘서 앞 큰 소리 나기 전 걔 손 잡고 계속 쳐다봤었음 지난 지금 생각날 웃는 예뻤어 잡았을 멈춘 느낌 인생 제일 설렘 가득했던 손잡기 였어"	0
초 1 여자애 좋다면서 나중 결혼 하자고 쫓아다니고 난 부끄러워서 걔 피하 결혼 안 한다고 했고 남중 테크 탄 아무 날 좋아해 주지 않았지 …	0
좋아하는 사람 앞 난 고개 숙이고 끄적 있고 사람 은 되게 바빴는데 갑자기 멈추더니 조심 스럽게 머리 쓰담 쓰담 사람 손 손 얹었는데 손 가위 인 거임 사람 은 보였어 손 모양 사람 은 그거 보고 가위바위보 하자 웃는거야 설레냐면 저번 사람 한테 주먹 보인 적 있는데 손 가위 해서 일부 져 생각나서 딴엔 많이 설레었음 이쁘다 해주고 그랬는데 지금 은 싫어하는 같은데 그것 아닌 난 아직도 설렘	0
키 작아서 장난 많이 치는데 놀려서 “ 아아 아바 키 아아 ” 탄식 있는데 남자 애가 와서 “ 근데 키 작으면 귀엽지 않나 ” 해줌 고맙다 놈	0
"동기 님 길 걷고 있었는데 까만 차가 멈추지 않고 달려오더라고 앞 가고 있어서 옆 피 하려 했는데 , 동기 님 엄청 놀라서는 , “ 아어 차 위험해 ” 양팔 붙잡고 이리저리 휘 젓더라 차도 우왕좌왕 동기 님 나도 우왕좌왕 상황 은 웃겼는데 설렜어"	0
"지난 긴데 오랜 금요일 휴가 내고 고향 있는 동네 은행 갔다가 첫 눈 반해 버린 분 있었어 할머니 할아버지 한테 싹싹하게 웃으면서 알려주는 이뻐 보이던지 난 직장인 통장 만들러 간 였거든 이야기 나누고 통장 만들고 나왔는데 하루 종일 생각나는 살면서 번호 번 본 적도 없는데 은행 앞 무작정 기다렸어 3시간 기다리니 퇴근 하더라고 솔직히 말 했어 이상형 시라 번호 달라 그러고 나서 주 주말 만났어 리액션 은 있는 편 남 이야기 듣기 하는데도 이렇게 매력 터지는 사람 만난 건 처음 이었어 1 번째 만남 돈 센다고 손 부르틀까 핸드 크림 사주고 , 4 번 째 꽃 좋아한 대서 드라이브 헤어질 작은 안개꽃 한송이 주고 ( 지금 생각 해보니 부담스러웠을 수도 있겠다 ) 펀드 들어줬지 ( 형 직원 추천 이름 적어주는 ) ( 신영 배당 주 펀드 ) 대학생 재테크 관심 많아서 강의 듣고 그랬거든 여하튼 이야기 통한 같았고 이제 고백 남은 같아서 분위기 괜찮은 걸으면서 물어봤어 생각 근데 고민 해봤는데 나쁜 남자 스타일 좋아한대"	0
 4년 차 직장인 30 살 남자 입니다 회사 구내식당 많은 남 직원 흠 모하 미모 영양사 계십니다 호감 은 있지만 대놓고 표현 적은 없었습니다 여느 배식 받고 있었는데 눈 충혈 되어있네요 연어구이 드릴게요 감사합니다 피곤했나 보네요 몰래 드리는 남기지 말고 드세요 그렇게 기분 좋게 식사 구내식당 게시판 연어 안 남기고 먹었습니다 치킨 먹고 싶어 적었습니다 며칠 게시판 적은 치킨 가스 나왔습니다 게시판 가자미 조림 가능할까 적었습니다 주 가자미 조림 나왔고 그날 맛있게 먹고 있는데 영상 사가 직접 와서 맛있게 먹고 있는지 묻고 매주 식단 짜기 힘든데 도움 되었다 못 먹는 있으면 말 해주세 했습니다	0
"지금 절 혼란 스럽게 하는 남자 명 있어요 술자리 동석 하면 바람 쐬러 나가자면서 밖 불러내 머리 쓰다듬고 손 잡아요 술자리 이후 카톡 종종 했고요 근데 따로 만난 적 없어요 말 정확한 약속 은 잡지 않아요 썸 맞나요 카톡 술자리 에서는 썸 인 행동 근데 따로 만나는 피하 눈치 예요 여자 노는데 , 그렇다고 모든 여자 스킨십 하지는 않더라고요"	0
"선배 님 , 썸남 있어요 자주 만나서 얘기 데이트 자주 보고 싶은데 항상 먼저 만나자고 하네요 이러니 ‘ 나를 좋아하긴 ’ 라는 생각 들어요 만나면 재미있게 놀긴 하는데 , 먼저 만나자고 안 하는 남자 … 썸남 맞아요"	0
 16 살 직장인 여자 입니다 지금 시국 시국 인지 라 회사 집 하루 일과 반복 적 인 일상 불쑥 불쑥 나타나는 존재 있습니다 ” 유미 351 번째 3 번째 351 번째 351 번 째 355 번째 진자 나왔고 감염 경로 역학 조사 중이 래 출근 할 출근 해서도 마스크 꼭 쓰고 꼭 94 알겠지 ” ” 유미 356 번째 진자 나왔대 진자 동선 아파트 앞 사거리 건물 있더라고 오늘 퇴근 하면 아파트 후문 들어와 알겠지 ” 밤 11시 에도 “ 유미 밤 357 번 째 358 번째 진자 나왔어 358 번째 진자 나왔어 근데 진자 동거인 무려 5 명 ” 오빠 덕 긴급 재난 문자 확인 하지 않아도 동네 상황 알 수 있었습니다 그러던 날 평소 퇴근 집 가는 중 이었어요 코너 꺾으려던 순간 오빠 “ 진자 동선 이야 오늘 길 가자 데려다줄게 ” 하며 데려다주었습니다 그날 동네 오빠 에스코트 받으며 안전 귀가 했습니다 집 돌아오니 마침 오빠 톡 왔고 톡 확인 했습니다 ” 유미 마스크 있어 ” ” 마스크 100 장 주문 했는데 사이즈 안 맞네 가져라 ” 하며 마스크 선물 해줬는데 본인 사이즈 선물 해줬습니다	1
"은 여자친구 만났냐 평범하든 특별하든 썰 궁금하네 소개팅 , 동호회 , 스터디 , 학교 회사 동료 난 영어 스터디 모임 만났는데 미드나 영화 보면서 유용한 대사 단어 구문 같은 체크 공부 하는 직딩 스터디 남녀 골고루 섞여있었음 남녀 모이는 불순 목적 오는 남자 많음 공부 하는 노 유도 모임 주최 하려고 암튼 꼭 그런 있음 역시 못 솔 이었고 고백 울렁증 있고 여자 사귈 수나 있을까 생각 짝사랑 해봤음 나이 10 대 후반 바라보는 나이 공부 하러 스터디 서는 나도 남자 인지 라 맘 드는 여자 당연히 있었지만 굳이 티 안 내고 해볼까 생각 안 공부 했음 반해 대부분 남자 은 여자 마다 추파 던지면서 작업 뻔히 보임 단독 에서도 들이 대고 개인 톡 으로도 들이 대고 난 그런 한심해 보였음 난 할 일만 따로 1 대 1 카톡 안 스터디 에서는 오래 보니 얘기 친근하게 주고받을 됐지만 따로 연락 은 안 했음 근데 날 마음 두던 여자 카톡 생일 이라고 알림 떠있더라 스터디 가는 길 올리브 5천 원 짜리 핸드 크림 사서 감 생일 축하 한다고 핸드 크림 주 엄청 좋아하더라 그렇게 선물 주고 스터디 진행 했으면 끝나고 집 가니 톡 오더라 고맙다고 밥 사겠다고 말 하는 겠지 담 밥 먹자 대화 끊음 근데 스터디 따로 밥 먹자고 하네 얼떨결 가서 밥 먹었지 나야 거절 할 이유 없으니까 밥 먹고 커피 쐈음 여자 담 보고 밥 달래 난 그렇게 서로 그다음 은 밥사 식 만남 이어지더라 어느새 스터디 안 썸 타는 사이 분위기 밀어주는 분위기 보통 스터디 나면 집 가는 지하철 쪽 갔는데 한두 명 자리 피 해주더니 가는 모양 나옴"	1
클럽 만난 남자 담배 피우기 위해 밖 나왔어요 담배 입 무는데 입 문 담배 휙 채 가더니 본인 피우더군요 입술 닿은 담배 남자 입 닿는 보니 기분 왠지 묘 시그널 맞나요	0
 스터디 만난 남자 때문 사연 쓰게 고민 양 입니다 평소 스터디 남은 100 프로 썸 이다 싶은 행동 한테 자꾸 하는데요 들면요 ” 립 제품 많이 써 ” ” 갑자기 ” ” 됐다 됐다 ” 제품 주고 사라졌습니다 키우는 강아지 보고서 강아지 아빠 라는 장난 치기 합니다 아빠 엄마 라는 얘기 잖아요 부끄러워 전 스터디 남 돌직구 던졌습니다 ” 좋아해 ” ” 그런 아닌데 괜히 오해 하게 해서 미안해 ” 대답 기대했는데 좋아하지 않는다니 실망 감 들긴 하더라고요 일이 있고 스터디 모이면서 펜션 가게 되었습니다 놀다가 거실 바닥 널브러져 잠 들었고 날 스터디 회원 사진 장 보여줬는데요 사람 일어나고 자고 있는 사실 자고 있는 깨어 있는 스터디 남 품 쏙 들어가 있고 어머 스터디 남은 껴안고 자고 있더라고요 누가 봐도 연인 같은 모습 놀라긴 했지만 사실 알 있었습니다 아침 얼굴 비추면 눈 가려주고 토닥토닥 재우던 손길 이런데도 이런데도 좋아하지 않는다는 말 맞을까요 뭐라고 톡 해야 마음 알 수 있을까요	0
직장 동료 여자 분과 관련 이야기 입니다 보고 안 가도 되는 회식 가자고 얘기 뜬금없이 있을 주말 했냐 어린이날 했냐 등산 좋아한다더니 등산 갔다 왔냐 물어보는데 한테 관심 있는 건지 없는 건지 모르겠습니다 연애 해야 배우는 있다고 말씀 하시면서 여자 소개 해준다는 관심 없는 같기도 6035	0
아르바이트 하는 빤데 모든 술자리 나를 계속 불러 아르바이트생 한테 이도 마시면 안 돼요 직접 이렇게 물어가면서 놀이 공원 알바 라서 아르바이트생 술자리 엄청 많거든 분 은 안 싸고 낯 가려서 술자리 피 했거든 분 술자리 계속 챙겨주고 ( 물 계속 따라주고 계속 괜찮냐고 물어보고 옆 자리 앉고 ) 버스 정류장 데려다주시고 비 오는 날 나도 우산 갖고 있는데 굳이 우산 쓰고 가자고 해서 우산 하나로 쓰고 간 적도 있어 다니는 학교 남자 생겼냐고 물어보고 계속 이렇게 지내니까 아르바이트생 분들 썸 타는 줄 알 한테 바보 부탁 근데 연락 안 일부러 연락 해도 분 은 묻는 말 대답  썸 타는  생각 해보니 // 50763914	0
"직장 하는 11 살 어린 친구 있어요 본인 은 34 살 3년 사귄 여자친구 헤어지고 두 달 같네요 엄청 힘든 보내고 있는 와중 친구 눈 들어오기 시작 평소 같은 팀 밑 직원 이었는데 친하긴 했지만 서로 사적 인 얘기 해본 적도 없고 사석 만난 적도 없고요 친구 눈 들어오기 시작 해서 하루 한두 번 연락 하기 시작 하다가 이제 끝나고 매일 연락 있어요 ( 그녀 하겠습니다 ) 주말 그녀 친구 약속 있었지만 귀찮아서 안 나갔다고 하길래 나오라고 바람 쐬러 가자 하니까 나오더라고요 불알 친구 인 여사 친구 물어보니 집 아무 안 상태 씻기 , 화장 하기 , 옷 입기 귀찮은지 아냐고 면 호감 있는 하더라고요 아무튼 주말 그렇게 서울 외곽 드라이브 왔어요 그렇게 주말 지나가고 그녀 달달 좋아해서 오늘 중 페북 둔 카페 있는데 갈래 하니까 흔쾌히 오케이 해서 카페 갔다가 저녁 먹고 데려다주고 집 왔네요 면 그녀 호감 있는 직장 상사 로만 생각 하는 주말 만나자 하려고 했는데 주 주말 약속 있다고 하더라고요 한두 번 만나고 확신 생긴다면 고백 하려 했는데 워낙 나이 차이 많이 나다 보니 많이 조심스러운 있네요"	1
"“ 같은 여자친구 있었으면 좋겠다 "" 라는 말 “ 사귈래 ” 라는 표현 은 테트리스 게임 일자 블록 기억 모양 블록 만큼 차이 난다 이다 썸 인지 아닌지는 말 따라오는 행동 봐야 알 수 있겠지만 , 적어도 표현 ‘ 널 좋아한다 ’ ‘ 호감 ’ 표시 아니다"	0
사람 만났을 특별히 뭘 하지는 않았지만 집 가려고 할 나중 메신저 연락 한다고 슬쩍 말 해서 기대했었는데 … 그날 날 말 없어서 말 걸었더니 깜빡 했다고 … 주 금요일 보자고 하더라고요 … 이래저래 농담 서로 뭔가 썸 인 듯 데 남자 쪽 에서는 적극성 보이질 않는 … 절 좋아하지 않는 겠죠 …	0
머리 깎는데 연신 계속 말 시키고 근처 사냐 물어보고 쉴 새 없이 말 근데 미용사 이뻐서 기분 좋게 이야기 오늘 불토 여자친구 만나러 가냐 해서 없다고 있었으면 좋겠다 하니 있을 같은데 거짓말 하지 말 라는 둥 깨 쏟아지게 이야기 했습니다 머리 드라이 할 연락처 알려줄 수 있냐 물어봤습니다 수줍게 웃으면서 론 가시더니 갑자기 남자 계산 받고 여자 구석 동료 무시 순두부찌개 맛있게 드시네요	0
"평소 괜찮다고 생각 했던 회사 후배 있는데 … 회사 사람 연하다 보니 안된다 안된다 스스로 간신히 다잡고 있었는데 … 자꾸만 심쿵 행동 하네요 연상 만나고 싶다 , 여자 친구 하는 편이 , 누나 괜히 괴롭히고 싶다 괜히 오버 하는 싶기도 … 고백 이라도 해주면 받아나 줄 텐데 …"	1
" 19 살 직딩입니 회사 도도한 동갑 내기 여직원 있는데요 얼굴 예뻐서 입사 할 관심 은 가지 있었지만 워낙 자신감 없고 여직원 은 인기 많아서 포기 묵묵히 일이 열심히 있었는데요 하루 때문 인지 인지 모르겠지만 자리 와서 허리 숙이며 대한 무언가 물어보더라고요 사내 메신저 물어봐도 되는데 굳이 자리 와서 , 가슴 살짝 파인 티셔츠 입고 허리 숙여가며 물어보는데 , 보통 이렇게 안 하지 않나요 아무튼 그대 정신 은 몽롱 자체 였습니다 도도하고 예뻐서 모든 남자 직원 선망 몸 받고 있는 그녀 그런 그린 라이트 맞나요"	0
말 없어 보이 맨날 와이셔츠 정장 입고하길래 어려 보이는데 회사원 이구나 이랬거든 잘생겨서 호감 있어서 자세히 봄 근데 이웃집 아기 들어 보 16 이름있는 기업 팀 장 그렇데 근데 랑은 세상 얘기 그렇구나 이랬는데 날 설렜던 밤 늦게 퇴근 거든 사람 은 일찍 집 오는 편 인 같고 ( 캐 주얼 복장 밖에 나와서 담배 피우고 그러길래 일찍 퇴근 하는 앎 ) 튼 늦게 퇴근 하는데 사람 날 퇴근 맞춰서 밖에 나와있는 우연이 겠지 했는데 계속 겹치 그린 라이트 생각 했던 결정 적 인 이유 늦어져서 새벽 돼서 퇴근 했는데 그날 있더라 사람 엘리베이터 잡아주고 근데 문제 사람 은 한테 휴대폰 번호 사적 인 대화 적 없어 그린 라이트 맞나 싶다 착각 인 가도 싶고 주위 여자도 많을 같고 차 직업 외모 … 없는 이상하기도 뭘 오늘 생각 보다 일찍 퇴근 해서 말 걸려 해도 사람 없어서 집 들어가서 씻고 이른 나왔음 커피 두 개 들고 사람 분 안 지나서 나왔는데 보더 놀랜 눈치 였어 항상 먼저 나와있었으니까 어색해서 안 사람 담배 피우러 나온 같은데 손 담뱃갑 쥐 있고 어색했는데 커피 건네주면서 ?? 오글거리지만 먼저 드실래요 이랬음 한번 쓱 보더 고개 끄덕 거리 면서 받고 고마워요 이럼 살짝 웃는데 보조개 설렜어 한동안 말 없고 어색했는데 사람 먼저 말 걸어 줌 살이냐고 13 살이 하니까 사람 자긴 16 이라고 웃고 담배 피우러 나온 아니냐고 물으니까 나중 피조 이러고 직장 다니길래 늦게 귀가 하냐부터 사소한 애기 근데 직구 라 물어봄 솔직히 기다렸죠 장난 식 이러니까 웃으면서 티 많이 이러고 담배 많이 피지 말 하니까 때문 피로 나온 건데 이러고 장난스러운 말투 좋아하거든 설렘	1
아르바이트생 오빠 가게 매니저 였는데 유머러스하고 다정한 모습 반했는데 고백 하면 지금 친한 사이 안될까 1 달 짝사랑 하다가 술 말면서 필름 끊겼었는데 오빠 한테 좋아한다고 말 했고 1 주간 썸 타 다가 전 꽃놀이 고백 받았어요	1
대전 생각 대로 + 쿠팡 합니다 스무 살 중반 보이는 커피 와플 숍 하는 여자 사장 이미 나름 그린 라이트 주고받았네요 저번 주 늦은 점심때 한가할 찾아가서 점심 커피 와플 먹었는데 못 먹었다고 먹었는데 수다 떨면서 두 넘게 놀았네요 갈 마다 빈손 안 갔거든요 박카스 갖다 주고 귤 갖다 주고 갖다 줬네요 여자 사장 한테 챙겨주고 동료 기사 한테 물어보니 그런 적 없다네요 확실히 그런 같아서 오늘 결심 했습니다 ~~	0
남자 1 명 앉고 반대 여자 1 명 앉았음 “ 어디서 오셨어요 ” 물음 여자 “ 서울 어디서 왔어요 ” 답함 “ 한양 ” 이라고 하니까 여자 피식 그러더니 여자 “ 오빠 살이 ” 물음 “ … 노태우 정권 시절 태어났습니다 ” 웃음 계속 쳤음 “ 서울 올림픽 태어났습니다 ” 웃음 “ 친구 분 나이 되세요 ” 물었더니 “ 생 ” 말함 “ 에이 못 믿겠는데 호패 봐요 호패 ” 근데 웃음 조선시대 근현대사 계속 침 결과 아저씨	0
" 대전 사는 이제 30 대가 아가씨 입니다 1013년 마지막 날 야근 1월 1일 늦게 일어나 뭘 할까 등산 갔어요 눈 쌓인 산길 아이젠 없이 올랐더니 정상 도착 했을 땐 일몰 이었고 정상 세 갈래 길 앞 고민 하다가 지나가던 남자 분 께 길이 덜 위험한지 물어봤어요 분 은 길 알려주며 지니까 빨리 내려가야 한다는 말 5분 채 지나지 않아 시야 사라졌어요 정상 3분 1 내려오면 쉬는 있는데 멀리 아까 분 보이더라고요 분 속도 라면 벌써 출구 도착 했을 이었는데 … 분 지나지 않아 분 “ 내려오셨어요 미끄러웠을 텐데 넘어지진 않으셨어요 정상 말 거셨 아이젠 없으신 같아 아이젠 쪽 빌려 드릴까 했는데 타이밍 놓쳐서 말 못 내려오고 계실까 계속 걱정 “ 라는 말 걸더라고요 “ 내려왔어요 내려오다 번 넘어졌어요 ” 대답 했고 산 내려오며 이야기 이어 갔어요 분 은 코스 왔는지 , 남자친구 안 오고 왔는지 새해 첫날 산 왔는지 물어보았고 의상 되 묻다가 솔로 라는 사실 알 됐어요 이후 계속 따라오며 묻지도 않았는데 … ” 회사 여직원 계룡산 가서 해돋이 보자는 거절 했는데 오길 했다 "" 말 계속 챙겨주시더라고요 한참 내려오다가 산 출구 쪽 있는 절 스님 커다란 북 치고 있는 보게 됐어요 산 다니면서 그런 광경 은 처음 봐서 “ 보고 내려갈 예요 ” 분 내려가지 않고 머뭇머뭇 하시더라고요 뺏으면 안 되겠다 싶어 “ 안녕히 가세 ” 인사 했고 분 은 머뭇거리다 인사 내려갔어요 스님 북 치고 종 치는 보고 내려가는데 출구 도착 하기 전 분 앞 보이는 예요 ‘ 말 ’ 하다가 쉬면서 천천히 내려갔어요 날 출근 해서 어제 있었던 이야기 하니까 듣던 사람 경악 하더라고요 남자 호감 표시 였는데 ‘ 안녕히 가세 ’ 라는 말 상처 받았을 …"	1
연상 만났을 대 거래처 사람 이었는데 가끔 때문 미팅 만나고 하다가 술 한잔 친해졌었음 서로 호감 은 확실했는데 같은 업계 라서 조심스럽 기도 했고 이별 지 반 즘 됐던 라서 … 애매한 상태 자주 보고 점심시간 만나고 서로 선 은 지키면서 만나다가 되게 아무 날 아닌 날 만났는데 날 은 봄 야경 보이는 산책로 걷다가 가로등 밑 벤치 앉아서 얘기 하는데 그날 늦은 사람 없고 날씨 좋고 풍경 예뻐서 오늘 되게 좋은 날인 같아요 했는데 분 그러게요 대답 나서 말 없이 바람맞으면서 야경 보고 있는데 분 갑자기 다정하고 조용한 목소리 내일 은 연인 만날까 이래서 심장 떨려서 말 못 했었음	1
"헌팅 만나게 ( 공원 번호 땀 ) 나이 차이 8 살 연하 , 30 대 중반 1 주 3 번 만남 ( 두 번은 토요일 , 번 평일 ) 연락 은 끊임없이 이어짐 ( 자주 하는 건 하니 하루 아침 점심 저녁 쯤 가끔 은 30분 간격 답장 서로 바쁜 직 군 ) 하루 낮 밤 멀리 드라이브 데이트 ( 점심 저녁 카페 이렇게 먹음 ) 대화 연애 관련 얘기 롯데 타워 놀러 가기 이렇게 진행 중 한테 관심 있는 맞나요"	0
무교 였던 남자 후배 매주 기도 모임 참여 해서 기숙사 가곤 했습니다 주 주말 영화 보자고 표 왔는데 한테 관심 있는 맞죠	1
"같은 고등학교 다니는데 서로 있는지 없는지도 모르는 사이였다가 친한 친구 학원 갔다가 처음 만난 남사 친구 학원 수강생 5~6 명 밖에 없어서 엄청 친해지고 쉬는 옥상 가서 라면 먹고 한강 공원 놀러 가는 사이 그러다가 날 부턴 남사 츄파춥스 같은 간식 건네주고 , 연락 안 하던 사이였는데 문자 보내면서 연락 하기 시작 했는데 그린 라이트"	1
"1년 도서관 항상 공부 늘 다니던 남사 있는데 , 한테 관심 있는 건지 모르겠어요 어떨 한테 관심 있는 집 갈 쯤 늘 중간지점 헤어지고 별로 연락 없는 관심 없는 같고 … 그린 라이트 일까 아닐까"	0
대학교 처음 들어갔을 신입생 환영 회 같은 많이 하잖아 >< 근데 그중 4 학년 선배 명 계속 컨디션 챙겨주고 많이 취한 같으면 산책 나가자고 카카오 톡 괜찮냐고 물어보더라고 훈훈하게 생겼는데 관심 있다고 표현 해봐도	1
같은 부서 배치 받은 동료 업무 많이 서투를 였거든 … 근데 꼼꼼히 알려주시고 챙겨주셔서 번 밥 샀어 근데 얘기 보 관심사 맞고 대화 통 하는 같았음 주말 놀러 가기 했는데 고백 해도 되는	1
대학교 1 학년 3 티 벗고 싶고 꾸미고 싶어서 다이어트 심하게 할 였거든 목표 45 이라고 걸어 두 썸남 연락 뺄 데 어딨냐고 러더 예뻐지고 싶어서 그런다니까 면 예쁘지 해서 설렜는데 그린 라이트	1
"대학교 1 학년 신입생 환영 회 선배 술 마시다가 오빠 괜찮냐 바람 쐴까 해서 편의점 가서 메로나 옴 가고 오는 길 서로 얘기 통 영화 취향 맞아서 이후 마블 영화 개봉 하면 영화 보러 가고 , 가끔 밥 먹고 술 먹고 카페 다니면서 놀았음 연락 하면 빠르지는 않지만 답장 은 꼬박꼬박 오고 번 만나면 가는 줄 모르고 노는데 , 한테 관심 있으니까 다니는"	0
저번 주 토요일 모임 통해 알 남자 일주일 째 연락 중이 연락 계속 셀카 직접 보내고 … 근데 만나자고는 안 … 썸 어장 관리	0
어제 남세 친 술 마시고 집 데려다 준다고 걷는데 주머니 손 넣고 있길래 보 나도 넣고 싶은데 난 주머니 없으니 넣지 마라 하니까 남사 넣어 주머니 벌리더라고요  하니까 손 잡더니 주머니 넣고는 깍지 끼 있었 … 썸 까진 아니고 친구 할 수 있는 스킨십 오랜 두근거림이라 괜히 마음 뜨고 설레는거겠 쥬	1
"기분 별로 하면 걱정 해주고 , 예쁘다고 귀엽다고 , 하루 낙 연락 하는 하는 사람 보는 좋아해서 항상 가주겠다고 썸 아님 착각"	1
연락 안 하던 사이 오랜 만나서 이상형 얘기 했을 몸 좋은 남자 좋다 했을 남자 애가 몸 좋은 아니냐고 덩치 면 괜찮냐고 어필 보고 캐릭터 닮았다고 그러더니 캐릭터 이상형 이후 따로 연락 은 없어요 먼저 연락 해도 길게 이어지지는 않아요 애매한 건 뭔가	0
연락 한지 10일 번 만났고 원래 매일 전화했었는데 일이 있기는 4일 연락 줄 전화 안 섬 이라고 하기는 힘들까 전화 번 하면 은 했었거든요	0
인 스타 보다가 유치원 초등학교 3 학년 친했던 남자 애가 있는 예요 인스타 폴로 신청 기억 디엠 보냈더니 기억 하더라고요 4일 매일 연락 하다가 갑자기 남자 애가 카톡 하자 해서 카톡 연락 있는데 이건 썸 친구 로서 연락 하는	0
일대일 약속 은 잡고 꾸준히 1 대 1 데이트 인스타 스토리 보고 카톡 답장 안 할 많아요 친구 한테 전해 들은 건데 전 소개팅 주선 해달라고 했었 분 스타일 아니라면서 안 가가긴 했 있을 묘 기류 흘러요 썸 어장	0
"활동 한지 3년 동호회 7 살 차이 동생 있는데 안 지는 근 1년 가까이 애가 있거든 예전 감정 없었는데 , 여행 다니고 집 근처 라서 동호회 소 모임 잦게 보면서 많이 친해졌어 자주 연락 보 아무래도 남녀 관계 보니 나도 감정 생겼단 말 이야 헷갈리는 포인트 있는데 카톡 연락 은 되게 빈번 , 친구 고민 진로 같은 많이 멘토링 해줬는데 헷갈리는 같아 친구 처음 남녀 간의 거리 두는 느껴졌는데 , 요즘 은 친하다고 생각 해서 연락 하는 건지 관심 있어서 연락 하는 건지 헷갈리는 상태 동호회 꼰 머질 방지 닉네임 정해 호칭 부르는데 , 이제 친구 본명 부르는데 걔 날 아직도 꼬박꼬박 닉네임 불러 애매하냐면 친구 친한 또래 나도 친하거든 근데 걔 은 오빠 식 부른단 말 이야 사실 호칭 딱히 신경 쓰는 타입 은 아닌데 거리 두 려고 계속 닉네임 부르는 건지 헷갈려 세 번 째 나도 헷갈리니까 데이트 신청 까진 아니더라도 둘이서 약속 잡아서 맘 떠보는데 , 꼬박꼬박 나온단 말 이야 카페 투어 드라이브 같은 종합 적 봤을 말 그대로 친근하게 느껴서 그런지 이성 간 호감 있어서 그런지 모르겠어 뭘"	0
미팅 선독 오면 당연히 이성 호감 인 줄 알아서 나도 적극 적 표현 했는데 좋은 사람 같아서 오빠 동생 친해지고 싶었대	0
"달 전 소개팅 했고 이후 상대방 여러 번 만났어요 오랜 찾아온 귀한 인연 싶었는데 워낙 장거리 였고 이성 대하 미숙 낮 차림 인해 끝 상대방 은 끝 젠틀 노력 해볼 의향 있다고 했는데 , 이미 김 새 기도 했고 , 굳이 서로 노력 만나면 힘들 같아서 끝내는 좋을 같다고 말 사귄 아니고 썸단"	0
"소개 받은 여성 분 세 번째 보는 건데 호감 있는 카톡 은 있을 있고 , 일찍 올 있어 카톡 못 봐도 친구 하는지 가는지 주 기적 알려주고 맛집 어디가 하면 되게 적극 적 이야 약속 승낙 하는 편이 근데 확실히 썸 하면 모르겠어 담 얘기 해볼까 하는데"	1
여자 머리 넘기는 호감 싸인 요즘 눈 여겨 보는 신입 여직원 앞 머리 자주 넘기던데 찾아보니까 호감 표시 라는 데 맞아	0
남사 이러던데 호감 표현 남사 보고 정수리 냄새 난다고 머리 감으라 하던데 생각 시그널 이야 … 연인 하는 말 한테 걔 날	0
"하게 남 직원 있는데 , 첫 번째 만났을 이야기 하다가 가까워짐 그날 또래 있는데도 간식 갖다 줌 오늘 두 번째 만났고 오늘 이야기 하는데 오늘 간식 갖다 줌 오늘 분 하는 마지막 날 아쉽다고"	0
"운동 알 분 있는데 보다 보니 괜찮으신 분이셔서 호감 가서 , 카톡 은 짧진 않지만 계속 하는 사이 술 은 번 마셔 봄 나름 노력 천천히 호감 사고 잇는데 전시회 보러 가자고 싶은데 님일 전시회 보러 가고 싶다 할까 돌려 말 할까"	0
"전 ( 10 대 중반 ) 소개팅 했던 관계 어쩌다 다시 우연찮 인연 되어 ( 지금 30 대 초반 ) 만나게 되었어 분 두 번인 보고 한테 고백 하셨는데 성적 매력 안 느껴져 거절 했었어 그땐 재밌는 사람 그렇게 끌리더라 최근 존중 부족했던 이전 연애 이별 연애 지쳤던 찰나 이분 연락 지내게 되어 달 반 썸 관계 지냈어 집 가까워 동네 친구 , 같은 직종 동료 , 챙겨주는 따스함에 가족 같이도 느껴져서 항상 고마웠고 좋은 분 이란 알아서 해보고 싶었어 이전 자신감 있는 태도 생기셨고"	1
호감 시그널 일까 메신저 주말 하는지 묻고 육회 좋아한다니까 사주겠다며 회사 사람 스몰토크 호감 은 아니지	1
15 살 연하 여직원 한테 호감 있는 같아 15 살 연하 여직원 시보 끝났다고 부서 직원 한테 간식 돌리면서 고맙다고 손편지 써서 주었어 근데 직원 은 손편지 3 줄 써줬는데 한테 특별하게 5 줄 써서 주더 아마도 한테 손편지 써주고 싶은데 직원 눈치 보일까 전체 돌리고 한테 특별하게 길게 써서 호감 표시 같아 15 살 연하 라 부담스럽지만 여자 이렇게 적극 적 들이 대니 내일 저녁 단둘 술 먹자고 썸 타 봐야겠어	0
친구 지인 두 번째 보는 건데 여자 분 술집 밥 공기 시켜서 나눠 먹었는데 안 먹고 남기니까 그것 본인 가져가서 먹고 술 마셔서 얼굴 빨개졌다고 본인 폰 얼굴 사진 찍고 택시 타고 헤어질 보 봐요 했더니 번호 없는데 보냐고 해서 친구 통해 번호 받아서 카톡 했는데 오빠 번호 받으셨어요 이렇게 왔는데 기분 나빴나 해서 친구 한테 물어봤는데 기분 나쁘시면 죄송하다고 삭제 다니까 ~ 아니에요 괜찮아요 이러길래 보자니까 좋아요 만나요 이러는데	1
"고객 알 명 있음 급할 도움 주고 , 이후 체크카드 발급 하러 번 와서 일반 고객 은 물어보지 않는 물어보면서 끄는 느낌 받음 하루 지나가다 마주쳐서 커피 사주겠다며 편의점 데리 커피 사주시고 밥 끼 하자 며 번호 교환 번호 교환 연락 안 하다가 식사 약속 어영부영 번 하다가 지나침 ( 씹힌 적도 종종 있음 ) 1년 흐른 오늘 카톡 와서 은행 들렸다가 생각나서 카톡 한다며 이래저래 카톡 나누다가 오늘 만났는데 앞머리 자른 이상하지 않냐고 묻는 대답 앞머리 있는 이쁘다며 칭찬 나름 짧지만 수다 떨면서 보냈음 술 한잔 하자면서 헤어질 땐 악수 한번 하던데 한테 호감 있는"	0
좋아하는 남자 연락 있는데 남자 심심할 마다 전화 와서 10분 ~ 1시간 전화 전화하면서 일상 얘기 장난 치고 하는데 남자 관심 없으면 전화 안 하겠죠	0
"3 살 많은 오빠 계속 한테 아가 아가 부르냐고 난 어른 이라고 말 했거든요 그러고 나서 지나서 오빠 아가 느끼는 줄 알겠다고 친구 맛있는 냄새 나는데 아가 냄새 , 아가 분 냄새 난다고 아가 느끼나 보다고 했거든요 산책 하러 가면 위험할 손잡아 주고 비올 우산 오빠 어깨 젖는데 저만 씌워주고 팔짱 끼 그러고 어깨동무 영화 봤고 연락 자주 하고요 썸 …"	1
매일 아메 마시다가 누가 카페라테 쿠폰 줘서 괜히 싼 먹으면 손해 같아서 카페라테 주문 했더니 원래 아메 드시지 않아요 이러네 손님 수천 명 아무 호감 없는데 기억 말 붙인다고	0
날 좋아하는 남자 있음 보다 최소 3 살 연상 ( 30 대 중반 ) 현재 남자친구 있음 이분 은 남자친구 있는 알 있고 직접 남자친구 있다고 말 하기도 했는데 엄청나게 한테 호감 표현 들어가라고 문자 카톡 은 안함 간 보는 날 좋아하는 건 100 프로 3 한테 듣기 했고 나도 둔한 편 느껴질 들이 댐 순정 파인 건지 간 보는 건지 몰겠음	0
운동 친해진 여동생 한테 금요일 단둘 롯데 월드 가자고 해서 했는데 면 호감 있다고 봐도 될까 주위 에서는 7 대 3 비율 3 은 친하면 갈 수 있다는 마인드	0
친구 모임 만나게 여자 있는데 마음 들어서 평일 따로 밥 먹자고 연락 해서 밥 먹고 카페 갔다가 드라이브 다녀왔는데 분위기 좋았거든 여자 분 얘기 많이 하시고 날 주말 약속 있냐고 물어보니까 있다고 안된다고 답장 분 단위 아니라 단위 텀이있 ( 본인 피셜 카톡 안 봄 ) 인간 적 인 호감 있는 같은데 될 확률 별로 없을 같지 아직 호감 표현 은 딱히 안 친구 대하긴 했는데 따로 밥 먹자고 연락 그랬으면 한테 호감 있구나 눈치 채지 않았을까 좋아하는 티 볼 하다가 괜히 부담스러워 할까 못 하겠어 이건 포기 여자 찾는 맞는	0
지금 3 개월 ( 15 개월 인사 ) 크로스핏 친해진 동생 있거든 운동 시작 전 어깨 주물러 달라고도 대화 할 치고 옆 아파트 살아서 운동 끝나고 집 나란히 걸어갈 어깨 어깨동무 식 손 올리면서 도착 할 그러고 간다 예전 친하게 지낸 여사 친노 아니고 급 친해진 경우 에도 이렇게 할 수 있나 내일 끝나고 영화 보자는데 호감 있다고 봐도 될까	1
모임 만난 사람 원래 프사 없었는데 찍어 사진 프사 검 ( 프사 지금 있는 찍어 ) 모임 안 나가면 안 나오시냐고 있냐고 카톡 모임 코로나 잠정 휴식 결정 됐을 아쉽다고 앞 으로도 뵐 수 있냐고 연락 갔을 옷 보고 유채꽃 같다고 했는데 프사 옷 올리고 유채꽃 씀 좋았다고 하니까 날 연차 쓰고 가보고 좋았다고 연락 친구 원래 사교 적 표현 많은 성격 인 사진 소질 있고 찍	1
썸남 보고 학창 시절 공부 했을 생겼대 칭찬 이니까 오해 하지 말 했는데 뭔가 지적 인 그런 느낌 말 싶었던 나쁜 뜻 은 아니겠지	0
호감 신호야 … 발주 처 사람 보다 나이 어려 보여 18 봐야 한두 살 차이겠지만 뭔가 만나서 이야기 하는데 말 할 몸 닿을 밀착 하는데 보통 런가	0
"도끼 병일 수 있어 아마 그럴 아는 사이긴 안 친하고 이런저런 이벤트 총 합 해서 3 번 본 사이 사람 많아서 사적 인 이야기 1 안 했어 가끔 건물 안 지나 다닐 먼저 인사 하시는데 마음 걸려 도끼 병인 같긴 , 총 합 해서 3-4 번 밖에 안 봤는데 나를 알 지 싶기도 서로 통성명 안 했는데 나를 안다 어쩌다가 마주치면 계속 인사 하시는데 그간 대한 관심 있었나 싶어져 도끼 병 시초 사실 상대 호감 있는 상태 라도 상대 눈치 챌까 아무 안 있는 상태 ( 업무 적 으로도 마주칠 없음 ) 멀리 서라도 보고 인사 하시는데 아예 희망 없는 겠지 착각 세게 하는 겠지 오랜 술 마셔서 써 본다"	0
"친구 통해 알 썸남 부산 살다가 회사 올라왔대 어제 3 번째 봤는데 친구 포함 4 명 이서 규 카츠 먹으러 갔는데 먹고 걔 꺼 고기 뺏어 먹었거든 "" 뒈질래 "" 이러던데 그린 라이트 3 번째 본 사이 디 질 래 라 닉 뭔가 박력 있고 좋다 몸 좋음 부산 남자 운동 열심히"	0
호감 있으면 절대 그런 제안 안 할 같은데 소개팅 제안 하면 사람 은 날 이성 안 봐서 그런 떠보는	0
맘 든 사람 사람 지나가면 옆 고개 돌려서 쳐다보고 눈 자주 마주 치고 그러 눈 데 원래 사람 쳐다보는 사람 일까 신경 쓰이니까 쳐다보는	0
소개 녀 한테 호감 있는 완전 이상형 여성 분 소개팅 했는데 만나서 여자 분 별거 아닌 많이 웃기 대화 통 했고 당일 새벽 1시 실시간 카톡 주고받고 오늘 이어 나가는 중 오늘 은 계속 답장 오는 중 애프터 신청 했는데 담 주 약속 있다고 월화 중 약속 취소 되면 알려주기로 했으면 보여	0
여자 남자 한테 밥 달라 건 호감 표시 사무실 기간 여직원 있는데 전 한테 먼저 다가와 커피 달라 밥 달라 하더군요 번 사주니 카톡 고맙다고 에도 먹자고 하네요 그린 라이트 맞은 띠 동갑 연하 라서 고민 되는데 여자 적극 적 나오면 받아 들어야겠어요	0
여자 호감 있는지 알려면 해야 돼 회사 부서 사람 친구 만나서 최근 호감 가지 되어서 얼굴 은 자주 보고 회사 안 꾸미는데 주말 따로 보 꾸미고 나오네	1
소개팅 할 차로 데려다 면 호감 있는 난 지하철 타고 갔는데 상대방 은 차 타고 나왔음 밥 먹고 차 마시고 갈려는데 집 같은 방향 아닌데 집 차로 데려다 줬음 이러면 한테 호감 있는	0
"호감 가는 사람 있는데 사람 한테 호감 있는 같아 피곤하다면서 어깨 기댄다거나 , 사람 있을 한테 붙어서 걷는다거나 그런 … 애매한가 적극 적 들이 대도 될까 솔 라 괜히 가기 겁나는 있지 …"	1
"이마트 출장 가자는 건 호감 표시 같은 여직원 업무 과자 살 있었나 근데 차가 없어서 보고 차 타고 이마트 달래 , 근데 솔직히 장 보는 데이트 아님 이건 나를 호감 있어서 그런 거지"	0
여자 남자에게 호감 있어도 체지방 줄 보자고 예전 들이 댔던 누나 밥 먹고 산책 했는데 올해 운동 해서 체지방 반 토막 내고 나왔음 근데 누나 말로 지금 역대 급 살쪘다고 주 보자고 채지 방 줄 달 만나자고 하는데 신종 거절 방법	1
여자 호감 있는지 봐줘 형 누나 난 10 대 초 중반 상대 연상 직장 동료 나이 정확히 밝히면 몰라 누나 산책 먼저 어깨 손 올리고 벤치 앉을 허벅지 터치 계속 가끔 팔짱 끼는데 간 보는 건지 꼈다가 빼더라고 누나 1 대 1 놀이 공원 갔었고 1 대 1 밥 카페 영화 드라이브 술집 사적 6 번 만난 같아 연락 자주 면 서로 호감 있다고 생각 당연히 걸리는 건 누나 남사 많다는 직장 남초 직장 이다 보니 당연하다고 생각 하는데 남사 친 밥 먹고 영화 봤다고 한테 솔직하게 얘기 서는 나도 남사 인 부류 인 같은데 남사 친구 한테 스킨십 하는지는 모르겠지만 같아	0
방금 미용실 다녀왔는데 타부 여직원 머리 하셨네요 이러는데 호감 표현 방금 머리 건데 보자마자 알길래 신기해서요 남 머리 깎던 볶던 관심 없고 모르고 말 안 거든요 신기해서 여쭤 봐요	0
스타벅스 갔는데 면 호감 표시 날임 머리 하셨네요 오늘 은 아이스 안 드세요 오늘 은 샷 추가 안 하세요 자주 안 오셨네요 긴가민가해서 써 봄	0
1 만날 마다 사소한 선물 주 려고 1 항상 사람 많은 챙겨 줌 3 있으면 사진 찍어서 보정 해서 보내 줌 4 동영상 찍어주면서 귀엽다고 5 차 타고 가다가 졸면 자라고 작은 베개 꺼내 줌 6 조는데 머리 쓰담 쓰담 해줌 7 좋아하는 음식 위주 먹이려고 8 항상 옷 어울린다고 칭찬 해줌 9 항상 집 40분 거린데 와서 기다려주고 데려다 줌 10 사람 같은 방향 가서 차 타고 가면 되는데 차로 데려다 줌 11 번 새벽 1-1시 6시간 넘게 얘기 해도 재밌어 새벽 3시 서로 차 안 얘기 적 있음 11 밥 먹고 1-3시간 걸으면서 얘기 13 부정 적 얘기 하면 아니라고 칭찬 해줌 14 옛날 찍은 사진 보내 줌 15 옛날 처음 알 당시 찍힌 사진 보여줌 16 밥 챙겨 먹으라고 밥 먹었냐고 물어봄 17 인스타 귀여운 동물 리즈 꼭 공유 해줌 18 오래 못 그리울 안지 5년 친 군데 원래 배려 심 많고 착한 친구 긴 의미 부여 하는	1
"여자 한테 호감 있는 정규직 ( ), 계약 직 ( 그녀 ) 만나게 됐다 맨 처음 서로 여자친구 , 남자친구 있는 사이였으면 지점 근무 하는 친구 라 실물 본건 1 번 업무 적 메신저 하다가 심심해서 이런저런 챗 쥐 하는 친구 라는 알 됐고 예전 취준 하던 시절 챙겨주는 사람 없어 맨 땅 헤딩 했던 생각나서 측은 지심 갠톡 으로도 많이 알려 줬어 그러다가 최근 들어 부쩍 연락 자주 하게 됐고 친구 보고 , 있는 지점 출장 나오면 그동안 취중 정보 많이 챙겨주니까 맛있는 사준다고도 했어 서로 헤어진 시기 비슷하다는 알 됐고 먹는 취향 취미 같은 비슷한 많아서 호감 생기더라 주말 에도 , 솔직히 직장 상사 라도 생각 하면 귀찮을 법도 답장 꼬박꼬박 해주고 대한 질문 많이 해줘서 주말 내내 김칫국 많이 마시고 , 기프티콘 커피 먹은 인증 숏 남기면서 선톡 주더 오늘 아침 치일 수도 있겠지만 혹 하는 마음 , 주말 서점 책 구경 갈 건데 되면 얼굴 보고 밥 먹을래요 하니까 의외로 거절 없이 흔쾌히 승낙 하더라고 토요일 만나면 밥 먹고 서점 갔다가 카페나 보드게임 카페 이런데 갈 생각 면 부담스러워하진 않겠지 다가 가봐도 괜찮겠지"	1
"0 알 지는 1년 넘었고 개인 적 연락 한지 3 달 0-1 어제 포함 지금 3 번 봄 단둘 만난 건 두 번 두 번 걔 먼저 보자 해서 봄 ( 번은 저녁 , 영화 ) 1 평소 연락 안 선독 은 걔 먼저 하는데 거기 대화 이어가려고 하면 반응 별로 없음 그대로 뚝 끊김 읽 씹도 자주 1 그러고 밸런타인데이 아무 연락 없어서 접었음 3 월요일 갑자기 슬램덩크 봤냐고 물어보길래 안 봤다고 했더니 보러 가자고 4 어제 만났음 영화 시작 남아 걷다가 걔 인생 컷 찍고 싶다 해서 찍음 5 영화 보는데 중반 부 춥다 패딩 덮고 있었음 , 중간 중간 쳐다보면서 춥다 하길래 코트 벗어줄까 생각 했는데 롱 코트 벗기도 힘들고 상황 애매해서 넘김 6 영화 보면서 몸 가까워지다가 어깨 기댐 급하게 액션 취하 긴 고개 기울여서 붙어 있었음 ( 끌어안았어야 되나 ) 7 영화 끝나고 재밌었다 얘기 저녁 먹으러 감 티켓 / 밥 은 사고 팝콘 은 걔 샀음 8 서로 인생 고민 사는 대화 하다가 역 도착 해서 집 감 ( 뚜벅 ) 데려다주지는 않았음 대략 적 인 정보 사실 아래 중요한 [ 초 중요 포인트 ] 애가 전 남자친구 문제 자꾸 한테 말걸 8 번 에서도 얘기 했음 굳이 단둘 만나서까지 전 남자친구 연락 할까 말까 걔 한테 연락 싶다 그런 식 헤어지고도 애매한 친구 사이 지내는 같더라고 게임 하다가 맨날 싸우고 서로 연락 며칠 씹다가 다시 먼저 연락 걸고 맨날 그런 식이라는데 먼저 사과 하니 마니 되게 지질 하게 만나는데 본인 그걸 알 있는데 끝낼 수가 없다고 ( 그걸 한테 그걸 들어주고 있지 ) 어제 집 가서 걔 한테 연락 했냐고 물어보니까 화나서 안 했대 뭔가 질투 유발 해서 연락 하지 말 강하게 밀고 가는 원하는 같기도 그렇다고 걔 한테 해주는 거도 아니라 애매함 연락 이라도 되고 걔 괜찮은 애로 느껴졌으면 나도 용기 볼 텐데 맨날 신경 쓰이게 마음 안 드는 행동 많음 솔직히 심리전 이라고 해도 식 심리전 딱히 마음 안 드는데 그렇다고 손 절하 에도 애매하고 모르겠음"	0
"잇 팁 남자 호감 표현 퇴근 보자 해서 카페 1 , 3시간 얘기 한강 가고 싶다 했더니 흔쾌히 가서 산책 은 했는데 연락 은 해주 지는 않는데 잇 팁 남자 보여주는 호감 시그널"	1
"남자 호감 표현 퇴근 보자 해서 카페 1 , 3시간 얘기 한강 가고 싶다 했더니 흔쾌히 가서 산책 은 했는데 연락 은 해주 지는 않는데 남자 보여주는 호감 시그널"	1
"꽃 좋아하는데 , 하는 직장 동료 경사 생일 같은 이벤트 마다 선물 꽃다발 주는데 그린 라이트 인"	0
"대학 동기 3년 데 면 데 면 하게 지내다가 4 학년 같은 수업 만나서 옆 자리 앉길래 말 텄음 날 갑자기 영화 보러 가자고 카톡 대 영화 보고 싶냐고 하니까 영화관 팝콘 먹고 싶다고 가줄 냐 하더라고 마침 보고 싶던 호러 영화 나와서 밤 영화 보고 , 끝나고 나와서 걔 버스 타는 기다려주고 난 집 돌아옴 이후 겁나 친해져서 밥 먹고 과제 학교 축제 돌아다니고 했는데 , 문득 드는 생각 친구 한테 관심 있어서 다녀주는"	1
직장 동료 지나가면서 좋아하는 얘기 적 있거든 곰인형 얘기 했었는데 나중 생일 선물 받았어 그린 라이트	0
"자취 거든 근데 어제 친구 늦게까지 술 먹었단 말 이야 이성 친구 기숙사 통금 걸려서 못 들어갔어 성 친구 집 자고 가도 되냐고 해서 자고 가라 했는데 , 오고 있어 빨리 답변"	0
고등학교 아침 마다 편의점 빵집 본인 먹을 간식 오는 친구 있었어요 친구 짝꿍 이었는데 매일 본인 간식 반 나눠서 먹으라고 주더라고요 비타민 같은 먹는 있었는데 매일 비타민 먹었냐고 체크 해주고 이건 그린 라이트	0
항상 이름 두 번 부르면서 장난 치다가 갑자기 번만 부르면서 데이트 신청 하는데 그린 라이트	0
봉사활동 만났는데 호감 표현 만난 지 현재 7 개월 됐음 일주일 1~3 번 보고 전화 1~1시간 일주일 번은 당일치기 여행 자주 감 녀 차 있어서 맨날 녀 차 타고 여행 감 여행 가는 녀 가자고 해서 가는 경우 대부분 까지만 한테 호감 있는 같은데 도통 속 모르겠음 카톡 3~4시간 번 귀 자고 하면 계속 연애 할 맘 없다고 저번 슬쩍 어깨동무 했다가 개정 색 쌍 욕먹음 돈 쓰는 철저하게 반반함 답답해서 술 마실 물어보니까 심심해서 만나는 거래 남자 전혀 안 보인다는데 관계 인 심심해서 보는 남자친구 없는 확실함	0
아가 ~~ 꼬기 먹을래 남자 고기 사준다면 가지 마 빤 한우 사준다 오빠 힌두교 바꿔서 고기 못 먹어 미안 오빠 한테 거짓말 치면 혼나요 …	0
"친구 지인 소개 받았는데 ( 연애 목적 친구 모였던 자리 ) 재밌고 대화 통 하길래 이런저런 이야기 나누다가 친해졌고 연락 꾸준히 하다가 어제 술 마셨는데 친구 지금 드라이브 중이 11시 즈음 차로 데리러 줬거든 근데 난 가는 길이 온 생각 드는데 , 친구 한테 말 놀라더라고 … 뭔가 답장 생각 수도 있지만 사실 성적 인 그런 분위기 없고 대화 동 성 친구 이야기 듯이 말 옷 카페 같은 … 당사자 한테 물어보기엔 민망해서 끄적 봤어"	0
"스페인 친구 집 친구 작게 파티 한다는 올래 하는데 한국 이면 웬만하면 낯선 자리 안가지만 난 친구 없고 당시 가족 친구 없이 외로웠고 심심했었고 미친 유러 피안 행정절차 미친 듯이 바다 나니 나서의 무력감 며칠 질려있었다 친구 사귀는 대서 소 극적 이라는 얘기 많이 듣고 했으니 고민 하다가 있겠다 가기 했다 솔직히 불안해서 될까 영상 찍으면서 감 불안하기도 초행길 이라서 쪽 길 맞냐 , 쯤 이냐 , 길이 냐 계속 물으면서 갔거든 타국 남 집 가는 무섭 기도 불안하기도 아무튼 갈 쯤 친구 베란다 나가있겠다는 부르는 소리 올려다보니까 집 베란다 친구 웬 남자 애가 있는 거임 남자 첫인상 은 아직도 잊을 수가 없음 친구 있었어 였을 잘생겼었음 난 밑 올려 보 잘생겼고 ( 연예인 인 줄 ) 여름 질 이었는데 파란색 티셔츠 반바지 입고 호기심 어리게 웃고 있는 분위기 귀여웠었음 그러고 친구 집 들어갔는데 낯선 사람 앞 1 : 대화 휘 잡는 그런 카리스마 없습니다 목소리 작고 숫기 없어서 많이 걱정 했는데 잘생기고 친절하기까지 친구 계속 옆 앉아서 말 걸어주고 대화 해주었음 ( 사실 알 보니 낯선 사람 얘기 하는 좋아하는 수다 쟁이 였다 ) 걔 얘기 했었음 나중 나도 슬슬 특히 여자애 얘기 싶었는데 안 보내주는 수준 사실 안 간 걔 마음 들었었다 하루 봤을 괜찮은 생각 했었다 금사 빠니까 , 하루 만에 걔 날 좋아하면 좋겠다는 생각 들었다 보통 그런 은 일어나지 않기에 , 날 좋아할 바 옆 앉아있는 여자애 좋아하겠지 , 생각 했다 마침 친구 쟤 여자애 좋아하는 같아라고 하는 주제넘게 서운했지만 재미있는 가십 들은 낄낄 렸다 ( 근데 알 보 여자애 레즈 라며 있다가 한테 서는 친구 여자애 좋아하는 같아 ~ 그랬지 돌아가면서 한테 그랬 아무리 타 향 낯선 늦게 있긴 싫었다 자정 되기 전 난 굳이 굳이 가겠다고 했다 ( 알 보니 자정 집 가는 건 스페인 파티 있을 수 없는 일이 한다 ) 가야 하냐 계속 붙잡더니 가라 스페인 에서는 이렇게 인사 하는 라면 볼 맞대는 뽀뽀 하는 거임 개수 작일 수도 있겠다는 생각 들었지만 모른 그렇냐고 원래 이렇게 인사 하는 냐 파티 있는 볼 뽀뽀 해주고 감 파티 있던 날 은 토요일 이었고 바르셀로나 일요일 마다 무료 개방 하는 많다 ( 박물관 , 유료 공원 , 관광지 ) 내일 관광지 갈 했다 가겠다고 한다 한테 갈래 친구 한테 물어본다 긍정 적 얘기 했고 내일 만나기로 했다 날 되었는데 친구 술병 나서 못 나오고 없고 남자 덜렁 나와있는  상상 그림 아닌데요 은 물어보니까 모르겠대 어색하지만 둘이서 갔다 근데 거기 생각 보다 먼거야 버스 계속 갈아타는데 계속 버스 놓치고 해서 얘기 많이 했음 ( 얘기 하느라 버스 놓친 였나 ) 나란히 앉아서 얘기 할 많았음 그날 10시간 은 있었던 있는 재밌었고 계속 보는데 괜찮은 같았고 보게 되고 열 있었고 보고 그런 일이 번 반복 되고 순간 주말 은 당연히 보내는 되고 정신 차리니까 룸메 걔 알 있고 ( 여담 집 자주 드나드는 그렇고 그런 아니라 해명 하자면 집은 호스텔 급 만인 집이었고 손님 하루 에도 5 명 있고 이틀 한번 파티 열리는 도나 드나드는 그런 집이었다 과장 하자 면 누가 룸 메고 누가 손님 인지 알아보는 데 1 달 걸린다 ) 썰 | 작성자"	1
"요즘 포켓몬 빵 유행 인지 먹고 띠 뿌띠 뿌 씰 사진 올림 피카츄 , 파이리 , 꼬부기 , 로켓 종류 엄청 많더라 동생 요즘 친구 사이 유행 한다고 먹고 싶다고 달라는데 집 주변 편의점 돌아봐도 파는 데 안 보 여서 사주고 싶어도 못 사줄 같다고 거진 포기 있었음 빵 뭘 싶기도 그러던 날 당근 마켓 봤는데 1500원 짜리가 5천 원 거래 되는 거임 사재기 해서 용돈 벌이 해야 되나 인터넷 포켓몬빵 사는 법 검색 해봄 포켓 주변 있는 포켓몬빵 재고 미리 볼 수 있는 였음 주변 동네 확인 해보는데 버스 10분 거리 서로 반대쪽 편의점 1 군데 재고 1 개 있다고 뜨네 젠장 동생 오란다 빵 안 먹으면 안 되냐고 했더니 울먹거리며 안된다고 친구 있는데 포켓몬 스티커 없다고 고민 하다가 쿨하게 준다고 해줌 먼저 찾아가는 편의점 어플 다시 확인 했더니 재고 1 개 줄어드는 거임 급해져서 버스 내리자마자 뛰어서 편의점 들어가서 빵 매대 뒤짐 포켓몬 빵 없는 거임 뒤져 봐도 없어서 싶어서 직원 한테 물어봄 [ 사장 님 포켓몬 빵 없어요 ] 사장 님 웃으면서 [ 전 마지막 판매 됐어요 ^^] 편의점 나와서 어플 보 재고 0 바뀌어 있음 반대쪽 편의점 다시 보 재고 1 바뀌어 있음 큰 길 나가서 택시 잡고 달림 택시 내리고 아차 싶더라 교복 입은 나오는데 빵 봉지 들려 있는 거임 무지 성 문 벌컥 열고 미친 듯이 빵 매대 뒤짐 없음 포켓몬 빵 없음 꿀 호떡 , 곰보빵 빵 가득 차있음 이다 빵 못 사서 이렇게 허탈한 건 사도 의미 없을 그러고 편의점 나온 버스 정류장 터덜터덜 걸어 감 구석 조그맣게 구멍 가게 사이즈 세븐일레븐 있는 저런 데 있겠어 반 포기 상태 문 열고 들어가 봄 역시 포켓몬 빵 은 없더라 뭔가 아르바이트생 자꾸 눈치 보는 거임 키 작고 생 머린 데 눈 은 커서 자꾸 쪽 흘깃흘깃 쳐다보는 느껴짐 포켓몬 빵 빼 뒀나 생각 들어서 어차피 없겠지 하는 마음 물어봄 [ 포켓몬 빵 있어요 ] 알바 눈 깜빡 거리 면서 올려 보더 뭔가 슥 꺼냄 [ 남아있긴 ] 파이리 빵 편의점 개 왔다 갔다 보니 거진 포기 상태 였는데 알바 그걸 꺼내주는데 후광 비치는 거임 결제 고맙다고 가려는데 문득 사장 단골 준다고 빼 두라 하는 곳도 있다던데 그런 아닌가 싶은 거임 괜히 아르바이트생 사장 한테 욕먹을 같아서 조심 스레 핸드폰 내밂 [ 사장 님 단골 주 려고 빼 두신 아니에요 뭐라고 하면 연락 주세요 다시 갖다 드릴게요 ] 알바 녀 핸드폰 받고 당황 했는지 얼굴 빨개 지 지는 않았고 감사합니다 번호 찍어주더라 그러고 있으면 연락 준다고 해서 편의점 나옴 버스 안 타고 걸어가기로 연락 오면 다시 갖다 주러 가야 하니까 포켓몬 빵 뭐라고 이렇게 돌아다니다가 처음 보는 사람 번호 받아 보고 보니 뭔가 많이 신기한 느낌 눈 크고 키도 조그맣고 머리 긴 아르바이트생 번호 받는 일이 흔하진 않으니까 빵 돌려 달라 연락 안 와도 고맙다고 커피 잔 사줘야겠음"	1
"군인 진료 외출 나갔음 진료 받고 증빙 서류 제출 해야 돼서 일반 영수증 받았는데 그거 말고 있던 난 처음 몰랐는데 알려 주더 간호사 “ 보통 제출 하시던데 이건 안 가져가셔도 돼요 ” “ 그게 낫겠네요 그것 주시겠습니까 ” 간호사 "" 안 주면 안 돼요 … ? "" “ 그거 없으면 군 생활 늘어나는데 주시 면 안 됩니까 ” “ 앜 주시 면 안 됩니까 ” 간호사 “ 여기있어요 ”"	0
"대학 입학 하기 전 생애 과정 일련 설명 하자면 집 어린이집 해서 오냐오냐 자랐다 어려서 뚱뚱했고 안경 썼음 피부 집 맨날 발라 줬는데도 여드름 전 나더라 집 신기하게 단신 유니크 유전자 집 키 크라고 달 100만 원 들여서 뭔 약도 먹이 그랬는데 안 크더라 암튼 당시 해도 김정은 누군지 모를 라 딱히 화재 안되었음 취미 일본 애니 미드 보기였고 하렘 소설 많이 봐서 자연스레 영어 일본어 , 언어 하게 되었다 수리 수리 과외 전 받아서 올라감 암튼 서울 대 입학 씹 시골 마을 입학 친구 연애 할 충분히 여자친구 사귈 역량 되지만 그럼에도 애니 보면서 고독 길 걸어온 대한 보상 이라고 생각 한다 암튼 대학 입학 친구 놀 였는데 돈 많이 없더라 집안 뿐 인 아들 이었던 당시 항상 용돈 두둑했고 친구 술 마시면 샀다 맨날 친구 술 먹자고 부르더라 대학 라이프 씹 인사 지금 은 졸업 해서 없지만 암튼 그러다 교양 수업 듣는데 팀플 이란 하더라 학교 무용 학과 있는데 거기 애가 같은 조가 거임 생전 처음 연예인 급 꾸 봤다 솔직히 애니 속 여자 눈 들어오지도 않았는데 말 그대로 애니 속 여캐 급 설렘 근데 애가 자꾸 나를 보면서 베 시시 처 웃더라 고등학생 느꼈지만 여자애 얼굴 이야기 할 이야기 나오면서 종종 웃는 느꼈다 아마 여자 한테 인기 있는 얼굴 이구나 싶었는데 팩트 였다는 느꼈다 암튼 조 모임 두 번째 모임 이제 서로 친해졌을 밥 먹으러 가는데 쏠 테 고기 먹자고 했다 씹 쿨남 근데 걔 나를 보면서 계속 웃길래 물어봤다 "" 이렇게 웃냐 얼굴 김 묻음 잘생김 "" 근데 정적 이긴 걔 웃더라 팩 폭하 오지 배 아팠던 거지 여자애 은 이미 무용 되는 보이 배 아파서 얼굴 찌푸린 거고 걔 근데 "" 김정은 닮아서 "" 당시 김정은 은 핫 했었다 김정일 갑자기 죽고 북한 수령 되어서였을 암튼 조인성 공유 급 인기 였다고 된다 근데 계속 찌푸리고 있기 미안했던지 전 웃더라 나도 웃었다 솔직히 김정은 북한 대 빵 걔 나를 왕 모시겠다 뜻 인 같았다 암튼 기분 좋게 밥 먹고 조 과제 슬슬 해야 할 였다 카톡 단독 방이 있는데 걔 굳이 한테 갠톡 보냈다 씨발 이건 100 퍼 인 거지 "" , 입문 좌 ( 실명 쓰면 닉 쓴다 ) "" 씨발 캠퍼스 커플 라이프 머리 펼쳐지면서 씹어지는 그림 나왔다 "" 과제 슬슬 하려고 "" "" 안 과제 때문 말 할 있었는데 "" 씨발 대화 체 쓰기 힘들다 간략히 요약 하면 , 무용 학과 연습 바빠서 달라 내용 대충 짐작 갔다 도와주면서 서로 알아가고 싶단 내용 순수히 학구 적 도와준다는 느낌 으로만 접근 했다 쉬워 보이 면 질리자 연애 고수 암튼 그렇게 학기 내내 조 과제 1 인분 역할 했다 전 열심히 학점 나옴 암튼 말 끝나고 전 오랜 기다림 끝 고백 했다 시험 끝났는데 술 한잔 하는 어떻냐고 그랬는데 바빠서 미안하다고 하더라 근데 방학 타이밍 놓칠까 진지하게 만나 보자고 상남자 돌직구 날렸다"	0
동아리 방송 부였는데 1 교시 장비 설치 있어서 수업 빠져야 했는데 선생님 깐깐해서 반 보내라고 하셨는데 방송 실 수업 듣기 싫은데 … 하니까 부장 선배 담임 선생님 한테 가서 애가 필요해요 이랬는데 설레더라	0
오래된 이야기 긴 얘기 해볼게 스키장 갔을 리프트 타고 올라가서 이제 타려는데 발 꼬여서 넘어졌는데 발 신는 스키 장비 해야 어쨌든 그게 되게 길잖아 안 넘어지면 일어나기 힘든데 하필 다리 자로 넘어져서 친구 도와줘도 못 일어나겠는 한쪽 잡아당기면 쪽 엄청나게 당겨서 아프 이렇게 넘어진 건 처음 ‘ 어떡하지 어떡하지 …’ 있는데 누가 날 껴안고 번 일로 켜 세워 봤더니 리프트 내리면 앞 직원 있는데 분 넘어진 보고 와서 도와준 였어 얼굴 은 자세히 못 봤지만 생겼던 같아	0
"소개팅 잡혔는데 아직 만나지는 않고 연락 하는 사이 , 상대방 말 예쁘게 한다고 주선 한테 얘기 해주고 한테 배워야겠다고 칭찬 해주대 아침 일어나면 아침 인사 해주고 먹는지 궁금해하고 얘기 해주고 얼른 만날 날 기다리고 있다는데 , 아직 만나지도 않았는데 이렇게 호감 보일 수 있나"	0
학원 다니는 친구 한테 노래 추천 해달라고 해서 가장 좋아하는 가수 노래 개 알려 줌 근데 날인가부터 한테 재생 목록 보여주더니 가수 엄청 좋아하게 됐다고 귀 이어폰 꽂아주면서 최애 노래 들려줌	0
"회사 동기 시작 동료 밥 먹을 마다 수저 놔주고 물 잔 채워주고 매너 왕 하려고 하면 한사코 막으면서 하겠다고 하는데 ,"	0
"소개팅 분위기 좋고 저녁 4시간 얘기 남자 분 날 먼저 연락 주시 해서 1-3일 카톡 은 하는데 막상 애프터 잡자고 안 하시네 어제 서로 자란 얘기 오늘 은 선독 없으셔 심리 나도 호감 있고 상대 나쁘지 않으니 연락 하시는 거고 애프터 날 잡자 할 생각 했는데 , 막상 애프터 없고 연락 오늘 없고 여자 먼저 선 독하고 애프터 하면 안되지"	0
좋아하는 남자 얘기 하는데 일반인 나와서 연애 하는 프로그램 보다가 지금 볼 아니고 연애 해야 하는데라는 생각 했대 한테 이라도 호감 있어서 말 했다고 생각 하는 건 오다지	0
호감 시그널 아니지 술자리 초대 받아서 갔는데 계속 천천히 먹으라고 대화 못 끼는 같으면 끼워주고 택시 잡아주고 쓰면서 보 착한 같네	0
싫어하는 같아서 관심 끊었는데 이러는 건 뭐임 선 독하고 들이 댔는데 밥 먹자는 속 안 좋다고 거절 톡 단답하고 부담스러워하는 티 내길래 연락 끊었거든 근데 쳐다도 안 보고 냉정하게 대해 좋아하는 그렇게 싫은가 싶어서 나도 피 해줌 나도 소개팅 지내고 있는데 어제 모임 있는 날 입어 달라 셔츠 입고 오고 ( 지난번 그거 입어보라 하니까 사이즈 타이 트 해서 이제 안 입 거절 했었어 ) 쳐다보다가 쪽 고개 돌리고 ; 다른데 얼굴 몸 안 보는 자꾸 모임 남자 한테 호감 보이는 같으니까 계속 쳐다보고 계륵 인 저런 심리	0
남자 전형 적 생각 되는데 여자 쪽 남자 번호 먼저 따고 애프터 먼저 신청 했는데 쪽 은 무뚝뚝한 편이 요즘 말랑해 짐 세심 하게 챙기고 잘해주는 건 있음 근데 잔데도 많이 다가가야 하는 은 있어 자주 만나지도 못 해서 아쉬운 있긴 성향 적 있는 같긴 해서 이경우 호감 일까 아닐까 직진 해볼까 이대 싶어 의기소침하긴	1
아무 호감 없는 이성 동료 주말 만나기 가능 명 은 출근 했고 명 은 출근 안 했는데 아무 호감 없는 이성 동료 동료 애나 심심해서 주말 만나서 술 먹는 가능 헷갈리네	0
여자 술 먹고 남자 얼굴 붙은 머리카락 떼주는 무조건 호감 신호 라고는 할 수 없는 거지	0
헬스장 여직원 마스크 벗으셔도 된다는데 사귀자는 호감 표현 의미	0
상대 취준생 전혀 안 많이 성적 인 편 알 지는 3 개월 낯가림 심해서인지 대한 방어 적 인 느낌 강함 말 놓는데 두 달 걸림 ;; 말 놓기 전 까진 존댓말 편한 그런 유형 사람인 줄 ; 카톡 해도 단답 절대 먼저 하는 법도 없고 첫 답장 은 엄청 느림 그렇다고 이어지는 답장 빠른 편도 아님 둘이서 은 자주 보냈는데 막상 만나면 대화 단답도 아니고 만나면서도 갖고 노 싶기도 뭔가 싶어 카톡 씹거나 답장 아예 말 안 되는 간격 연락 거나 모르겠는데 그런 건 아니어서 미치겠어 두 달 전 상대 사정 생겨서 거리 상당히 멀어지게 되고 최근 원서 통과 하게 되면서 원래 카톡 해봐야 답장 느린 데 다가 단답인데 심해져서 카톡 정신 나갈 같아서 미친 짓 1 주 번 주말 마다 내려가고 있음 막상 내려간다고 저녁 내내 보자 하면 번 튕긴 적 없음 만나면 즐겁고 즐거운 건 아닌 같은데 카톡 은 제자리 상대 호감 있는 건지 모르겠어 전혀 안 카톡 프사 빈 화면 한테 카톡 프로필 그렇게 설정 해놨나 싶어서 곁눈질 슥 봤는데 그건 아닌 같고 캐릭터 자체 존나 소심하기도 안 싸기 질 강해 보 여서 런가 싶기도 존나 상대 맘 에도 없는데 좋다고 먼 거리 1 주마 쳐내려 가서 만나는 되는 기분 가망 없어 맘 접을까 사람 봄 어장 싶다가도 번 식당 아르바이트 한테 쭈뼛거리는 모습 그럴 사람 은 아닌 같고 보내면서 느낀 점 은 폰 인용 쓰는 느낌 받긴 했는데 아무리 호감 있는 상대 연락 은 기다릴 법 지 않나 상식 적 헛 짓거리 하는 같은데 상대 캐릭터 흔한 캐릭터 아니라 오해 하는 같기도 주 내려가는데 대놓고 물어보는 나을까	1
여자 은근 히 어깨 터치 하는 호감 인 거임 그게 아니라 습관 인 면 40 대 50 대 한테	1
누나 봐줘 녀 인 뎅 카톡 끊기거든 먼저 말 안 걸면 말 안 걸고 티키타카 될 있긴 한테 호감 별로 없어서 그런 맞나	0
여자 모르겠어요 실제 만나면 티키타카 되고 서로 호감 있는 보이는데 ( 서로 예쁘고 잘생겼다 주접 질함 ) 막상 카톡 은 할 말 없게 보내거나 읽 씹 전화 본인 갑자기 해서 할 말 하다가 집 들어가니깐 피곤해서 끊음 한테 호감 있는 맞나요	1
호감 인 형님 누님 연애 자라 … 호감 인지 아닌지 모르겠어 독서 모임 있던 호감 인지 그럴 수 있지 호의 인지 모르겠어 우린 끝나고 회식 없어서 접점 찾기 어려움 근데 미술관 전시 보자고 전체 공지 올렸는데 여자 분 명 시 돼서 보게 되었어 그날 전시 보고 밥 막고 차 마시고 헤어짐 지나니 호감 생겼어 딱히 독서 모임 했지 … 상대 여자 분 은 뜨 문 뜨 문 나오기는 지금 본론 따로 볼 구실 찾다가 전시 좋아한다고 해서 많이 뜬금 없지만 전시 보러 가자고 느닷없이 인사 박고 보러 가자고 했는데 ( 지른 ) 글쎄 보러 가자는 토요일 보러 갈 예정 썸 인 건지 호감 단계 인 건지 호의 단계 인 건지 여자애 - 이긴	0
소개팅 소개팅 분위기 여자 내게 크게 호감 없어 보였어 난 상대 여자 맘 들었고 들어갔냐고 했어 답장 왔는데 답 형 끝 이겠거니 했어 그러고 잊고 있었는데 1 주 밥 먹자고 연락 왔더라 웬일 싶어서 신나서 나갔는데 딱히 분위기 재밌진 않았어 여자 말수 적고 조용한 타입 싶었어 생각 분명 한테 관심 없어 보였거든 이후 톡 늘 답 형 할 말 없게 만들어 근데 먼저 연락 와서 보자고는 근데 막상 만나면 그렇게 호감 있어 보이지 않아 혼란	0
스터디 남자 감기 걸렸다고 유자차 사줬는데 한테 호감 있는 아니냐	0
"외모 칭찬 하는 뭐임 친구 , 여서 친 , 처음 보는 직장 동료 , 모임 잘생겼다는 말 은 들음 근데 스스로 잘생겼다고 생각 하진 않음 왜냐면 잘생긴 건 차 은우 , 서강준 이라고 생각 한테 잘생겼다고 말 해주는 사람 은 인간 적 인 호감 있어서 일까 친해지고 싶어서 기분 좋으라고 전"	0
여자 고민 상담 달 4 번 만났고 연락 되고 서로 호감 있어서 고백 했는데 한두 번 보자고 해서 했지 ( 마음 꺾임 상대 귀엽게 이야기 손깍지 끼 서로 이야기 했음 ) 보는데 원래 브런치 저녁 보려다가 약속 생겨서 그날 저녁 보자고 하더라고 연락 되고 아직도 좋아하지만 지날수록 자존감 떨어지는 약속 바꾸자고 할 아직 썸 이라서 1 순위 아닌가 싶은 생각 마음 불편하네 뜻 없이 말 생각	1
애프터 왔는데 상대 태도 애매 같은 직업 군 1 번 만났습니다 ( 남자 ) 솔직한 성격 대화 그럭저럭 돼요 호감 있고 여러 번 어필 했지만 상대 태도 애매해요 ( 호감 있어 하면 이러 좋게 생각 애매한 답변 돌아옴 ) 만났을 친구 대하 듯이 편한 태도 카톡 하면 제법 있는데 ( 30분 ~ 1시간 ) 답변 성의 있지만 이야기 어가 싶어 하진 않은 눈치 삼프터 요청 은 받아 줬어요 외모 취향 지금 은 괜찮은데 연애 이어진다면 먼저 지칠 같아요 계속 만난 해야 할까	0
있는지 아침 사진 보냈더니 상대 똑같이 사진 보내주고 하루 사진 으로만 대화 운전 하는 출근길 하는 사랑스러운데 상대 호감 맞을까 아님 심심해서 그런 난 여자 상대 남자 …	1
사이 알긴 하냐 사람 엄청 많은 보자마자 생 긋 웃으면서 인사 아직도 안 잊힌다 면 비호감 은 아니잖아 비호감 사람 한테 사람 많은 데 인사 여자 알	0
남 주말 약속 잡혔다고 해서 꼭 호감 은 아닌 이전 두 번 평일 저녁 먹고 주말 저녁 먹기 했는데요 상대방 은 사내 직원 몰입 은 아니지만 아무튼 예요 주말 약속 이라는 에만 신나서 생각 없었는데 호감 아니라 거절 못 해서 나올 수도 있는 만나기로 요일 의미 인티제 사내 직원 주말 밥 먹겠다 비중 둬야 할까 인티제 남자 분들 많이 알려주세요 어려워요	1
한테 관심 있는 옆 부서 잘생긴 남자 있는데 자꾸 다가 눈 마주침 서로 호감 은 있는 같은데 회사 라서 조심스러워서 말 안거 분위기 암튼 이건 추측 어제 마칠 우연히 엘베 탔단 말 이야 둘이서 걔 내려가는 폰 만지다가 안되는지 들리게 이랬는데 뭔가 관심 끌려고 이러는 거임 달라 있는 공간 보통 혼잣말 안 하잖아	0
1 손발 찬 같다고 핫팩 줌 1 저녁 먹자고 3 칭찬 잘해줌 솔 호감 표시 아님 근데 문제 한참 연하남 이야 한테 호감 있는 아님 주변 여자 동생 소개 해달라는	1
오랜 설렌다 지금 헬스장 다닌 지 1년 되었는데 기간 서로 존재 인지 하다가 남자 호감 있어 보 여서 최근 인사 먼저 해봤거든 나도 싫지 않아서 인사 날 고개 끄덕 할 줄 알았는데 엄청 환하게 웃으면서 인사 하는데 갑자기 얼굴 가까워져서 놀래가지고 하려던 스몰 톡 못 했어 그렇게 주가 되고 다시 인사 하러 갔지 ( 대화 하자 ) 사람 인사 받아주더니 인사 가서 이야기 못 했다고 오더니 ( 키도 큰데 눈높이 맞춰서 주더 라 설렘 ) 외국인 인 알았냐고 하던데 순간 놀랬다 마스크 끼 있으니까 긴가 민가 했거든 한국 산 지 오래 됐는지는 몰라도 한국말 하더라고 영어 못 하는데 이름 서로 물어보고 처음 제대로 이야기 해봤는데 ( 서로 운동 방해 하지 않는 선 ) 외국인 처음 만나 보는데 떨림 마음 은 있고 머리 괜찮을까 이러고 있음	1
"요즘 남자 짝사랑 하는데 도둑고양이 같은 매력 빠졌단 말 이야 주말 에도 자주 만나고 ( 단둘 술 밥 쇼핑 해봄 , 아는 친구 자주 만났음 ) 연락 은 뜨 문 뜨 문 허는데 꾸준히 하는 편이 호감 넌지시 밝히긴 했는데 돌직구 아직 안 던져 봄 밀당 극험 무조건 당겨야 한다는데 끌려오긴 헷갈림 관심 있는 사람 절대 상종 안 해주는 아는데 들이 대도 되나 부담스러워 할까 조심스러워져 다가가면 호감 얻을 수 있냐 팁 줘라"	0
"그린 라이트 였는지 판단 ( 난 남자 ) 삼성동 미용실 여성 디자이너 한테 머리 1년 했거든 , 에도 머리 지저분해져서 퇴근 맞춰서 네이버 미용실 예약 했어 격무 퇴근 늦어질 같아서 디자이너 한테 갠톡 했어 늦 같다고 ( 소개 받아 간 라 연락처 갖고 있음 ) 근데 바빠서 인지 미용실 도착 할 카톡 안 보대 10-15분 늦게 도착 해서 죄송하다고 자리 앉아서 커트 받음 보통 머리 어색하니까 이런저런 얘기 하잖아 오늘 바빴냐 , 주말 했냐 … 그런 일상 적 인 얘기 하다가 보고 오늘 머리 가냐는 그날 머리 친구 보기 했거든 "" 강남역 친구 한잔 하기로 ~"" , 커트 미용실 나왔어 강남역 도착 해서 친구 한잔 있는데 , 늦 같다는 카톡 퇴근 봤는지 답장 와있는 근데 답장 "" 고객 님 카톡 이제 봤어요 오늘 강남역 가요 "" 이렇게 있더라고 근데 둔감한 건지 아무 생각 없이 "" 그러시구나 ~ 재밌는 보내세요 "" 이러고 말았거든 디자이너 한테 답장 하느냐고 카톡 하니까 술 마시던 친구 냐 물어보길래 , 상황 얘기 하니까 욕 이란 욕 은 하더라고 만나자 그랬어야지 했냐고 남자 둘이었거든 ?? 봐도 디자이너 한테 관심 호감 있었던 성격 워낙 김칫국 마시는 싫어해서 저런 건 거르는데 , 돌이켜 생각 해보니 헷갈리 기도 해서"	0
여자 안 꾸미고 오면 관심 없는 거지 평소 한테 호감 인 같은 부서 회사 동료 있었던 말 이야 근데 저번 주 친한 사람 회식 하는 날이었어 근데 안경 끼 수수한 옷차림 나오더라고 한테 성적 관심 없는 거지 보통 관심 있는 남자 있으면 꾸미고 오지	0
소개팅 한번 만나고 회식 끝나고 택시 타고 보러 온 큰 호감 없어도 술김 그럴 수 있어 취하 면 그럴 수도 있나	1
고백 해도 되는 상황 소개팅 1 달 총 10 번 봄 연락 매일 근데 상대 한테 호감 있는지 느낌 안 와서 애매	1
"사교 모임 알 맘 드는 친구 동갑 여자 뭔가 카톡 티키타카 되진 않고 말 끊기는데 오프라인 만나면 손목 잡고 끌 간다 든지 , 서로 자잘한 손 스킨십 하는데 친구 절 호감 생각 하는지 모르겠네요"	1
마주칠 방긋 웃어주며 인사 하는 보니 한테 호감 까진 아니어도 싫은 건 아니겠지 보통 은 모르는 사람 이면 안 녕 세 이렇게 무미건조하게 인사 하잖아 근데 ~^^ 느낌 되게 상냥하고 외모 귀여운 편이 조만간 말 걸어 볼까 생각 중 됐으면 좋겠다	0
소개팅 날 한번 보고 담 카톡 겁나 오고 본인 전 누워서 찍은 잠옷 모습 보내주네 ???	1
스타벅스 알바 올 마다 이렇게 줘 설레게 그린 라이트 맞아 ################## 후기 용기 얻어 명함 주고 문자 부탁 ~ 하구 살짝 미소 띠었어 좋은 소식 있겠죠 ^^ 웃으면서 받아 주더라고요 금요일 기분 좋네요 여자친구 보러 매일 슴벅 가는 상상 설레요 미인 지점 이라고 말 못 하겠네요 오늘 저녁 문자 왔으면 핸드폰 바라보는 중 일이 안되네 ############### 문자 왔습니다 ♡♡♡♡♡♡♡ 느낌 좋아요 간단한 로션 핸드 크림 살려고요 ^^ 설렘요 흑 흑	1
1 담배 사러 편의점 감 1 여자 알 바 있음 3 민증 검사 4 없어서 나가서 집 갖고 다시 감 5 웃으면서 가지 오셨어요 죄송해요 그린 라이트	0
매일 아침 꾸준히 1년 같은 사이렌 오더로 주문 했거든 항상 아이스 아메리카노 벤 티 샷 - 1 해달라고 요청 그러다가 우연히 점심 회사 사람 점심 먹고 회사 사람 슴벅 쏜다 해서 줄 기다려서 주문 하는데 똑같이 아이스 아메리카노 벤 티 샷 - 1 해주세요 얘기 했더니 슴벅 직원 분 “ 닉네임 님 맞으시죠 ” 하시 “ 기억 하시네요 ” 했더니 “ 그럼요 당연히 알 있죠 ~ ” 하셔서 핵 설렜음 ♂ 헤헤	0
"4 살 연상 알 지내던 남자 ( 썸남 아님 ) 술 마셨는데 만취 해서인지 남자 한테 키스 했는데 , 난 당황 하기도 했지만 , 평소 남자 싫지 않았기에 거부 하지 않았어 그날 집 가서 술 깨면서 당근 이불 킥 밤새 담 민망해서 얼굴 보나 걱정 했지 4일 만에 보자고 연락 오길래 , 나도 미친 은 아니라고 해명 싶어서 만났어 부턴 여자 보였다고 말 하더라고 음 랄 그날 은 서로 만취 였으니 없던 일로 하자 말 할 줄 알았는데 저리 말 하니 덜 민망하 달까 근데 그린 라이트 인 아님 한테 호기심 인"	1
소개팅 남 핸드폰 보고 얘기 하다가 톡 하는 채팅 방 상단 고정 즐겨찾기 보게 되었는데 그린 라이트 일까 나도 소개팅 남 한테 호감 있어서 의미 부여 해도 될까	1
모임 알 됐는데 연락 하던 사이 아니었는데 연락 해서 보자고 해서 봄 만나서 분위기 괜찮았음 놀고 헤어질 상대방 한테 근데 보자고 냐 해서 괜찮다고 생각 해서 보자고 했다고 말함 같냐고 물어봤는데 괜찮은 같다고 했음 남자 스타일 좋아하냐고 물어봤는데 매우 비슷함	1
#	1
영어 스터디 모임 여자 보다 살 많은 18 살임 난 모임 가장 어린 17 살 ( 스터디 사람 있을 ) 뭔가 웃긴 상황 웃긴 얘기 할 핰 웃으면서 옆 있는 자꾸 침 사람 한테 안 그러고 한테 어려서 편해서 그런 냐 그린 라이트 냐	0
3년 안 회사 8 살 어린 여자 후배 있어 예쁘고 날씬해서 첫 눈 호감 갔었는데 나이 차가 많이 나고 같은 회사 라 부담 갈 같아서 친하게만 지냈어 마침 내일 시험 감독 점심 먹자고 할까 했는데 서먹해질까 얘기 못 했는데 갑자기 연락 와서 점심 먹자는데 해야 할까 때우기용 일지 진지하게 얘기 해볼까 고민 이네	0
"맘 드는 여자 분 있어서 스카프 선물 했었어 카디건 , 카디건 은 맘 드는지 자주 앞 입더라고 근데 스카프 아예 사용 안 하길래 안 쓸 면 다시 달라 장난 아니라고 쓸 1 주 전 웃으면서 그랬는데 맘 안 드는가 보다 생각 안 있었는데 오늘 아침 있는데 갑자기 상치 못 하게 문자 오더니 좋은 아침 ~ 이러면서 스카프 걸친 얼굴 인증 숏 보내더라 그린 라이트 형"	1
얼굴 이름 알 지내던 옆 부서 분 언 부쩍 먼저 메신저 말 거시 업무 관련 물어볼게 있다고 해서 따로 커피 마시면서 이야기 나눈 처음 며칠 번 캐 주얼 메신저 먼저 말 거시 그러네 착각 먼저 밥 한번 먹자고	0
회사 같은 팀 이었다가 팀 옮겼어 달 번 안부 근황 가벼운 톡 주고받았고 분기 번 팀원 단체 얼굴 보았어 그렇게 1년 되었거든 카톡 왔는데 부서 근황 시작 해서 수다 떨다가 선배 님 봐요 식사 요새 한가롭고 많음 이렇게 연달 톡 온 오지랖 인지 봐줘 요즘 4 단계 3 인 불가능 > 단둘 만나야 지금 만나자고 후배 말 맞아 아님 인사말	0
층 사원 도움 받은 있어서 고맙다고 커피 좋아하냐고 물음 오늘 받은 있다고 나중 자리 갖다 주겠다고 했는데 나중 사내 커피숍 먹자고 김칫국 은 안 마심 말 일까 멀까 헷갈림	0
지난주 금요일 만났고 주 수요일 보기 했는데 분 많이 해보고 싶다 하시네 그린 라이트 맞지요	1
"친구 들한 명 있는 독방 , 남자 인 친구 카페 같은 갔어 , 거기 찍어 사진 독방 올리면서 오늘 사귄다고 톡 보내더라고 친구 놀리려고 한테 관심 있어서 이러는 놀리려고 그러는 "	0
협력 사람 주말 집 주변 오면 연락 차 잔 사겠다고 하는 건 의미 아무 사심 없어도 그런 이야기 그런 말 하면 난 간다 했더니 프리 하다고 연락 라는 데 난 빈말 안 하는 타입 말 들으니 지 싶음	0
"사인 얘기 대뜸 "" 오빠 결혼 하자 "" 미쳤나  "	0
대학병원 입원 했을 얘기 수술 받으면 간호사 선생님 환자 상태 체킹 하러 오시잖아 그중 분 한테 향수 냄새 좋아서 선생님 한테 좋은 냄새 난다고 했었거든 쓰냐고 물어보니 딥 티크 쓴다고 답변 하시더니 “ 뿌려 ” 하는 지나가는 말이겠거니 했는데 이브닝 근무 퇴근 본인 향수 공병 들고 와서 뿌려 줌 새벽 내내 분 냄새 잠 못 이루겠더라 “ 딥 티크 평소 안 좋아하는데 선생님 뿌리 느낌 있네요 ~ ” 하니까 “ 딥 티크 뿌리 느낌 있대 ” 동료 한테 말 하는 들림 병실 스테이션 앞 이었거든 날 퇴원 날이었는데 간호사 님 께 오늘 간호사 님 출근 안 하시냐 ~ 딥디 크 쌤 말씀 하시는 맞죠 희미하게 웃으시더라 뭔가 얘기 돈 같기도 그대로 아쉽게 퇴원 그린 라이트 였을까 달 전 쯤 긴데 아직도 긴가민가하고 궁금하네 무료 일상 강하게 기억 남아 자꾸 생각 난다	0
"오늘 결혼식 가서 사인 걔 사인 합 석 밥 먹었거든 나름 재밌어서 밥 한참 먹었음 근데 친구 집 가는데 아까 새로 보 친구 어땠냐고 물어보더라고 재밌었다니깐 "" 걔 번호 알려줄까 "" 하는 분도 받고 싶다고 해야 번호 라도 받지 그렇긴 "" 어땠어 번호 줄까 "" 하는 괜찮다고 나중 볼 기회 있음 보자고 넘어갔거든 ( 못 받았냐 면 , 여서 친 연초 한테 고백 했는데 거절 했거든 ) 근데 여자 분 친구 한테 연락 해서 주 한테 요리 해준다고 오라는데"	1
자주 가는 카페 있는데 아르바이트생 이런저런 얘기 자주 친해졌어 근데 아르바이트생 오늘 은 라테 안 드세요 물어봄 늘 라테 드시길래 일부러 오늘 좋은 우유 주문 했는데 ^^ 하더랑 배 아플까 라테 먹은 적 없는데 	0
겁나 예쁜 여자 헬스장 트레이너 거품 타월 이라고 쓰라고 줬는데 그린 라이트 줬음 평소 인사 말 안 해봄 수영복 모델 피트니스모델 근데 거품 타월 박스 개업 기념 이라고 쓰여있네 있다가 운동 끝나고 갈 그린 라이트 냐 트레이너 한테 직접 물어봐야지	0
"친구 친구 시작 해서 알 지 안 녀 있음 1 ) 주변 지인 요새 연락 한다는 사람 있다고 말 한다더라 1 ) 연락 매일 , 카톡 늦 같으면 하느라 답장 늦 같다고 미리 말함 3 ) 주변 지인 소개 해주고 싶다고 말함 4 ) 많이 챙겨 줌 ( 만든 쿠키 같은 ) 5 ) 봤을 본인 먼저 호감 가서 들이 댔다고 인정 6 ) 1 달 연락 알아가 자고 1 달 관계 될지 얘기 하자고 -> 달 은 길고 11월 31일 만날 얘기 하자고 했음"	1
"1 점심 동료 밥 먹고 커피 가다가 길 마주쳤는데 , 불쑥 안 사주냐고 1 별것 아닌데 자꾸 와서 업무 관련 물어봄 4 소개 받은 날 마음 들어서 만나는 어떠냐 하니 싫다는 말 없고 만난 날 결정 은 못 하는 아니냐고 ( 자정 몇십 분 전이 어서 택시 태워 보내고 자정 지나서 전화 귀 자고 하니 ) 5 맨 투맨 티셔츠 입고 오니 티 나게 히죽 거리 , 어깨 넓다고 주변 맴돎 8 여럿 미팅 같은 하는 자리였는데 , 옆 붙어있고 , 누가 아아 단체 왔는데 챙겨주면서 빨대 꽂아 줌 9 커피숍 얘기 하면 계속 히죽 거림"	0
"소개팅 차로 30분 거리 살았는데 , 애프터 차 없다고 하니 차 있다고 데리러 가겠다고 술 먹었는데 , 집 데려다 달라 애프터 , 프터 쯤 친구 봐도 되냐고"	1
"학회 갔다 오는 비행기 승무원 누나 심심 궁금 했는지 가지 물어보더라고 ( 별거 아님 ) 알려주고 고맙다고 불편한 없냐고 물어보더라고 유심 칩 빼야 하는데 뾰족 없냐 하니까 명찰 빼서 주면서 하라 ( 어라 싶었음 ) 차 차 번호 교환 하긴 했는데 연락 은 안 상태 추가 : 댓글 많아서 1 장 까지는 아니야 , 비즈니스 아니야 1 승무원 누나 의견 듣고 싶다"	1
오빠 차 예요 차 없어 괜찮아요 차 있어요 데리러 갈게요 ㆍ 오빠 옆 웃겨주세요 애매해서 써 봄	1
정상 동네 이사 온 지 이제 1 달 째 주변 아는 사람 없고 친구 없고 외롭 암튼 오늘 퇴근 나서 배도 고프고 해서 갑자기 참치 먹고 싶어서 먹으려고 하는데 아는 데 없다 보니 적당한데 들어갔지 바 () 해야 거기 앉아서 주문 소주 병 시켜서 먹고 있는데 알바 반찬 가져다주면서 자꾸 웃더라고 먹는 양 그리 많지 않아서 그만 주셔도 돼요 하니까 ~ 웃어 계산 하려고 일나서 카드 건네는데 자꾸 흘깃흘깃 보면서 웃는  했더니 귀여워서요 ~ 이러는 알바 나이 많아 봤자 10 대 초반 아님 10 대 후반 보이 왠지 아빠 가게 돕는 그런 느낌 있었고 그린 라이트	0
상사 두 번 간 개인 카페 있는데 상사 간 날 여자친구 있는지 물어봄 상사 한테 아르바이트생	1
"지금 3 번 만났는데 , 만날 마다 보이 싶다고 미용실 가서 머리 왔대 부끄러워하면서 말 하던데 그린 라이트 _"	1
회사 친구 놀다가 친구 친구 불러서 어쩌다 보니 새로운 사람 3 명 만났는데 중 두 명 번호 따 갔어 명 은 업무 서로 도움 주고받자는 느낌이었고 명 은 동네 놀러 오면 연락 맛있는 사준다고 그러는데 그린 라이트 근데 집 들어갔니 하는 연락 은 없어 오버 하는	0
"조 대학교 1 학년 , 학기 썸 타고 상대방 은 동아리 만난 후배 였다 처음 후배 인사 건네는 였는데 , 순간 서로 연락 주고받으며 친해졌다 조 처음 인연 좋을 같았다 상대방 은 매우 닮은 성격 가지 있었기 때문 이다 조용하고 신중한 성격 서로 이해 해주는 모습 보였다 날 , 조 상대방 도서관 책 읽고 있었다 상대방 손 잡아주면서 “ 보내는 행복해 ” 말 했다 조 말 머리 어질어졌다 이제 서로 마음 확인 하기 위해 가까워지기로 했다 데이트 자주 하며 서로 관심 가지 있 음 보였다 아직 서로 좋아한다는 말 은 하지 않았다 조 이대로 계속 썸 타고 있을까 젠 서로 솔직해져야 한다는 생각 들었다 조 날 상대방 마음 열어 이제 귀 자고 말 했다 상대방 마찬가지 서로 알아가고 싶다는 생각 있었다 상대방 은 기쁜 미소 지으며 “ , 나도 사귀고 싶어 ” 대답 했다 이제 조 상대방 은 서로 사랑 하며 , 서로 위해 노력 하며 행복한 인생 살아갔다 조 썸 타고 있을 어려움 많았지만 , 젠 서로 위해 노력 하며 행복한 인생 살아가고"	1
손님 직원 은 미인 여성 1 메뉴 알 있음 포스 인사 하면 아이스 아메리카노 드시고 가시 테이크아웃 잔 받으시죠 헐 1 서비스 ( 샷 추가 500원 ) 원래 샷 추가 하는데 안 시켰더니 진하게 드시는 좋아하시죠 샷 추가 해드렸어요 헐 판독 보고 사귈지 결정 해볼게	0
1 퇴근 저녁 먹자고 한다 1 저녁 주말 개인 톡 온다 3 좋아하는 스타일 뭔 지 물어보고 스타일 대로 스타 일링 하려고 한다 ( : 머리 이렇게 하면 이쁘다고요 이렇게요 ) 그린 라이트 인	1
"하는 동료 쉬는 "" ~~ 하는 좋아하고 주절주절 ~~ 호호 "" 그러더니 "" 한번 찜질방 가요 ~"" 이러더군요 속 깜놀 + 기쁨 이라서 "" 네네 그래요 ""  계속 썸 같은 느낌 지냈죠"	0
"살 차이 같은 학교 다니고 있던 지훈 은 언제나 그녀 혜원 호감 가지 있었다 호감 있는지는 확실하지 않았다 지훈 은 혜원 같은 수업 듣기 위해 매일 미리 학교 가곤 했다 학교 앞 혜원 도착 할 마다 , 그녀 웃는지 , 옷 입고 있는지 , 그녀 모든 지훈 에게는 매력 적 다가왔다 날 , 지훈 은 혜원 일부러 향 다가오는 느꼈다 혜원 은 지훈 향 미소 지으며 다가왔고 , 지훈 은 그녀 향기 떨리는 가슴 감출 수 없었다 "" 오늘 수업 들어 봐요 "" 혜원 은 지훈 어깨 손 올려놓았다 지훈 은 순간 혜원 친근한 접촉 놀랐지만 , 그녀 손길 따뜻하고 좋았다 지훈 은 이제야 그녀 호감 있다는 깨 달았다 이후 , 지훈 혜원 은 서로 매우 좋아하며 , 서로 호감 표현 하기 시작 했다 지훈 은 혜원 여행 다녀오며 , 매일 사랑 스럽게 보내며 서로 서로 사랑 하게 되었다 지훈 은 혜원 번 기념일 만들어서 데이트 하자 제안 했다 혜원 은 지훈 제안 마음 놓고 수락 했고 , 은 서로 사랑 하는 데이트 즐기며 행복하게 지냈다 이제 지훈 은 혜원 호감 얻어 , 서로 사랑 하는 인생 파트너 되었다"	1
오늘 용기 내서 여사 한테 말 걸었어 퇴근 집 가서 먹어요 전 뭘 하나요 답 해주고 중간 중간 웃더라고 분위기 좋았어  이제 연애 할 수 있다는 직감 온다 뭔가 여사 우도 한테 호감 있는 같아 근데 친구 말 들어 나이 차이 때문 힘들 라는 데 8 살 차이 많이 차이 맞아 여사 11 19 세상 10 살 차이나는 커플 엄청 많이 봤는데 지내더라고 … 아무튼 기분 좋아서 써 봤어	0
"지켜봐야 하냐 아닌 냐 최근 친하기 시작 () 이성 동료 있는데 대화 코드 나쁘지 않아 톡 하루 종일 하는데 , 톡 이건 친한 사이 하는 그런 내용 이야 썸 같은 티키타카 안 돼 그런 썸 느낌 같은 던져 보는데 그런 반응 있을 있고 아닐 있어서 느낌 은 서로 호감 인 맞는 같은데 착각 이냐 친하게만 지내면 되는 건지 아님 신중 하기 위해 지켜보자는 포지션 이냐"	0
언니 누나 질문 ~ 요즘 대외 활동 할 기회 많아서 새로운 모임 많이 나가게 됐어 남중 남고 공대 나와서 눈치 라곤 1 없어서 자꾸 눈 마주치는 여성 분 분 계신데 시그널 일까 여자 보통 호감 있는 이성 보내는 은근 시그널 있어	0
회사 선배 맨날 못 생겼다고 놀려 연애 못 한다고도 놀리고 호감 있는데 부끄러워서 그런  초등학생 남자 애도 아니고	0
보통 여자 분들 소개팅 맘 없어도 카톡 계속 하나요 소개팅 분 딱히 한테 호감 없어 보 여서 대충 끊고 톡 나가는데 계속 톡 오네요 그렇다고 보자는 말 딱히 안하 현재 두 번 봤습니다 번 만나겠냐고 연락 했는데 스케줄 보고 연락 준다는데 이해 안 되네 주말 상황 보고 말 해주겠다는데 말 대로 이해 하면 될까 아님 거절 뜻 일까	1
주말 카톡 온 여자 후배 아까 8시 쯤 왔거든 상식 호감 굳이 주말 저런 카톡 안 보낼 같은데 무조건 호감 맞을까 앞뒤 아무 없이 대뜸 소리 했다니까 본 가가 엄마 여행 다녀왔다고	1
"두 달 전 친구 소개 술자리 친구 알 친구 둘이서 친구 이어주려고 계속 옆 바람 넣음 두 번 봤지만 안 읽 씹 당함 분위기 좋다 생각 했는데 착각 이었나 봄 그러고 두 달이 지난 며칠 전 친구 한테 스토리 보고 한테 디엠 옴 영화 재밌냐고 이런저런 얘기 하다가 먼저 담 술 먹자고 하길래 알겠다고 그러다가 주 어찌어찌 친구 명 껴서 보게 되었음 이서 보는데 대화 통 생각 보다 재밌길래 친구 로서 괜찮겠다 싶어서 편하게 술자리 가짐 그러다 친구 취기 오르고 1 차 갔는데 대화 통 한테 이상형 냐 물어보기도 연락 하는 사람 없냐고 두 달 전 볼 연애 싶은 맘 없었는데 요즘 은 연애 싶다고 그랬음 슬쩍슬쩍 허벅지 터치 어깨 건 얼떨결 손잡 기도 뗐지만 근데 친구 갑자기 접점 없는데 한테 연락 와서 술 먹자고 건지 궁금했는데 먹었던 친구 5년 만에 한테 연락 와서 여자친구 헤어졌는데 새벽 나와서 이야기 들어줄 수 있느냐 해서 1시간 들어줬단 말 이야 근데 친구 여자 한테 말 했나 나올 줄 몰랐는데 되게 이야기 들어주고 고마웠다고 그것 때문 다시 보게 됐나 암튼 1 차 끝나고 걔 데려다주면서 산책 40분 이야기 오해 풀 서로 맞는 같다고도 서로 말 지금 이후 계속 연락 통화 엊그제 어제 4시간 씩하고 낼 모레 영화 보고 밥 먹기 했는데 면 그린 라이트 맞나 참고 성인 되고 연애 1 번 해봄 ,,"	0
옆 부서 여직원 난초 + 남초 직장 아침 매일 커피 마시고 점심 저녁 단둘 안 어색하게 밥 먹음 매일 하루 종일 메신저 ( 사람 하고도 ) 퇴근 저녁 전화하면 통화 ( 일주일 한두 번 쪽 먼저 온 적은 없음 ) 직장 동료 가능한	0
며칠 전 에도 올렸는데 남자 상대 여자 상대 동료 보고 친해지고 싶다 얘기 했고 테 그런 얘길 사적 인 카톡 며칠 째 아침 새벽 대화 이어 나가고 씹을만한 따분한 대 화일 수도 있는데 답 빨리 꼬박 오고 여행 얘기 사진 보내는데 중 상대방 사진 은 보내는 건지 모르겠어요 아무리 생각 해도 이건 친해지고 싶다는 넘은 그린 라이트 없다곤 못 하겠는데	1
친하게 지내는 대학 선후배 이임 짝사랑 중임 날 선후배 간 생선회 먹으러 갈 자리 생겼음 날 못 먹는 편이 생선회 그날 처음 먹어 봄 선배 옆 자리 앉았는데 아무 말 없이 김이랑 무순 해서 생선회 점 싸서 앞 접시 올려주고는 이렇게 먹어야 맛있어 그린 라이트 희망사항	0
전 남자 삼프터 여자 보이는 그린 라이트 신호 있을까요 보인다면 사프 터 랄 지금 은 매일 카톡 주고받긴 ( 대화 안 끊기지만 선독 은 ) 계속 상대 분 하자 어디가 먹자 찾아오셔서 편하긴 확신 할 수 있는 포인트 있을까요	1
여자애 한테 생겼다는 이야길 들었는데 직접 들은 건 아니고 걔 친구 한테 말 전해 들은 오빠 생겼더라 이렇게 근데 여자애 인정 하는 에야 그린 라이트 켜 두 대 _ 말 칭찬 마자	0
"재무 팀 1년 차 사원 , 전표 틀린 있으면 수정 해오라고 있어 팀 대리 한테 수정 가져다줄 마다 텀블러 어디서 샀어요 휴가 히 히 했죠 고쳤죠 이러고 맨날 메신저 시시콜콜한 본인 얘기 하는데 친해지면 전표 알아서 고쳐줄 생각 해서 그러는 거지"	0
"타지 생활 중이 라 할 없어서 춤 배우는 중 , 4 개월 결석 한번 없이 풀 출석 거든 근데 선생님 출석 부를 , 성실하다고 안 나오시면 걱정 될 같다고 하는데 고백 혼내줘야 하는"	0
소개팅 끝나고 선독 애프터 먼저 하자 했고 만났는데 아직 어색했고 대화 티키타카 솔직히 되진 않음 애프터 4시간 대화 말 놓 자고 싶었는데 남은 애매하고 어차피 마지막 수 있는데 말 놓자 하는 오빠 싶어서 안 있었거든 근데 상대 전화번호 알려줄 수 있냐는 ( 소개 카톡 아이디 받음 ) 전번 교환 나도 말 놓으라 했어 떠들고 헤어졌고 이후 론 카톡 은 계속 하는 중 삼프터 요청 은 상대 이직 해서 재고 있는데 ( 회사 멀어 ) 담 가보자 긴 있는데 괜찮은	1
"관심 있는 사람 한테 버킷리스트 물어보면서 할 수 있는 하자 하는데 , 그린 라이트"	1
"독립 해서 맨날 편의점 도시락 , 버거킹 , 콘 푸 로스트 먹거든 여직원 알 밥 은 있어요 밑반찬 드려요 오해 마시고 자취 하는 친구 반찬 챙겨주는 좋아해요 러더 솔직히 오해 마시고 하긴 했지만 호감 있나 싶었음"	0
"1 "" 언니 싫어 오빠 ( 본인 ) 한테 대하 같아 "" 있는 독방 순간 말 없길래 이유 물어봤더니 하는 말 1 "" 원래 차 노래 안 불러 "" 운전 있을 조 수석 약 3시간 노래 불러줘서 덕분 지루하지 않게 왔어 감사 인사 했더니 하는 말 원래 호감 있는 친구 긴 말 들으니 관심 엄청 생기네요"	1
"같은 부서 동료 취미 , 관심사 비슷해서 점심시간 대화 많이 나누다가 친해졌습니다 그러다 날 분 토요일 사러 가자고 하는 예요 당시 주말 할 없어서 수락 , 토요일 만났습니다 살 사고 , 시내 돌아다니면서 오락실 가서 게임 저녁 얻어먹었습니다 저녁 먹고 소화 시 킬 겸 산책 1시간 헤어졌습니다 저번 주 토요일 밥 먹고 오락실 헤어지고 별다른 없었습니다 분 영화 티켓 연도 써야 하는데 , 보러 가자고 하네요 호감 은 있어서 오케이 했는데 그린 라이트 ( 전 )"	1
회사 배임 보다 9 살 어림 집 거리 50분 주말 있으시냐고 영화 티켓 많이 있는데 코로나 때문 못 써서 달 써야 해서 되시면 보자고 난 사내연애 생각 없는 상황 그린 라이트 맞는다면 거절 영화 안 볼 예정 여자 라면 관심 없는 회사 남자 한테 안 저럴	1
평소 보고 요리 부지런하다고 칭찬 많이 남자 분 이상형 현명하고 부지런한 사람 요리 하는 사람 이라고 해서 당황 며칠 째 끊기지 않는 톡 그린 라이트	1
"출장 갔다 호텔 아침 조식 먹는데 여자 분 명 다가와서 “ , 어제 비행기 타셨죠 ” 물었음 알 보니 탔던 비행기 승무원 같은 호텔 묵었더라 씻지도 않고 내려와 처 묵거리 느 라 꼬락서니 말 아니어서 말았는데 그린 라이트 였을까"	0
1 뮤지컬 보러 감 1 계단 내려올 어깨 손 올림 3 카페 음료 먹던 빨대 빨 먹기 4 운전 하는데 허벅지 안쪽 터치 5 운전 해서 온 뻔히 아는데 술 먹자 하기 데이트 이랬는데 그린 라이트	1
"동호회 1 달 넘게 얼굴 보고 알던 사이 1 토요일 동호회 회원 갑자기 못 나와서 단둘 카페 있게 됐는데 8시간 있었음 3 축적 데이터 미루어 보건 대 미묘한 스킨십 ( 침 ) 머리 묶는 행동 , 바라보는 눈빛 예사롭지 않았음 4 동호회 회원 중 의지 할 사람 필요하다는 말 , 주 에도 나올 라는 멘트 이런데요 그린 라이트 맞는가요 편한 사람 한테 하는 행동 같기도 헷갈리긴 하네요 생일 핑계 삼아 손편지 립밤 선물 주 려고 하는데 어떨까"	0
같은 팀 여직원 종종 퇴근 선독 오거 든 근데 물어보는 아니고 업무 얘기 아니고 갑자기 뜬금없이 연락 와서 시시콜콜한 얘기 하다가 말더 사이 회사 밖 따로 연락 할 친한 사이 아닌데 굳이 얘기 하려고 카톡 라는 생각 들어 그렇다고 따로 약속 잡거나 하지는 않는데 관심 있어서 이러는	0
옛날 사진 보여주면서 지금 머리 이쁘냐 이전 머리 이쁘냐 여행 갔던 사진 보여주면서 일상 공유 새로 취미 준비 있는데 하자 그린 라이트 아니어도 옐로 라이트 맞나요 남자	0
소개 해녀 방금 집 도착 해서 씻고 얼른 누우 했는데 알겠다 씻고 오겠데 난 자고 있을 같다고 하니 시 같냐는 30분 같다고 하니 날 재우고 씻고 오겠데 귀여워 김칫국	1
"저번 주 처음 만났었는데 , 밥 먹고 카페 가서 5시간 있었어 말 나름 통 하는 같아 카톡 사이 먼저 여성 분 말 놓 자고 했고 , 현재 매일 서로 일상 공유 하며 카톡 있는 상황 이야 한번 밖에 안 만났는데 왠지 여자친구 카톡 하는 느낌 이라고 할까 그린 라이트  주 주말 다시 만나기로 했는데 , 서로 괜찮다고 하면 1 번째 만에 고백 하는 건 빠르려나"	1
"옆집 예쁜 여성 분 사셔요 나이 이십 대 중후 반 보이 처음 봤을 이사 오기 했다고 생각 드는 외모 였어요 출근시간 겹 쳐서 그런지 오다 가다 눈 자주 마주치고요 통성명 안 해서 속 으로만 예쁘다 생각 모르는 지낸 6 개월 쯤 이었나 그러다 술 왕창 마시고 들어가다가 분 마주쳤는데 미쳤는지 용기 내서 처음 말 걸었어요 "" 쪽 미인 이신 "" "" 아침 마다 자주 보는데 모르는 하기 힘들다 "" "" 아침 볼 인사 번만 해주면 평생 감사하는 마음 살겠다 "" 저런 식 개 소리 집 들어갔는데요 다시는 술 안 마셔야겠다 싶은 심정 이었죠 날 아침 이었던가 누가 문 똑똑하더라고요 지 싶어 보는데 분 이었어요 숙취 해소 음료 들고 있더라고요 인사 하러 왔다고 평소 자주 보는데 모른 미안했다고 하더군요 감동 이었습니다 여자 운명 이구나 싶더군요 이후 아침 볼 이런저런 얘기 남자친구 있냐고도 물어보고 없다고 하더라고요 그러다가 어제 주말 되냐고 밥 한번 사주고 싶다고 대시 했는데요 오늘 밥 술 먹고 왔어요 사실 자랑 이었어요 ~~ 조만간 여자친구 생길 같아요 ~~"	1
편의 체 씁니다 최근 추로 만난 관심 가는 남자 있음 말 슬쩍슬쩍 터치 먹던 와인 맛봐도 되냐고 물어보고 그러더니 전 대놓고 팔뚝 움켜쥠 걔 생일 파티 였는데 파티원 남자 3 명 가리키면서 1 번 1 번 3 번 중 스타일 좋냐고 물어봄 나중 얘기 하겠다고 그랬는데 에에 에에 이러길래 말 버림 보기 없다고 보기 중 고르라고 으음 이러고 뜸 들였더니 어깨동무 하는 동작 반대쪽 팔뚝 치면 “ ” 이럼 근데 날 카톡 답장 느림 1-1시간 간격 원래 생일 파티 전 5분 칼 답 이었는데 카톡 확인 해보니 지금 선톡 했었네 선톡 면 쉬워 보일까	0
"저번 주 일요일 소개팅 분위기 나쁘지 않은 같았음 주 일요일 보자고 만나는 도중 물어봐서 사인 받음 그러다가 뭔가 텐션 낮아지는 느낌 받아서 낼 볼래요 물으니 "" 저녁 먹어요 "" 답변 받음 어디서 볼까 물으니 여성 분 울 회사 쪽 온다는 보 지하철 로만 30분 넘는데 관심 있는"	1
"난 만나면서 김칫국 가급적 안 끓이려고 하는데 문득 그린 라이트 내지 우연 동정 일까 궁금 동갑 내기 동료 여직원 타부 업무 적 종종 엮 여서 될 가끔 점심 밖 본적 없음 회사 메신저 로는 업무 + 잡담 종종 길게 하며 이런저런 얘기 가끔 , 가끔 카톡 요즘 때문 외부 많이 돌다 보니 몸살 기운 있는 상태 점심 하게 됐음 참고 코로나 아니야 점심밥 먹다 목도 잠기 기침 하는 보더 몸 관리 이렇게 못 하냐며 밥 먹고 약국 가자며 데리 가선 약 사서 주더 먹으라며 챙겨 주더 보고 땡땡 시 손 많이 간다 며 자꾸 챙겨줘야 할 같다고 러더 챙겨줘서 고맙네 하며 돌아섰는데 전 친구 놈 이런저런 얘길 얘길 했더니 해봐라 하는 냐 놀리고 난리 났지 암튼 내용 은 1 불쌍해서 동 정심 챙겨 줌 1 여직원 착한고 자상한 거임 3 그린 라이트 내지 최소한 호감 은 있음"	1
"어제 러닝 모임 나갔다가 분 노쇼 해서 모임 장님 뛰었거든 말씀 많이 안 하셔서 어색했는데 ( 말 시키면 말 안 걸면 굳이 나서서 말 하진 않는 느낌 ) 러닝 끝나고 끝무렾 스트레칭 말 부쩍 많아졌거든 사냐 이렇게 뛰냐 음료 사주시고 집도 근처 데려다 줬음 보자는데 인사말 ,,"	0
요즘 맘 가는 누 냐 한테 화장품 선물 했어 비싼 건 아니고 그러더니 쓰겠다고 본인 씻고 민낯 인 상태 화장품 바른 사진 인증 하더라 사진 프사 똭똭 박으시던데 와우 화장품 광고 모델 인 줄	0
완전히 종류 클럽 ( 모임 ) 두 개 개설 했거든 근데 남자 분 동시 두 개 싹 신청 했음 취향 맞는 사람인 결 다른데 식장 알아보면 돼 … ♀	0
"블랙 야크 지정 대한민국 명산 100 산 중 63 개 달성 종종 가볍게 타고 싶을 서울 등산 모임 나가서 서울 관악산 같은 가볍게 타거나 사람 천천히 타면서 등산 모임 활발하게 나가고 있음 그날 어김없이 등산 하게 되었는데 원래 4 명 온다는 일이 생겨서 여지 분 둘이서 가게 되었지 성격 서글서글하고 말 통 등산 재밌게 밥 먹고 헤어졌는데 1 주 개인 톡 문자 오는 저번 등산 했던 사람 산 가겠냐고 원래 등산 방 은 오픈 프로필 가입 되어있어서 계정 땄는지는 모르겠지만 개인 톡 선독 와서 반가웠었는데 "" 죄송합니다 번 주말 헬스 가서 배랑 상체 하려고요 주는 등산 안 가요 하체 하는 날이었으면 하체 하는 김 갔을 텐데 죄송해요 "" 말았어 1~3일 지나고 생각 해보니까 뭔가 그린 라이트 였던 님들 보기 그린 라이트 설레 발친"	1
소개팅 해서 지금 애프터 만나고 연락 계속 있는데 여자 분 운동 해서 살 빼고 있다니까 살 빼지 말 래 지금 보기 좋다고 볼살 빼지 말고 유지 해달 래 본인 은 천천히 알아가는 스타일 던데 날 맘 들어 하는 겠지 쯤 고백 해야 되는	1
"회사 , 평소 키 크고 이쁜데 이미지 차가워 가까이 못 데 면 데 면 여자 동료 있었어 날 회사 직원 술자리 가졌는데 , 친구 만큼 술 좋아한단 알 급 가까워짐 이후 업무 상관없는 갠톡 잦아지다가 여름날 토요일 늦은 밤 , 아직 저녁 안 먹었다길래 맛 난 먹고 바람 쐬러 드라이브 갈까 물어보니 콜 친구 픽업 해서 오이도 조개 구이 먹으러 감 조개 보니 술 먹고 싶어졌지만 운전 술 은 먹고 난 사이다 먹겠다고 하니 한테 억지로 소주 한잔 먹임 ( 그린 라이트 라는 몰랐지 ) 한잔 두 잔 받다 보니 반 병 먹게 됐는데 먹고 나니 새벽 1시 되었어 음주운전 은 안된다며 굳이 오이도 방파제 앞 차 1시간 자고 새벽 4시 집 친절히 데려다"	1
어릴 게임 알 지내던 누나 명 있었는데 완전히 지역 이사 갔었다가 연락 끊겼었거든 날 카톡 알림 누나 생일 뜨길래 연락 해보고 싶어서 전 서로 생일 챙겨주면서 안부 인사 그렇게 지냈단 말 이여 그러고 취업 나서 나름 누나 멀지 않은 취업 했는데 ( 1시간 거리 ) 날 대화 하다가 갑자기 보러 기차 타고 온다고 하네 오랜 얼굴 보자는 겠지 아무 호감 없이 안 본 지 10년 은 넘어서 떨리긴 하네 어릴 좋아해서	0
회사 신규 직원 안내 데스크 공 무직 이야 5 살 차이 ( 30초 10 중반 ) 싹싹하니 귀엽 카톡 하는데 항상 이모티콘 보내는데 보통 은 회사 에선 이모티콘 안 쓰잖아 오늘 저녁 먹자고 해볼까 5분 남았는데	0
헷갈려서 판단 해주 라 남자 호호 웃고 이야기 있으면 화난 말투 ( 보다 직급 위 ) 꼭 대화 낌 하다가 시선 돌리면 80~90% 눈 마주침 향 민감하다고 말 이후 향수 바뀜 즐겨가는 식당 회식 하자고 건의 생각나는 건 그린 라이트 일까 맞으면 들이 댈	0
의미 좋아해 주면 안 돼 대화 자주 나누는 타부 동료 분 난 퇴근 분 은 출근 엘리베이터 앞 만났거든 오늘 주말 하실 냐 그러셔서 집 있어야죠 ~ 했더니 여자친구 있냐고 물어보시더라 지금 은 없다니까 어때요 좋아해 주면 안 돼요  당연히 좋아하죠 기분 좋다 ~ 주말 보내라 올라가셨어	1
소개팅 카톡 안 읽 씹 주말 소개팅 나름 취미 비슷하고 해서 밥 먹고 차도 마시고 이야기 헤어지고 나서 주 만나자 했더니 알았다고 해서 만나기로 했어 오늘 안 주차 톡 보냈더니 안 읽 씹 인것 같은데 첨부 터 인연 아니라고 하면 편할 주말 보기 연락 안 되는 여자 심리 뭘 30 대인데 서로 연애 해볼 만큼 했을 거고 소개팅 많이 해봤을 건데 인연 아니네요 좋은 사람 만나세요 말 하기 어려운 난 훈남 멘트 나름 익숙하고 말 해주시 분 고맙던데 형 은	0
소개팅 애프터 신청 받았고 만나기로 날 연락 안 돼서 까였구나 했어 근데 아까 연락 왔어 답장 늦어 미안하다고 금요일 보냈는데 이제 답장 분 세상 바쁨은 가지 계시 바빴다고 일이 정신 없었데 큰일 하신다고 같은 직장인 없네요 절절 뭐라고 적는데 이해 안 “ ~ 남은 주말 보내세요 ~ “ 문자 했더니 주 토요일 1시 쯤 브런치 콜 이러는 어벙벙 웃겨서 “ 바빠서요 ” 했어	0
"남자 돈 관심 많이 써줘 나도 고마워서 열심히 쓰니까 알지도 못 받아만 먹는다고 욕 하기 없기 ^^ 오래 알 지낸 친구 사이였는데 남자 쪽 한테 연락 많이 , 사소한 관심 많이 가지 , 귀찮은 일도 나서서 ( 멀리 픽업 하러 오기 , 필요한 대신 해주기 ) 밥 많이 사주고 비싼 선물 번 해주고 ( 1-30만 원 가량 ) 다정하고 따뜻한 말 자주 해주네 부르면 나오고 , 볼 땐 코스 짜오 성의 많이 보여줘 이건 무조건 이성 으로서의 호감 겠지 대놓고 나를 좋아한다고 고백 하진 않았는데 호감 맞는다면 나도 다가가 보고 싶어서 호감 아니라 친구 아끼는 라면 행동 안 하겠지"	1
있는 좋아서 헤어지기 싫다는 남사 친 썸 일까 …	1
연락 주고받고 번 만나고 나름 호감 표시 받고 대화 통 했었는데 순간 연락 느려지고 사이 인지 … 의미 없는 일상 대화 주고받은지 1 주가 넘어가네요	0
"연락 있는 썸남 맞나 썸 인 싶은데 난생 사람 은 처음 봐서 해야 할지 모르겠음 … 사람 특징 - 처음 만난 건 지지난 주 지금 3 번 만남 먼저 만나자고 항상 데리러 오거 집 근처 옴 - 만나서는 대화 되고 엄청 꼬시 , 잘해줘 만났을 땐 문제 연락 이야 - 연락 근데 연락 티키타카 그런 없고 이럴 면 연락 하지 싶음 관심 없어 보 여서 연락 끊을라고 읽 씹 했더니 읽 씹 싫어한다고 서운해함 - 난 사람 좋아서 호감 표시 엄청 했었는데 말 돌리거나 대답 안 상처 받았지만 꿋꿋 했음 근데 익숙하지 않다고 어색해 나도 안 하는 중 - 맨날 선독 대화 안 이어져 가는 같아서 끊으려고 하면 사람 질문 해서 대화 이어짐 - 난 돈가스 별로 안 좋아하지만 싫어하지 않음 근데 사람 은 돈가스 좋아하니까 돈가스 먹으러 가자 ~ 했더니 계속 ~ ~ 계속 거절 하길래 이제 안 물어볼 삐진 티 냈더니 돈가스 싫어하는 같아 서라고 뭘 사람 번은 술 먹는데 그렇게 표현 하는데 밀어내냐고 어장 관리 냐 물었는데 당황 아니라고 신중한 스타일 이라고 오래 봐야 한다는데 안달 복 달하는 같아 근데 사람 짜증 어떡해"	0
친구 이라도 호감 있을까 자주 가는 카페 직원 분 하도 자주 가서 인사 나누고 근 근 이야기 나누는 한테 되게 감사한 분 이야 사람 때문 죽고 싶을 만큼 힘들 존재 자체 대하 태도 인품 위로 해주신 분 감사해서 솔직하게 남기고 그랬음 요새 종종 힐긋힐긋 보시 티나 뭐랄까 자꾸 말 걸고 싶어 하는데 방해 될까 참는 같기도 하구 갔는데 직원 친구 한테 나왔다고 이야기 해주는 들었고 오늘 직원 분 수다 떠는데 옆 엿듣 고개 끄덕 끄덕 거리 데 귀여워 죽 뻔했어 난 친해지고 싶은데 얼굴 뚝딱 돼서 속 말 하는 중 마음 은 하면 친해질 수 있냐고 묻고 싶다	1
"핸드폰 사러 갔는데 판매 직원 … 그린 라이트 오늘 폰 샀는데 매우 친절하고 상냥한 여직원 분 한테 산 건데 계약 끝나고 나가는데 배웅 나와주면서 고맙다고 , 서비스 10 점 달라 그런 말 하다가 이제 주말 하세요 이러는 쉬 했더니 좋겠다 주말 나도 쉬 싶다 말 하는 그러려니 인사 나왔는데 여직원 한테 관심 잇는 뜬금없이 주말 하냐 묻지 , 내일 오려고요 볼걸 그랬나 내일 다시 가서 데이트 신청 해볼까"	0
알 지낸 지 1-1년 남사 인스타 사진 가끔 조 녜  식 댓글 다는데 관심 호감 있어서 하는 행동 이야 자체 누나 있어서 그런지 여자 친구 많고 다정한 스탈	0
"가는지 궁금해하고 , 프사 바꾸면 알아보고 예쁘다고 해주는 물어보는"	1
"사적 산책 했고 밥 사준다 운동복 사준다고 약속 남자 , 썸 맞을까요"	0
탕 비실 커피 머신 타고 있는데 여자 직원 베지밀 드실래요 단백질 챙기셔야죠 해서 고맙다고 받음 다짜고짜 벌어진 대화 커피 한잔 할래요	0
취미 생활 하는 사람 님 있으면 가요 라는 소리 들었어 남자 쪽 은 여자 7 살 차이 개인 적 카톡 많이 하는데 나이 차가 나서 호감 올리고 들어가 볼까 싶기도 인사 치레 겠지	0
오늘 점심시간 잔다고 밥 안 먹었거든 퇴근 지하철역 갈 점심 먹었냐고 하니까 오지 지리 맛있는 낙지 덮 밥 먹었대 알려 달라 하니까 안 알려주겠다면서 담 주 가자는 그린 라이트 여대 라 이야	0
"썸 인 듯 썸 아닌 듯 극 초반 단계 인 같은데 … 느낌 강사 님 은 마음 있는 눈치 챈 같은데 다가가면 활짝 웃으시긴 눈길 마주치면 웃고 그렇거든요 근데 한테 호감 보이는 같고 추파 더니 지는 회원 중 인 같고 한테 빠진 관심 아닌 같아서 , 물속 몸매 보다 보니 자체 보다도 신체 호감 먼저 가진 건 아닐까 상상 나래 펼치고 그러고 있어요 아직 마음 확신 안 서서 관심 없는 어색하게 눈길 피하 있거든 "	0
"어제 카톡 으로만 계속 얘기 하다가 엄청 오랜 처음 단둘 만나서 술 먹었어요 그것 약속 끝나고 집 가기 아쉽다니까 만나자고 해서 갑자기 잡힌 술자리 였어요 어제 패션 반지 사서 줄까 이랬는데 친구 계속 끼 다닐게 이러면서 똑같은 반지 끼 있고 , 오늘 만나기로 했는데 확정 아니라서 카톡 “ 점심시간 넘어야 확정 인지 아닌지 알 수 있다고 했지 ” 이러니까 맞는다고 그러고 친구 “ 이따가 연락 할게 ” 이래서 알겠어 ?? 보냈더니 읽고 답 없고 대화 이어가질 않아요 … 친구 춥다 옷 따뜻하게 입고 가라 밥 은 먹었냐 이렇게 항상 챙겨주긴 했거든요"	0
새벽 전화해서 수다 떠는 호감 표시 먼저 연락 오고 먼저 전화 오고 영화 보러 가자 흘리는 썸 시작	1
소개팅 분 있는데 한테 호감 있는 건지 애매 연락 길어 답 하는 아니라 대화 어가 질문 일상 먹는 사진 보여주고 현재 애프터 친구 원래 연락 안된다는데 몰입 같지만 연락 이면 호감 없는 건 아닐까	1
남자 얘기 하다가 찰싹 하는 암 묵적 호감 인 인기 있는 남자 한테 하는 침벌 백예린 영상 댓글 있길래 난 세게 때려서 미안해지는 상황 들이었던 기억 하는데	0
헬스장 같은 시간대 자주 마주치던 여자 분 갑자기 운동 할 생각 없냐고 묻는 건 뭘 원래 운동 하는 사람 은 그렇게 보조 하는 은 그린 라이트 같은 설렜는데 헬렌 다이어트 하려는 아저씨 한테 객관 화 나니 신종 사기 수법 사이비 종교 운동 노예 쓰기 좋은 호구 보였나 무섭습니다 선배 님	0
소개팅 애프터 까였는데 주 만에 다시 연락 와서 다시 한번 만나 보자는 식 이야기 하는데 생각 못 하던 일이 라 당황 쓰 ; 이야기 하는 내내 그린 라이트 못 받았거든 애프터 까이고 머신	0
"두 번째 만남 11시간 있었는데 호감 일까 30 대 여자 어플 알 남자 분 1 주 전 처음 뵀는데 처음 대화 통한 다는 느낌 은 받았었어 사실 성적 알려고 만남 은 아니었고 , 동네 어플 동네 산책 겸 영어 에도 관심 있어서 서로 달 간 간간이 연락 하다가 만난 였거든 분 은 한국 분 11 살 외국 학교 다녔고 외국 하시고 계시 , 부모님 형제 분 은 한국 있어 처음 본 일이 생겨서 못 보다가 오늘 오전 10시 밤 10시 11시간 봤어 술 안 마셨고 근교 바닷가 쪽 산책 밥 먹고 축제 구경 , 카페 얘기 하다가 헤어졌거든 근데 헤어지기 아쉬워서 여운 남더라 집 와서도 여운 가시질 않더라고 근데 한국 은 가족 보러 온 라서 11월 다시 외국 가실 분 이야 처음 동네 알 지내자는 마음 이었는데 상처 받기 싫어서 사람 대 사람 보자라고 지금 다짐 은 하는데 만나게 되면 마음 끌릴 같은데 어쩌지 사실 마음 없으면 1시간 있는 불편해 그동안 나왔던 남자 이랑은 적 번 없어서 신기하기도 분 은 기본 적 매너 있으시고 , 사람 자체 선한 느낌 호감 갔어 운동 꾸준히 하시고 , 유머러스하시고 , 말 하시고 , 말 기억 해주시 관심 가져주시고 대화 통 하루 종일 웃은 같아 서로 별거 아닌 에도 웃기 진지할 진지한 얘기 비자 문제 생겨서 어릴 학업 매달려만 있으셨다 하더라 어쩌면 좋지 내일 보자 사는데 괜찮을까 모르겠어"	0
오늘 만나고 헤어졌는데 1 차 가서 술 마셨더니 내일 결혼식장 가는 가지 말 래 거기 눈 맞는 경우 종종 있다고 가지 말라는데 그린 라이트	1
교육 듣고 끝나고 퇴근 하는데 퇴근 약속 있냐고 묻는 그린 라이트 묻냐고 했더니 물어봤다고 에게도 봄날	0
썸 타는 오빠 연락 있고 세 번 만났는데요 오빠 며칠 전 비 오는 날 나가는 싫어하는 줄 알 목요일 비 안 오면 만날까 식 근데 어제 저녁 내일 비 오려나 이러다가 비 와도 나갈 수 있다고 용이 괜찮아 식 해서 괜찮다 했거든요 근데 지금 비 오는데 오빠 비 온다고 막히는데 서로 눈치 보는 … 먼저 누가 말 재는 같아요 ?? 이럴 해야 하나요	1
지금 분 썸 인 같은데요 어제 만나서 산책 했는데 분 걷다가 손잡아도 되냐고 물어보더라고요 근데 귀 기도 전 손 생각 들어서 아니요 대답	1
소개팅 이후 상대 먼저 카톡 와서 계속 카톡 하다가 카톡 재미없어서 할 말 없어서 읽 씹을 당한 같아요 그럴 수도 있는 이전 카톡 잘한 생각 하면 읽 씹 할수도 생각 해서 의미 안 두고 싶은데 자꾸 신경 쓰이네요 썸 이라고 생각 건 만의 착각 일까 짅바 해보려고 어떻 든 카톡 이어나가려고 노력 했는데 어색하고 할 말 없는 건 어쩔 수 없는 이전 카톡 다시 보니 날씨 하는지 일상 얘기 조금씩 하다가 지금 서로 출퇴근 엇갈려서 출퇴근 식사 안부 묻는 내용 많긴 하네요 … 그러다가 답 하기 애매한 건지 할 말 없던 건지 퇴근 했다는 카톡 보낸 이후 읽 씹 당했어요 카톡 하는 얘기 하는 재미없어서 그런 겠죠 다시 카톡 보내고 싶은데 안부 얘기 말고 말 먼저 하는 좋을까요 연락 기다려 볼까	0
술자리 처음 만났는데 술잔 비워질 마다 오빠 술잔 비우면 어떻게요 이러면서 술잔 채워주더라 그린 라이트 현재 번호 겟 해서 연락 하는 중	0
가끔 연락 하는 동생 생일 기프티콘 보 내줬거든 고마워서 밥 먹자 했는데 오케이 했어 그린 라이트	0
사진 교환 한상태 얼굴 보고 만난다고 한상태 코로나 때문 밖 먹기 찝찝하다고 집 교촌 치킨 맥주 어떠냐는 데 백퍼 그린 라이트 첫 만남 집 하자 거임	0
근데 만나자고 했다가 반응 없으면 지내라고 했다가 다시 만나자고 했다가 애교 부리고 난리 전 남자친구 이렇게 오는데 그린 라이트 아님	0
여러 명 있는 술집 여자 후배 갑자기 취기 올라온다고 무릎 베고 자면서 허벅지 만지작거리면 그린 라이트 그러다가 누운 채 토 해서 바지 묻히면 라이트	0
자연 스럽게 친해진 사람 있는데 저번 번 만나서 드라이브 3시간 놀다가 헤어지고 연락 하다가 주 만나냐고 물어보면 그린 라이트	1
"주말 이성 갑자기 선독 와서 나도 심심하다고 해서 만나서 공원 가고 밥 먹고 쇼핑 했는데 그린 라이트 밥 은 사고 커피 공원 한번 , 쇼핑몰 한번 해서 친구 냈음"	0
오늘 직장 동료 벚꽃 구경 왔는데 8시간 있고 주 주말 술 마시기 했는데 그린 라이트	1
소개팅 날 간 보복 입은 사진 보내고 그린 라이트 봐도 무방 하냐	0
회사 엘베 번호 달라 해서 드렸다	1
오늘 애프터 하기로 날 만나는 안 땅 기냐고 물어볼까 첫 만남 연락 많이 만난 아니라서 만났을 땐 재밌고 다정하고 괜찮았는데 원래 연락 스타일 런가 되게 억지로 하는 느낌 이야 호감 있지만 그렇다고 싫단 사람 만나서 괜히 저녁 낭비하기 싫어서	0
"메 커피 기프트 콘 싼 거나 같은 사야 하는데 500원 부족해서 토핑 뭘 할지 고민 하는데 파시 분 웃으면서 "" 포장 백 은 어떠세요 "" 하시면서 옆 지원 분과 상큼 하게 웃으셨다 난 디저트 가셨다"	0
"많이 나빠 꾸라 좋아해요 표현 하면 상대 남자 분 호감 표시 하긴 하는데 ~ 항상 리딩 먼저 표현 해야지 , 말 해주는 기분 들어 그러고 보니 항상 연락 먼저 하는 같아 아무리 노빠꾸 직진 녀 라고는 그린 라이트 보기 무리 있어 보이지 글 쓰고 있는 번 현실 자각 하게 된다 좋아하는구나"	0
"회사 생활 초창 독도 참치 회식 가서 10 명 넘게 앉아있었는데 거기 서빙 알바 분 화장실 갔다가 들어오는데 "" 전화번호 주실 수 있으실까 ” 물어봤다 번호 주었다"	1
엄마 친구 한테 전화 왔다고 나를 찾으셨다 전화 받았더니 같은 반 남자 였다 참고 남자 모른다 집 전화 갑자기 롤러스케이트 타자 해서 알겠다고 했다 그렇게 3 번 친구 집 앞 찾아왔고 롤러스케이트 탔다 3 번째 타던 날 롤러스케이트 타 다가 엎어졌다 남자 애가 위로 덮치는 모양새 상당히 민망했고 집 들렀다 오겠다는 거짓말 도망쳤다 근데 이후 반 자리 이동 옆 자리 되었다 어색하고 힘든 반년	1
장난 치는 말 은 하는 퍼터 썸남 예전 딱딱하게 굴 연락 안 요즘 썩 맘 드는 연락 패턴 은 아니지만 젠 전 길게 대화 하게 됐어요 이분 요즘 한테 종종 장난 치는 보고 싶은 아니냐 엄청 보고 싶나 보다 아쉬운 냐 엄청 기대했나 보다 말 하는데 장난 인 같긴 뭔가 확인 하려는 건지 단순 장난 인지 아님 플로팅 인지 모르겠네요 그럴까 솔직히 호감 두근 대긴 해도 전 보고 싶고 아닌데 ;; 꽁 냥 대 기분 은 좋네요 전 그렇게 안일 씹하고 그러더니 만날 마다 말 그러는 같아요 몰입	0
"여자 속마음 은 뭘 ( 남자 ) 소개팅 만났고 , 만났을 얘기 했어 얘기 통 했어 예뻤어 호감 많이 생겨서 두 번째 만남 날짜 대충 잡고 사람 알겠다고 할 근데 헤어지니까 카톡 단답이야 저녁 있냐고 하면 ~~ ~ 이러고 끝 대화 이어나가려고 질문 하면 단답 대화 얘기 하면 걔 웃기네요 끝 애프터 걔 집 앞 있는 음식점 날짜 목요일 잡았는데 , 음식점 예약 하려고 시 만나면 좋겠냐고 3 번은 물어봤는데 "" 음식점 맛있데요 시 쯤 만날까 "" 이렇게 물어봐서 런가 음식 맛있겠어요 식 답 은 오는데 시 쯤 보자고 확답 하는 대답 안 오네 연락 안 하니 선톡 전혀 안 오고 연락 안 있어 알아서 떨어지라는 만났을 괜찮다고 호감 표시 해놓고 , 카톡 온도 차이 같아 느끼는 감정 맞겠지 인연 아닌가"	0
"보고 싶은 사람 생겼어 친구 부담 없이 만나 보라 소개 해준 자리 바라던 사람 나왔어 3-4시간 밥 먹고 차 마신 였지만 그것 만으로도 멘 틀 건강하고 유쾌한 사람 이라는 알겠더라 매너 좋고 예의 바르시고 멀리 와주시고 집 데려다주셔서 감사했어 외적인 스타일 인 건 덤 전반 적 분위기 괜찮았던 같고 가는 줄 몰라서 그렇게 말 하니 분도 그랬다는데 설레더라고 애프터 안 하시면 먼저 하려고 했는데 먼저 물어보셔서 좋았어 ?? 주선 생각 해서 예의 상일 수 있다고 보수 적 생각 하려고는 맘 들어서보다는 긴가 민가 해서 번 보자 생각 하실 수도 있고 보고 싶어서 적극 적 싶은데 괜히 가진 호감 드러나서 분 부담스러워하실까 걱정 되고 , 괜히 희망 회로 안 돌리려고 노력 중인 낯설고 그렇다"	1
"호감 일까 인스타 올리는 취미 생활 사진 단체사진 뿐 인 남자 분 있어 단체사진 은 항상 사람 은 무조건 블러 처리 근데 최근 단둘 찍은 사진 올려도 되냐고 묻길래 오케이 해줬거든 당연히 나를 블러 처리 해서 업로드 할 줄 알았는데 올려서 놀랬어 ,, 호감 시그널 일까"	1
팀 선배 번호 따 갔는데 그린 라이트  점심 먹고 양치 왔는데 선배 번호 물어보더라고 비상 연락망 정리 한다는 핑계 사귀자는 말 돌려	0
매일 카톡 번 커피 마시고 밥 먹고 하는데 호감 있어 서야 심심해서야	0
"남자 소개 받았는데 참고 용 적었고 두 번 만났는데 한테 호감 있는 같은데 엄청 적극 적 시지 않아 나이 30초 이시고 음 호감 있는 같다고 생각 하는 이유 만남 여지 계속 남기는 연락 안 끊으려고 하시는 해보고 싶어서 그러는데 상황 적극 적 계속 밀어 붙일까 , 적당히 남자 분 반응 로만 맞춰서 갈까 들이 대면 부담스럽다고 생각 할까 걱정 돼서 ?? 연애 안 지 5년 연애 경험 번 감 안 와서 도와줘"	1
사람 번 보면서 중 좋아하게 친구 있어 따로 둘이서 보고 싶다고 약속 잡으려 번 시도 했는데 약속 잡으려 할 마다 답장 길어지면서 없다길래 까였다 생각 말았어 연락 안 했는데 어제 인스타 스토리 좋아요 눌렀 친한 친구 인스타 스토리 좋아요 안 누르고 이성 한테 대시 했을 거절 했으면 부담스러워서 사람 인스타 스토리 안 보거든 형 은 의미 둔다 보다 비호감 은 아니었나 싶기도 사람 은 인스타 스토리 좋아요 자주 누르나 궁금해서 물어봐 ~	0
"아는 여동생 아는 오빠 언니 ( 쓰니 ) 프사 보고 소개 해달라 했다 해서 지금 전 남자친구 소개 받았는데 처음 만날 전 남자친구 적극 적 4년 만에 여자 만나는 거고 , 여자 한테 먼저 호감 표시 하는 처음 이라고 했는데 마른 남자 , 연하는 싫었던 계속 되는 대시 사귀게 됐는데 전 남자친구 세 달 만나고 헤어졌는데 헤어진 이유 전 남자친구 싸우기만 하면 헤어지자 말 하는 3 번 째였고 앞 1 번 붙잡아서 다시 만났는데 주 싸우는 이유 와의 약속 까먹고 기억 못 하는 마지막 싸울 100일 10월 8일 이었는데 스케줄 신청 해서 그날 빼 둔 상태 였고 전 남자친구 그날 근무 일지 휴무 일지 모르는 상황 이었고 , 휴무 되면 100일 이니 밥 먹자라고 이전 얘기 끝난 상황 이었는데 전 남자친구 휴무 확정 되고 나서 퇴근길 통화 하는데 갑자기 전 남자친구 그날 친구 술 먹을 같아라고 해서 서운함이 폭발 통화 하다가 그날 하기로 했는지 알 하니까 서야 미안하다 하길래 끊고 통화 할 계속 전 남자친구 피곤하다 하길래 먼저 ~ 카톡 끝냈는데 잔 서운하고 ?????????? 날 대뜸 카톡 와서 어떡할 오늘 볼 해서 거기 어떡할 갈 아니라 출근 했어라고 물어봐 주기 바랐는데 많이 바란 안 사귀고 헤어진 라 이제 헤어진 지 일주일 넘어서 덤덤해졌지만 뭔가 어제 100일 이었고 알 보니 불꽃 축제 였고 씁쓸하고 만나면 날 좋아하는 느껴져 , 근데 전 남자친구 원래 무심한 성격 워낙 오래 지내서 누굴 챙기는 익숙 지 않아서 그렇다는데 그게 맞는 건지 , 아님 대한 관심 덜해서 그런 건지 젠 든 상관없다만 궁금해서"	0
썸 오랜 만나서 ( 5일 ) 안 보고 싶었어요 이러면 그린 라이트 맞냐	1
방금 번 다녀랑 커피 한잔 했는데 집 태워다 준다니까 카톡 답장 이모티콘 쓰면서 오면 그린 라이트	1
어깨 아파서 병원 갔는데 젊은 훈남 의사 선생님 궁금하거나 불편한 있으면 카톡 주 하고서 명함 주더 그린 라이트	0
소개팅 애프터 후기 이동 할 마다 손잡고 다녔고 서로 호감 있다고 말함 여자 쪽 지금 설렐 순간 좋다고 조바심 내지 말고 천천히 오래 보는 관계 됐으면 좋겠다고 그린 라이트	1
잇츠제 먼저 호감 표현 했는데 번 거절 했지만 나도 지나다 보니 마음 끌려서 내려놓고 첨부 터 시작 해보려고 이제 철벽 그런 안치 편하게 대하 시작 근데 카톡 매우 느린데 포기 거임 최소 1시간 인 듯 ;	0
호감 맞아 회사 업무 마주치던 분 있어 남자 상대방 은 여자 일로 개인 적 인 연락 하게 됐는데 일이 마무리 밥 먹기 했어 밥 먹다 보니 소주 둘이서 세 병 마시고 집 데려다주러 가는 길 집 앞 키스 했어 10분 일정 있어서 자진 않았는데 아쉬움 남아있는 상태 헤어졌어 키스 술김 건 아니었고 연락 은 하는 중 호감 맞아	1
한테 호감 있던 스터디 만난 사람 서로 집 엄청 가까웠어 - 스터디 첫날 맥주 캔 하자 부름 - 궁금한 없냐고 물어봄 - 밥 먹을 사람 없다고 밥 먹자고 자주 - 늦게 끝나는 날 기다렸다가 야식 먹음 - 연락 매일 - 스터디 끝난 에도 둘이서 두 달 매일 아침 만나서 공부 - 초반 답장 늦으면 늦어서 미안하다고 했는데 뚝딱 린다 미안할 필요 없다고 선그 버렸어 잘생긴 데 김민규 닮았고 여사 친노 있고 술 좋아해서 사람 나를 라는 생각 선 그었던 같네 호감 있었을까 지금 연락 지금 은 친구 간간이 만나서 밥 먹고	1
여자애 한테 장난 쳤는데 퇴사 하면 그리워하지 말 하길래 하는 이상한 눈 쳐다봤거든 이여 잉 ~ 대 치던데 평소 한테 호감 있었나 ^^	0
전 후배 집 가는데 취했다 전화 하드 방금 은 애가 자냐고 보자 했음 그린 라이트 아니고 만만하고 편해서 그거 지	0
어제 지인 통해 안 친한 짝 님 한테 관심 있는 티 냈는데 지인 밥 먹자고 연락 옴 원래 길 한가운데 마주치는 아닌 의식 안 하는 사이였는데 오늘 은 쪽 돌아보고 눈 맞춰서 수줍게 인사 했어 여지 줘서 벌써 좋은데 어떡하지 그린 라이트	1
상대 위주 대화 그린 라이트 아닌가 선독 은 오는데 뭔가 음 하고픈 얘기 위주 자연 스럽게 상대 묻지 않았는데도 얘기 하게 되긴 근데 경험 비추어 봤을 얘기 위주 하는 건 심심 풀이 지 그린 라이트 아니었거든 성향 차이 평소 카톡 은 원래 안 하는 스타일 사람 톡 하는 자체 의의 둬야 님들 생각 하세요	0
대학교 동문 선배 모임 만났다가 아주 우연찮 썸 타게 됐고 만나서 술 먹고 배 허리 손 두르고 팔짱 끼 했는데 담날 돌변 일도 바쁘고 헤어진 지 안 됐다는 연락 왔네요 썸 탄 맞나요	0
달 알 돼서 주마 번 만나고 있는 여서 친 있는데 집 5분 거리 라 바래다주고 있거든 번 본인 바래다주겠데 근데 카톡 답장 은 1시간 마다 번 그린 라이트	0
소개팅 첫 만남 향수 뿌리냐며 오늘 뿌렸는데 맡아 볼래요 손목 내미는 호감 이다 아니다	0
연락 자주 하는 썸 인지 헷갈리는 단계 모임 알 되어서 여자 분 인스타 따서 되는 줄 알았더니 연락 드문드문 오고 관심 식은 줄 알 답장 안 했더니 연락 와서 폰 번호 알려 달라 해서 카톡 하구 카톡 은 하는데 친구 놀면 잠적 하는데 이미 데이트 날 3 번 보기 약속 했고 행동 여자애 생각 인 거지 아직 제대로 만나 보기 전이 라서 연락 안 하는 이러는 썸 은 아니고 어장 같기도 해서 탈출 하려 하면 연락 오고 호감 표시	0
본인 가족 주변인 사진 보여주는 의미 없는 소개팅 녀 뜨 문 뜨 문 카톡 처음 봤는데 가족사진 보여주고 부모님 하시는지 얘기 그러시는데 원래 사교 적 인 사람 은 호감 상관없이 가족 이야기 스스럼없이 오픈	0
그린 라이트 알 지내던 오빠 있는데 전 술 먹게 되었어 웃고 떠들다가 훌쩍 갔는데 한테 이러는 여자 사람 친구 없다고 여자 친구 될 수 없대 한테 말 호감 있다는 뜻 여자 술 먹는 흔하지는 않 대더라 아리송해 알려줘	1
매일 저녁 톡 하는데 졸려서 자러 간다 하면 가지 마 붙잡아서 중 톡 잠들 연락 키 작은데 키 작다고 놀리다가도 키 작은 사람 좋아한다고 귀엽다고 평소 친구 노 보다 집 뒹굴뒹굴 하는 좋아하는 말 시험 끝나고 놀자고 하는데 썸 맞을까요	1
걔 전 별명 듣게 됐는데 별명 부르고 울 00 ( 별명 ) ~ 식 말 하는데 그린 라이트 ^ 0 ^	1
저번 주 토요일 모임 통해 알 남자 일주일 째 연락 중이 연락 계속 셀카 직접 보내고 근데 만나자고는 안 … 썸 어장 관리	0
대학생 같은 수업 듣는 여자애 있었는데 영어 회화 아무나 잡고 말 해보라고 교수 시켰는데 여학생 한테 영어 동물 좋아하냐고 물어보더라고 그린 라이트 고백 할 그랬나	0
"밥 친구 라는 명목 달 휴무 맞는 날 맞춰서 밥 세 번 먹고 , 퇴근 항상 늦으니까 따뜻한 커피 사서 얼굴 본다고 기다렸다가 종종 공원 얘기 헤어지고 썸 타고 있는 맞죠"	1
남자 호감 있으면 술 마실 터치 나쁘게 생각 안 한테 호감 있는 생각 넘기는 좋겠지	0
여성 분들 질문 있음 관심 있는 여성 분 연락 읽 씹 안 단답 안 받아주고 가끔 밥 약도 나와주고 해서 전혀 호감 없는 같지는 않은데 미적 지근 같아서 미적지근해서 그런 그렇게 호감 없어서 그런 상대방 적극 적이어야 적극 적 된다는 얘기 들었는데 대 체적 그런 편이	1
소개팅 계산 안 하는 여자 심리 지금 1 번 만났는데 1 번 계산 보통 여자 싫어하는 남자 한테 얻어먹기 싫어해서 본인 계산 한다던데 호감 표 신가	0
예전 하다가 알 여자 동생 명 있는데 난 친구 이상형 이기도 호감 연락 지냈음 친구 전시회 아르바이트 한다고 하길래 얼굴 보고 싶어서 쉴 놀러 간다 보러 감 가서 오랜 만나서 런가 좋 기도 이야기 계속 싶어서 이야기 길게 전시 보고 집 간다 인사 왔음 오랜 봐서 좋았다고 하니까 친구 재미있는가 자고 하는 예요 가요 친구 좋다고 마무리 되었음 그러고 며칠 친구 보낸 맘 걸린다고 퇴근 맞으면 커피 먹재 못 놀고 보낸 맘 걸린다고 난 좋아서 좋아요 좋아요 약속 잡았다 근데 친구 졸업 반 이기도 특성 교수 인맥 중요해서 교수 한테 불려가고 그런다고는 들었는데 갑자기 약속 전날 교수 님 호출 해서 못 볼 같다고 하는 언 날 지 보고 연락 준다고 하는데 여자 분 한테 호감 있는 아님 매너 인	1
"나이 차는 5 살 30 소개 냐 15 첫 만남 밥 먹고 카페 가서 두 넘게 얘기 했고 카페 있는 애프터 신청 해서 자연 스럽게 약속 잡았어 근데 날 소개 해녀 약속 있었는데 펑크 났다고 해서 낼 보자고 해서 애프터 했고 술 한잔 했어 ( 술 안 먹으면 되게 어색해 하여서 ) 술 마시면서 대해 생각 하냐니까 객관 적 괜찮고 좋은 사람 같고 외모 잘생긴 같대 결과 적 호감 있다는 말이었지 술 마시면서 상대방 자연 스럽게 손 잡고 셀프 사진관 가서 사진 찍자고 해서 사진 찍음 어제 퍼터 해서 술 한잔 했는데 보고 인기 많을 같다고 칭찬 그랬는데 술 많이 드시더니 솔직한 마음 얘기 하더라고 나이 있으니 되게 편하게 대해 줄 줄 알았는데 ( 상대방 외모 예쁘다 보니 얼어있었거든 ) 그렇게는 못 해준 같다며 그럼에도 불구 객관 적 괜찮은데 원래 마음 가는 사람 오래 연애 했었는데 조건 객관 적 괜찮은 말고 그런 느낌 아직 안 온다 사귀면서 알아봐도 되지 않겠냐고 하니 신중하게 생각 싶다고 , 집 데려다줄 손잡고 산책 했거든 ( 본인 원함 ) 좋은 같은데 사귀는 건 아직 인 같다고 목요일 토요일 만나 보자고 하는데 이분 은 느낌 오는 순간 기다리는 도대체 생각 인지 모르겠다 계륵 인"	1
친구 11 살 난 19 살 알았는데 난 어린 동생 성적 안 느껴졌거든 난 지금 36 친구 19 살 보고 여자 안 느껴지냐고 서운하다고 하는데 그린 라이트 맞음 난 나이 차이 나서 그런 생각 못 했거든 근대 쏠	1
첫 만남 밥 먹고 술 마시고 놀았어요 퇴근 하면 항상 전화하고 … 3일 지난 오늘 영화 보자고 약속 잡았었고 어젠 친구 술 마신다고 소개 시켜주고 그랬었어요 농담 삼아 1 차는 장모님 뵈러 가야겠다 이러고 … 근데 어제 술 은 진탕 드시고는 아침 연락 없더니 오늘 영화 보자고 했던 약속 가족 모임이랍시고 파투 내고 톡 느리고 썸 흐지부지 되는 … 속상하네요 가족 모임 은 봐도 거짓말 같았어요 썸 생긴	0
썸 이라고 생각 하는데 상대 절 좋아하는 크게 느껴져요 3일 데이트 비용 30 은 깨진 같은데 … 카드 번 못 쓰게 하더라고요 계속 내겠다 해도 절대 말리 찐 일까	1
썸 타던 사람 통영 여행 가고 싶다고 바빠서 못 간다 며칠 전 인스타 한탄 해놨더니 상대 친구 통영 간다 어제 올라왔는데요 미묘하게나마 섬 탈 생각 있는 보이시나요	0
맨날 가는 편의점 여자 아르바이트 한테 비타민 알약 선물 받았다 그린 라이트	1
관심 있는 남자 어제 한테 영화 보고 싶다고 해서 나도 보고 싶다 이렇게만 어물쩍 답 했는데 그린 라이트 일까	0
대화 하는 재미없거나 관심 업으니까 씹하는 겠죠 주 만나자는 약속 며칠 톡 하다가 읽 씹 당했네요 … 단답 아니고 질문 답 해줬는데 읽 씹한 건지 모르겠어요 현자 분명 데이트 손 잡고 짓 했는데 썸 탄 생각 드네	0
남자 있으면서 편하다고 말 하면 그린 라이트 옆 있는데 불편함이 없고 편해 의미 알 지낸 지 달 돼가고 1 번째 봤을 마을 했어	0
일요일 소개팅 ( 선 ) 중 남자 분 나를 보고 여자 얘기 가능하다는 신기하네요 실물 이쁘다 연예인 닮았다 오늘 재밌네요 나중 친해지면 사무실 보여줄게요 말 했었고 카페 연속 1 번 장소 옮겨 갔었어 소개팅 끝나고 집 왔을 전화 왔었음 그린 라이트 근데 오늘 ( ) 문자 엄청 적극 적 거나 정성 들인 문장 오고 가지 않는데 줄 그린 라이트 성 격일 수 있는 남자 적극 적 않고 이러면 흐지부지 되던데 언니 오빠 동생 노하우	1
유튜브 같은 여자 남자 한테 호감 있을 얘기 할 머리 자꾸 넘기면서 목 라인 드러나게 한다던데 일리 있는 말 이야	0
지인 통해 명 이서 술자리 갖게 됐는데 호감 가는 분 그날 이후 갠톡 하는데 답장 빠르고 만날 약속 잡았어 근데 뭔가 의상 인지 호감 인지 헷갈리는데 면 호감 있다고 봐야겠지	1
"예전 어플 처음 했었을 연결 됐던 누나 누나 하고만 채팅 어플 은 재미없어서 그만둠 호감 은 아니고 사람 인지 궁금하고 관심 생겨서 한두 달 계속 일방 적 연락 보내는데 항상 약속 있다고만 한가할 밥 먹자고 하면 알겠다고만 관심 표시 하는 안 읽 씹 엄청 자주 스토리 답장 보내면 답장 해주고 1 달 지났는데 그만둘 수 있을까 난 ,, 어제 보내니까 완전 바라기네 놀리고 잠수"	0
"회사 젊은 여직원 들어왔는데 그린 라이트 30 대 후반 와인 남자 입니다 달 전 10 대 젊은 여직원 들어왔는데 , 자꾸 사적 연락 하네요 퇴근 하냐 , 대전 심심한데 소개 해줘라 업무 모르는데 카페 알려줘라 여직원 굉장히 이쁘고 성격 , 한테 이러는지는 모르겠지만 호감 맞나요 주 고백 하려고 합니다"	0
전 은행 가서 데스크 나이 또래 행 원 분 께 연 회비 10만 원 짜리 신용카드 신청 했어 카드 받으러 오라 개인 번호 문자 오더니 만족하셨냐 고도 개인 번호 전화 오는데 원래 개인 번호 연락 그린 라이트	0
"며칠 전 매일 연락 있는 사람 있는데 90% 상대방 먼저 디엠 30분 답 없으면 번 디엠 보내고 원래 톡 하다가 디엠 넘어온 건데 톡 할 , ~ 했어 이러기만 하다가 디엠 친해졌거든요 말투 ~ 했는데 , 어쩌라고 식 거든요 가끔 챙겨주고 마주쳤을 먹을 주고 시비 걸고 근데 요즘 시험 그런지 연락 1시간 봐요 원래 5분 만에 봤는데 스토리 같은 올렸을 가끔 그거 답장 하는데 상대 남자 입니다 고등학생 고요 한테 관심 있는 썸 일까"	1
옆 와가지고 가르쳐주면 안 레슨 비스름하 해드렸더니 집 갈 오시냐고 가르쳐줄 수 있냐고 해서 인스타 알려 드렸는데 그린 라이트 봐도 되는 공짜 레슨 해줘서 호구 물린	1
3일 밖에 안 지난 썸 인 같은데 카톡 으로만 대화 통화 안 ;; 흠 …	0
"남자 관심 없어도 단둘 가평 드라이브 갈 수 남자 여자 집 1시간 운전 해서 데리러 옴 당일치기 가평 드라이브 감 남자 커피 , 밥 낮 만나서 밤 9시 놀다가 여자 집 데려다 줌 그린 라이트 어장 참고 ) 남자 원래 엄청 친절하고 친구 많고 사교 적 인 사람 헷갈림"	0
소개팅 왔는데 소개 해녀 갑자기 미래 꿈 묻는 예요 아직 병무청 소속 이라서 미래 생각 할 없다라고 했더니 아기 낳아서 가정 이루고 싶다라는 뜬금 표 던지는데 그린 라이트 아님 행복 회로 돌리는 솔직히 맘 들긴 했네요	0
사인 연락 한지 1 달 되었고 친해지면서 아침 항상 학교 등교 점심시간 항상 밥 먹고 밥 먹은 항상 운동장 15분 걷고 수업 저가 필기 못 보여주고 학교 데이트 3~4 번 데이트 끝난 집 항상 데려다 달라 이유 물어보니까 있고 싶다고 전 사인 영상통화 40~50분 자는데 썸 일까 고백 못 있어요 여서 친 주위 잘생긴 많아서	1
썸 일까 남사 고민 있 대서 전화하고 ( 1 번 1시간 ) 남사 직접 전화 왔어요 힘들다고 3 번 공부 목적 슬쩍 데이트 못 만나면 줌 켜서 공부 떠들고 남사 이러면서 자꾸 남자 사이 질투 난다는 표시 힘들 명 한테 말 하려고 했는데 그게 였다 날 챙겨줄 사람 필요하다 이러는데 썸 근데 사람 많은 에선 뚝딱 거립니 10분 투자 해서 괜찮은 식당 가자고 찾던데	1
17 살이 남자 31 살이거든요 썸 6 주 째 타고 있는데 주변 사람 사이냐고 물어봤을 썸 타는 사이 얘기 하더라고 썸 길어지는 같아서 문의 드리는데요 3 가지 말 하더라고요 좋아하거나 어장 거나 신중한 사람 거나 진도 나갔긴 때문 신중함을 모르겠어요 진도 사귀는 마음 은 별개 일까 자는 목적 이었으면 4 주 연락 이유 모르겠는데 괜히 물어보고 떠보기에는 애매해서요 랑은 썸 타는 석 파로 지내야지 마음 일까	0
경찰 행정학 나와서 경찰 준비 하다가 그만두고 직장 생활 열심히 있었는데 달 전 같은 친하게 지냈던 남자 선배 한테 지내냐고 연락 왔어요 작년 경찰 준비 다시 있다고 하더라고요 반가운 마음 이런저런 이야기 연락 이어 나가고 있었는데 다치면 걱정 맨날 밥 먹었냐 물어보고 티키타카 맞아서 맨날 웃으면서 카톡 그랬어요 3월 말 시험 끝나면 꼭 만나자 그러고 썸 이라고 확신 했는데 오늘 이런저런 이야기 하다가 오빠 좋아하냐고 대놓고 물었더니 동생 좋아한	0
먼저 말 걸면 호감 있는 맞아 업무 얘기 아니고 스몰토크 ( 1 마디 ) 걸고 지나가 업무 말고는 사람 한테 말 안 사람 대시 해도 되는 난 여자 먼저 톡 은 안 옴	0
호감 살짝 티 내면 전진 해도 돼 아님 마음 접을까요 한번 다녀온 상관없어 요런 메시지 담 수 있는 은근 표현 액션 없을까 예의 어긋나지 않게 ( 싫다 하면 맘 접 ) 사실 지금 은 옆 챙기고만 잇고 챙긴 대해 가끔 샘 그런 예요 슬쩍 있을 물어보시는 단계 외적 맘 안 드는 있으면 노력 하겠다는 메시지 담고 싶음 존나 초고 난도 고백 은 한번 박음	0
남자 사람 오빠 술 엄청 센 아는데 술 마시다가 손목 잡는 건 호감 표시 보다 하구 좋게 넘기는 좋겠지 	0
"호감 있는 알 지 달 넘은 남자 분 지난 토요일 당일치기 놀러 갔어 거기 사람 이야기 하는 사이 시킨 밥 국 그릇 담아서 먹으라고 세 팅 해주고 ,, 많이 걸어 다니는 일정 이었는데 발 안 아프냐고 수시로 물어봐 주고 ,, 집 돌아가기 전 1시간 걸리니까 미리 뭐라도 먹이 들여 보내야 된다면서 먹을 사서 어미 새 얼른 먹으라 계속 러더 난 행동 전 남자친구 날 좋아했던 남자 분들 한테 받아 왔는데 이분 워낙 친절한 성격 이라서 호의 그러는 건지 모르겠어 ( 평소 한테 친절 + 성격 밝아서 좋다 , 밝아서 사람 기분 좋아지게 한다 , 밝고 긍정 적 인 성격 매력 이다 소리 줰 ) 항상 취미 생활 사진 단체사진 , 찍은 사진 인스타 올리는 분 , 놀러 가서 단둘 찍은 사진 오늘 올렸 난 한테 호감 있구나 느꼈는데 오버 하는"	1
소개팅 첫날 손바닥 크기 재보 자면서 서로 맞댔으면 호감 있는	0
소개팅 달 연락 일주일 한두 번 만났는데 썩 스타일 은 아니었지만 남자 계속 보자고 연락 매일 먼저 오고	0
적 자주 협업 해야 하는 부서 사람 있어요 사실 지점 있을 분 맘 들어서 눈길 갔었어요 1년 입사 기간 중 1년 같은 지점 있었는데 못 친해지다가 지점 이동 최근 친해졌어요 근데 만나면 장난 치고 계속 토닥토닥 얘기 많이 힘든 할 나서서 도와주고 하기도 퇴근 하고도 카톡 그렇긴 번 얘기 하다가 꼭 카톡 마지막 계속 연락 날로 넘어가요 카톡 답 점심 쯤 오후 1-3시 카톡 답 9시 넘어서 오고 카톡 답 하면 안 읽고 날 답 그렇다고 하느라 폰 못 보는구나 하는데 그런 아니고 폰 계속 지고 있고요 카톡 내용 썸 같다고 회사 사람 어울린다고 해보라고 남자 만큼 좋은 사람 없다고 꼭 해보라 할 예요 평판 좋아요 인성 교육 제대로 사람 같다고 어른 좋아하세요 되고 싶은데 계속 반복 되니 썸 인 같아요 썸 일까	0
학교 관심 있는 인 남자 애가 있어요 개월 전 좋아해서 먼저 선 독했는데 읽 씹하거나 단답 했었거든요 접어 두 다가 일주일 전 오랜 신뎀 했는데 식 계속 물어봐 주고 인스타 스토리 호감 질문 끝 당겼고 반 돼서 멀다 그랬어요 반 많이 오라 했더니 알겠다고 하더라고요 근데 선독 은 안 오고 선톡 면 계속 물어봐 주고 말 많이 근데 아직 안 친구 아서 학교 인사 안 하긴 썸 분들 알려주세요	0
밤 전화 노래 불러 달래서 열곡 불러 줬더니 잠들던데 굳히기 그린 라이트 참고 남자 한테 맨날 키 작았으면 엄청 들이 댔을 양 방향 호감 이라고 생각 하는데 다리 자를 수도 없고 하면 좋을까 참고 키 170 중반 라 많이 커 댓글 고마워	0
끝나고 매일 저녁 산책 하는 친구 있어요 든 부르면 나오고 ( 맨날 걷자고 나오라고 ) 비 오는 날 끝나는 맞춰서 오라 하면 회사 앞 와서 기다리더라고요 ( 회사 걸어서 10분 거리 가까 움 ) 근데 친구 할 짓 없고 심심하기도 해서 ( 현 백수 ) 편하게 매일 마중 나오라고 산책 서로 심심해서 놀아주는 느낌 계속 이렇게 불러도 되는 뜻 없이 끝나고 재밌게 얘기 하루 마무리 하는 좋아서 부르는 거든요 친구 매일 산책 듯 하는 건데 이상한가요 썸 이라고 생각 하진 않겠죠	1
오늘 소개팅 했는데 식사 1시간 카페 3시간 얘기 했는데 그린 라이트 ( 분위 긴 나쁘지 않았음 ) 근데 애프터 물어보니 본인 휴가 계획 병원 예약 때문 담 주는 힘들고 다다 음 주 목요일 보자고 이야기 담 주도 아니고 다다 음 주 목요일 만나기 싫다는 둘러서 말 일까	0
"회사 사람 그린 라이트 인지 모르겠다 1 마사지 권 끊은 줌 1 야근 중독 매일 11시 있다가 퇴근 3 빤히 쳐다봄 <= 이건 착각 수도 4 사내 메신저 긴 사적 인 내용 많이 보냄 5 분 은 재택 자주 하는데 나와요 ~ 이러면 오후 에라도 나와 줌 6 칭찬 많이 해줌 ) 후드 예쁘네요 , 하네요 , 어울리네요 쓰고 보 아닌 같기도 하네 … 만에 짝사랑 이냐 반갑다 놈"	1
이직 한지 6 개월 10 대 직장인 있는 부서 연관 없는 타부 분과 관계 애매해서 고민 글 올려요 분 한테 톡 하기 시작 건 9월 이었고 현재 분 매일 퇴근 나서도 카톡 있고 가끔 전화할 넘어서 통화 할 있어요 분 한테 먼저 말 많기도 하고요 전 심란한 일이 있어서 퇴근 나서 핸드폰 안 봤는데 사이 연락 없어서 카톡 왔더라고요 사정 말 했더니 위로 해주려고 1시간 통화 적 있어요 점심 따로 먹는데 퇴근 직전 갑자기 분 만나자고 해서 둘이서 술 마신 적도 3 번 이기도 하구 밥 먹고 헤어질 있어요 최근 술자리 에선 눈썹 문신 얘기 나오다가 직접 만져 보라 적도 있어서 만진 적도 있고요 ;; 글 썸 느껴지겠지만 회사 퇴근 만나면 친한 동료 ( 친구 ) 지내는 간혹 위 말 하는 때문 썸 인지 단순 친해서 그런 건지 싶더라고요 이분 한테 신호 보내는데 눈치 없어서 그런 다니면 단순 친해서 관계 해야 할지 모르겠어요	1
오픈 채팅 만나서 1 달 째 스터디 중이 1 주일 번 4 주 째 상대 먼저 번호 물어보는데 그린 라이트 아님 달 째 번호 알 면 좋을 같아 물어본 참고 공부 하다가 중간 중간 얘기 하는 말고는 스터디 했어	0
4 번째 봤는데 손 잡고 전화 호감 표현 확실히 같은데 당일 약속 파투 내서 관심 없구나 미지근해서 연락 하지 말 하니 관심 은 있는데 아직 연애 할 만큼 좋지는 않다 고해 번 보기 했거든 총 4 번 봤는데도 상대방 스탠스 그대로 면 접는 맞겠지 친구 이렇게 얘기 했으면 접어라 어드 바이스 하겠는데 막상 상황 되니까 구질 구질 해지	0
여자 남자 귀엽다고 하면 호감 라며 남자 여자 귀엽다고 하는 호감	0
업무 때문 지역 온 지 1년 주말 할 거도 없고 심심해서 회복 지 센터 진행 하는 프로그램 참가 했거든요 거기 여자 직원 분 보고 분 이신 가요 묻길래 아니다 고향 은 때문 왔는데 1년 되었다고 하니 때문 왔는데 친구 없고 외롭네요 하더라고요 한테 호감 신호 볼 수 있을까요 주 에도 프로그램 있어서 참석 할 예정 자연 스럽게 연락처 딸 수 있을까요 분 은 행사 진행자 하니 연락처 알 같긴 관심 있었다면 한테 연락 왔겠죠 어쩌 맘 없다 생각 접어야 될까	0
소개팅 1 번 만나고 연락 하다가 카톡 티키타카 안되고 ( 상대방 선독 은 하는데 답 하는 스타일 ) 만나서도 뭔가 필 받 입 터지는 스타일 대화 하는데 온 오프 빨 린다 해야 답답해서 순간 적 질문 없으셔서 솔직히 모르겠다고 말 했는데 씹으 시더 그렇게 끝나고 이제 일주일 됐는데 다시 연락 하면 가능성 있을까 대화 힘든 빼곤 괜찮으신 분 뭔가 아쉬운가 사실 호감 있는 건지 모르겠다고 대화 하려던 건데 씹히고 끝날 줄 몰랐음	0
타지 와서 길 바닥 처음 본 여자 ( 한국 여자 ) 먼저 말 걸고 말 섞다 보니 목적지 같아서 택시 탔다고 ( 1500원 나옴 ) 술 사주면 그린 라이트 겠지 난 술 못 마셔요 죄송 어젯밤 있었던 자고 일어나니까 가서 콜라 라도 마실 그랬나	0
글 대충 써서 다시 올려 봄 그린 라이트 인지 아닌지 판정 하루 종일 카톡 회사 에선 사내 메신저 하구 퇴근 하면 카톡 내용 은 일상 공유 친구 같아 장난 식 뭔가 호감 표시 비스름하 하는데 들면 빨리 말 했어야지 데리러 갔지 근데 워낙 장난 많아서 하는 소리 싶기도 친목 개오 바인 지 여자	1
학회 갔다가 왔는데 젊은 남자 교수 ( 싱글 ) 페이스북 친추 서는 학회 장 날 봤는데 맞는지 궁금해서 친추 했다고 개인 폰 번호 남겼어 나도 소속 밝히고 학회 장 있었던 맞는다고 했지 따로 적 접촉 하려는 생각 해서 명함 보 내줬는데 분 카카오 톡 연락 해도 되냐고 묻길래 그러라고 계속 카톡 중 계속 하루 일과 얘기 해주고 운동 했다고 헬스장 찍은 셀카 같은 보내주면서 계속 대화 이어가려고 하는데 아무리 봐도 사적 인 대화 있고 공적 인 대화 없거든 사람 의도 모르겠어 ; 친해진 달라 하려고 싶고 그린 라이트	1
오랜 친한 언니 만났는데 갑자기 통보 듯이 회사 남자 후배 데리 온다고 해서 오래 알 지낸 언니 라 청바지 운동화 머리 안 감고 떡진 채 나갔는데 연예인 뺨 치는 분 데려오네 이럴 줄 알았으면 원피스 이쁘게 입고 머리 감고 그럴 분 선 독했으니 그린 라이트 겠지 이제 나도 벚꽃 데이트 할 수 있는 일까	0
"현 31 살인 남자 입니다 일주일 1 번 이상은 모임 갖는 지역 톡 방 이었습니다 모임 나가 보니 나름 마음 드는 여성 분 계셔서 해보려고 전화번호 주고받고 카톡 매일 있습니다 정규 모임 외 에도 둘이서 번 만나서 밥 먹고 커피 마시고 그랬습니다 그러던 중 카톡 프사 빨간색 계열 운동복 입고 있는 사진 올려놨습니다 근데 여성 분 프사 멋지시다 빨간색 계통 어울리 신다 "" 라는 톡 왔습니다 식 오늘 하셨냐 오늘 했다 식 얘기 계속 던지시더라고요 뭔가 기분 좋은 같은데 썸 일까"	1
교회 오빠 예배 끝나고 오빠 가는 방향 똑같거든요 교회 끝나고 집 가는데 오빠 있다가 갑자기 한테 서는 먹을래 사탕 젤리 번 줬고 종종 눈 마주쳤어요 뛰어가는 보고 뛰는 봤냐 하니까 귀여웠다고 그랬어요 근데 여자 한테 그러는 아니라 한테 그런다고 인스타 사진 저만 좋아요 눌러주고요 오빠 한테 교회 호감 있는 사람 있냐 하니까 없다고 해서 갑자기 열 나서 오빠 주위 잘생긴 친구 많나고 물어봐서 오빠 있긴 여자친구 있다고 하더라고요 오빠 연애 싶지 않냐 하니까 부럽긴 군대 갈 까진 생각 없다고 하던데 하죠	0
친구 자꾸 친한 여자애 썸 이라고 우기는데 썸 일까 메시지 일주일 4~5일 얘기 대화 길이 10~15분 합니다 만나는 건 일주일 5일 보고 만날 마다 인사 대화 한다	1
"썸 타 다가 여러 이유 끝냈었는데 다시 연락 있거든요 근데 친구 아니고 썸 아니고 애매하네요 1 , 좋아하는 관심사 기억 해놓고 있다가 길 가다 보이 면 사진 찍어서 보내 줌 1 예전 불렀던 애칭 겸 별명 아직도 부름 3 연락 은 꾸준히 하지 않지만 가끔 생각날 연락 4 주말 일해 되지만 만나는 날 은 항상 빼놓을 테 언제나 오라 코로나 때문 미루고 있지만 5 주변 친구 번 만난 적 없는데 친구 폴로 인사 그래요 아마 친구 얘기 번 했었나 봐요 예전 서로 좋아하는 마음 있었으니 착각 할 없었는데 지금 은 관계 애매하고 연락 자주 안 하니 관계 인지 모르겠네요"	0
빅맥 세트 시키고 케첩 3 개 받아서 설레는 맘 안고 알바 번 했다 멘트 케첩 3 개 받고 운수 좋은 날 번호 받을 같은데 안되겠냐고 날림 올 드 데 먹혔다 번호 받고 9시 끝난다고 해서 서점 기다리는 중 카톡 프사 보 알바 번호 받은 듯 형 냐 들도 케첩 3 개 받으면 그린 라이트 알 번 따 도전 해봐라	1
회사 호감 가는 사람 있는데 달 됐음 스쳐가는 감정 이겠거니 했는데 사람 궁금해 단둘 만나서 수다 떨고 싶고 생각 은 여럿 이서 따리 보면서 친밀 감 쌓다가 최대한 자연 스럽게 둘이서 약속 잡아 보는 건데 안 자연스럽겠지만 큐 될지 안 될지 봐줘 방 < 상황 > 적 알 깊 티 주고받고 어쩌다 카톡 하게 돼서 계속 하다가 중간 끊김 인사 이동 나서 분 부서 위치 쪼금 가까워짐 ( 원랜 아예 데 근무 ) 마음 식은 탓 일까 편하게 말 걸게 돼서 채팅 카톡 하다가 점심때 단둘 커피 먹으러 감 근데 점심때 라 의미 부여 할 건더기 못 ^ - 단둘 커피 사러 갔을 보고 동기 모임 오라 근데 일정 전달 은 못 받음 ; 며칠 여럿 이서 커피 먹으러 감  봐도 아무 가망 없다 그치 노력 하면 일말 가능성 이라도 있는 건지 시도 하지 말아야 하는 건지 궁금해	1
마시던 커피 맛있다고 한번 보고 맛보라고 괜찮다고 했는데 굳이 마셔 보라 남은 마셔서 컵 버려주겠다 했는데 물 받아서 마실 괜찮대 이미 입도 한번 닿은 건데 컵 상태 쪼글 거리 망상 평소 호감 은 있긴 했는데 남자	0
남자 여자 한테 계속 귀엽다 밥 물 있는 모습 보고 보고 다람쥐 귀엽다 손 그렇게 작냐 멘트 자꾸 쓴다 호감 인 누	1
작년 바프 찍고 요요 직격탄 맞아서 지금 은 근육 똥통 인 자임 웨이 트 보니 재미 있고 퇴근 할 별로 없어서 매일 꾸준히 헬스장 가는데 봐도 운동 많이 하신 몸짱 인 분 밤 늦게까지 헬스장 마감 왔던 날 있음 인사 주고받고 얘기 운동 하시길래 전 운동 유 산소 타면서 얘기 내년 대회 가보자 얘기 하는데 동네 헬렌 가르쳐 주고 싶어서 그런 어제 마주쳤는데 담 운동 하자 심 그린 라이트 인지 아님 재능기부 인지 ^^ 근데 연락처 교환 건 없음 찐 호감 거나 하면 연락처 물어보지 않나	1
"고등학생 이었는데요 학원 여자 였는데요 학교 였습니다 남학생 많이 챙겨 줬는데요 이런저런 일로 학원 많이 빠져서 진도 뒤죽박죽 많이 챙겨 줬습니다 문제 풀이 알려 준다거나 , 나눠 프린트 물 가지 있다가 학원 나오면 주었습니다 강의실 바뀌면 알려 줬고요 겉 돌고 여자라서 챙겨주나 보다 넘겼습니다 나중 대학생 돼서 만났는데 , 호감 있던 였어요 친구 같은 대학 붙은 친구 사귀게 되었습니다"	1
남사 친구 소개 시켜 달라 이상형 얘기 했는데 끝 해주겠다 얘길 안 해서 장난 치 지 말 했더니 자꾸 래 ( 이상형 ) 취한 상태 였어 ( 마신 건 아니고 저건 카톡 얘기 ) 그린 라이트 아님 술 먹고 이딴 장난 치는 면 싫다	0
상대방 나를 마음 들어 대서 만났는데 난 별로 기대 나가지 않았다가 막상 보고 생각 보다 마음 들어서 긴장 말았어 웃음 안 나오고 자연 스럽게 표정 지 이어지지도 않고 말 횡설수설 뭔가 그린 라이트 같은 멘트 던지는데도 제대로 받아주지 못 했다 밥 먹고 커피 마시고 1시간 지나 헤어졌는데 안될 같다며 포기 있던 찰나 들어갔느냐는 의례 적 인 톡 은 왔어 애프터 없다 하루 지난 오늘 연락 은 없다 남자 매너 톡 보내준 거지	0
"10 대 초반 썸남 돈 한테 쓰고 표현 보고 싶다 , 귀엽다 연락 한지 이제 3 주 됐고 밖 따로 만난 건 5-6 번 될 예요 연락 할 생일 비싼 옷 사주고 만나면 밥 사주려 한테 쓴 돈 50 되는 듯 에도 티 엄청 냄 친구 갔냐 댓글 달 면 행복하게 해주는 사람 갔다 식 근데 고백 안 손 최근 먼저 잡아서 잡고 사이 진전 없음 친구 은 썸 맞다는데 뭔가 어장 같기도 보이나요"	1
올해 10 살이 여자 입니다 알바 하는 가게 사장 님 19 살 좋아요 끝나고 하는 직원 사장 님 술 여러 번 마셨고 마신 적도 있습니다 하는 중 번 밤 때리거나 옆구리 찌르면서 장난 칩니다 진지하게 대화 할 홀라당 데려가기에는 아직 어리고 예쁘다 이제 결혼 생각 해야 하는 나이 넌 이제 10 살이 그게 아니지 않냐 하며 얘기 했습니다 그럼에도 기다린다면 데려가겠다는 얘기 했고요 술 먹고 사장 님 좋아서 아무 못 만나겠다는 얘기 했습니다 서로 가치관 취미 취향 맞아서 취미 생활 하기도 했습니다 상황 사장 님 마음 있는 건지 궁금하지만 차마 물어볼 용기 없네요 … 사장 님 은 생각 있는 9 살 나이 차이 큰 일까 뭔가 이렇게 맞는 사람 없을 같은데 포기 싶어도 포기 못 하겠어요 …	1
썸 일까 어장 일까 학원 예전 친한 여자애 있는데요 요즘 저녁 늦게까지도 걔 통화 디엠 빨랑빨랑 읽어주고 저번 이렇게 전화 많이 냐 물어보니 연락 할 친한 사람 밖에 없다고 하더라고요 어제 학원 가기 전 만나자고도 상태 인지 모르겠네요	1
"여서 친 주 째 몰디브 신혼여행 , 발리 허니문 리조트 유튜브 영상 보내고 웨딩홀 탐방 네이버 블로그 어디가 예쁘더라 계속 보냄 빨리 결혼 싶데 난 당연히 그린 라이트 친해서 런가 했는데 오늘 갑자기 보고 연애 안 남자 만나고 싶은데라고 하길래 시그널 인 줄 알 만나 보자라고 이야기 했거든 근데 자기냐고 소개팅 많이 들어오면 서라면서 거절 간세 우 거기 난 친구 편안한 사람 만나고 싶다 소개팅 많이 해봤지만 로더 라 랑은 친구 지내 왔고 이야기 하는 했더니"	0
안녕 형 누나 다름 아니라 고민 있어서 같은 회사 팀 어쩌다 친해지게 연상 이신 여성 분 있어 지내다 보니 마음 생기는데 보니 분 팀 동료 ( 여성 분 근데 이분 한테 감정 1 없음 ) 이서 부산 여행 다녀왔다 연락 계속 그러는데 이분 여행 진심 이대로 여행 잡고 그러고 있단 말 이야 뭔가 어필 애매한 포지션 돼 버린 같고 호구 잡혀서 운전 수가 건지 그린 라이트 라면 방 날려야 할지 고민 이야 인간 적 좋게 봐주는 같긴 남자 로서 안 보는 같지 여행 숙소 잡다가 가격 대가 애매하니까 같은 방 자도 대서 헛 짓거리 하는구나 싶어서 푸념 늘어놔 봤어 재택 얼굴 보기 힘드네	0
"많이 나빠 꾸라 좋아해요 표현 하면 상대 남자 분 호감 표시 하긴 하는데 ~ 항상 리딩 먼저 표현 해야지 , 말 해주는 기분 들어 그러고 보니 항상 연락 먼저 하는 같아 아무리 노빠꾸 직진 녀 라고는 그린 라이트 보기 무리 있어 보이지 글 쓰고 있는 번 현실 자각 하게 된다 좋아하는구나"	0
첫 소개팅 했는데 한테 호감 있는지 봐줘요 남자 카페 만나서 1시간 넘게 수다 떨었는데 재밌다고 웃기 되게 귀엽게 생기셨다고도 주 주말 영화 보자고 영화 예매 하겠다 이러고 커피 마시니까 나갈래요 산책 이래서 30분 걷다 헤어졌는데 헤어지고 도착 했냐고 카톡 하니까 도착 했다고 주 보자 카톡 진행 안 하려고 하는데 소개팅 되고 있는	1
 올해 33 살 남성 입니다 상대 35 살 여성 밸런타인데이 라 선물 준비 했었는데 지 온 어장 느낌 받았습니다 여지 준다고 해야 되죠 깊은 관계 안 갈려고 그녀 집 주소 선물 퀵 보냈습니다 냐 생각 하지 이렇게 사랑받아도 돼  일요일 주고 싶었는데 못 기다릴 같아서 먼저 보냈다고 얘기 잤습니다 밤 11시 30분 카톡 계속 오는 예요 자냐고 노래 듣고 싶다고 통화 하게 됐는데 11시 집 오라 하더군요 밥 해준다고 갔는데 술 취한 상태 선물 가져가라고 부담스러워서 못 받는다고 하더군요 친구 줘라 환불 안된다며 하니까 뜻 있어서 아니냐 ( 뜻 없이 여자 손 이쁠 같아서 셀린느 팔찌 해줬습니다 ) 아니다 누나 차면 이쁠 같아서 해줬다니까 서야 차더군요 어제 점심 약속 잡아서 차 타고 이동 하는데 바바 토스 향수 선물 해주더군요 본인 좋아하는 향 이라고 밥 먹으면서 이런저런 얘기 음식 떠 먹여주기도 어깨 살짝 기대기도 하고요 잡 생각 지 말 말 1 본인 기존 팔찌 있는데 디자인 별로 선물 팔찌 계속 차고 다닌다고 금속 알레르기 있는데도 말 ( 술 마시면 증상 나타나는 ) 한테 미안해서 그런 1 향수 선물 받은 가격 떠나서 마음 중요하다 생각 하기 때문 본인 만날 뿌리 3 막상 헤어지니 아쉽더라 하니 웃으면서 갔냐 하더군요 ( 안 사귀지만 키스 까진 술 먹고 여자 분 주도했지만 기억 안 난다고 주도 해봤는데 맨 정신 에도 받아주더군요 ) 관심 없으면 불가능하겠죠 4 날 은 관계 대해 답답하여 그만 연락 하자는 식 여지 주지 마라 애매한 행동 힘들었다 지내라고 하니 감정 대로 표현 였고 여지 적도 없다 그렇게 느꼈다면 미안하다 싫지도 않았고 지내 이렇게 말 하더군요 아쉬웠기 때문 연락 하는 상태 진심 일까 딴 생각 안 해야지 믿어야지 하면서도 자꾸 의심 하게 되는 이상한 내공 겁니다	0
예전 얼굴 알던 오빠 최근 일주일 전 스토리 저만 나온 에만 계속 하트 누르길래 궁금해서 디엠 해서 어제 연락 하게 오빠 있는데 1시간 안 끊기고 대화 답장 해야 하는데 할 말 없어서 뭐라 할지 생각 있었는데도 먼저 말 이어가주고 설렜가든 욬코 전공 대해 멋있다고도 해주고 대화 하다가 뜬금없이 갑자기 연락처 주고 ( 아직 전화 앙해 봤어요 ) 잔다 자라 하트 누르고 그렇게 됐거든요 그린 라이트 일까 오빠 아직 안 일어났는데 먼저 일어났다고 연락 해야 될까 아님 이따 연락 할까 해야 하나요 ?? 연애 수 님	1
 에겐 썸남 있는데요 원래 전 썸 타 다가 어장 인 줄 알 착각 해서 차단 달 만에 다시 연락 있는 썸남 있어요 분명 전 썸 탈 먼저 선톡 자주 해주고 연락 오래 칼 답 이었는데 다시 연락 보니 느꼈는데 선톡 별로 없고 리액션 별로 전 만큼은 아니고 연락 은 몇십 분 볼 많아요 연락 그다지 오래 하지도 않아요 막상 전화 거나 연락 하는 내용 달달 하게 연락 은 썸남 심리 모르겠어요 전 갑자기 차단 때문 화가 덜 풀린 썸 타고 있는 썸남 인기 있어서 주변 여자애 연락 자주 하는 같고 거슬려요	0
 썸 인지 헷갈려서 질문 남겨요 좋아하는 남자 보다 연하 5년 알 지냈거든요 근데 번 연도 스킨십 많아졌어요 참고 따로 약속 잡아서 만난 적은 없고요 연락 안 가끔 집 갈 집 걸어가는 30~40분 내내 손잡고 걸었고 욥 영화 볼 손 안 놓고 계속 잡고 있고 어깨 기대 있고 쓱 만져요 손잡 기는 기본 고요 엎드려 누워서 폰 있었는데 허리 누워서 잠들었더라고요 밤 춥다 손잡고 있다가 백허그 안았고요 걔 손 장난 치다가 장난 걔 손 살짝 물었는데 안 빼고 계속 입 손 대주 있더라고요 저만 따라다니고 계속 붙어있어서 주변 사귀냐는 소리 들었어요  스킨십 매우 좋아요 애가 편하게 생각 해서 하는 행동 일까 썸 일까	1
"체 할게요 직장인 모임 갔는데 제일 예뻐서 연락처 따고 1일 만났음 객관 적 봐도 분위기 좋았음 본인 첫인상 제일 좋았다고 6시간 놀고 5일 만나기로 헤어짐 연락 느낌 좋았음 하는 중 에도 계속 칼 답 왔고 전 연락 계속 가는 친구 만나는 모습 사진 영상 매일 보냈고 늦게 자는 날 놀다 라며 새벽 톡 주고받다가 주로 시 자는지 집 밥 은 주로 먹는지 퇴근 주로 하는지 생활 패턴 궁금해 이렇게 그린 라이트 가이라고 생각 하는 와중 만나기로 전날 어제 현재 48시간 째 잠수 한테 관심 없으니까 깐 겠지만 갑자기 급 잠적 이유 몰까 남자 많을 생긴 다르게 남침 경력 5년 사귀고 3 주 전 즘 헤어진 사람 1 명 뿐이었고 , 자긴 소개팅 이든 든 3 번은 만나 보고 결정 한다거나 소개팅 같은 만남 마무리 할 매너 없게 하는 건 질색 이라는 생각 있어 보이는 발언 덕 호감 상승 했었는데"	0
성적 인 호감 없이도 할 수 있는 행동 인 거지 머리 쓰다듬기 어깨 감싸면서 토닥이기 영화관 손잡아 주는 신발 끈 묶어주는	1
회사 같은 부서 서로 안 친했고 선 긋는 스타일 업무 안 겹침 데 면 데 면 하게 6 개월 지내다가 회식 남자 들어갔냐 안부 선독 보냄 그렇게 대화 시작 보통 은 당일 마무리 하는데 날 잤냐 대화 어가 ( 남자 ) 현재 1 주 매일 카톡 카톡 편해지고 내용 적 은 핑크 빛 돔 먼저 다가가기 어려웠다 내용 스타일 좋아하냐 회사 보인다 내용 사진 보내주고 일상 공유 눈떠서 잤어 요로 시작 끝남 1 주 하니 나도 마음 이상한데 ( 사실 난 호감 있었어 ) 보통 남자 매일 카톡 하는 ( 사내 메신저 안 ) 의미 부여 해도 되는 거지	1
"회사 건물 1 층 카페 라서 매일 가는데 헷갈려 1년 반 다녔는데 1년 은 인사 지내다 최근 들어 대화 자주 대하 태도 바뀐 같아 1 가끔 뭘 챙겨 주심 ( 단백질 바 라던가 , 쿠키 라던가 타사 제품 , 커피 공짜 주신다던가 ) 1 무언가 받을 일이 생겼는데 특별히 드리는 생색 3 보고 최애 손님 이라고 생색 단순 단골 유치 불과한 형 고백 혼내줘"	0
1 카톡 개 잼이긴 카톡 끊지 않고 이어 나간다 1 읽 씹시 카톡 온다 3 매주 만나자고 먼저 꺼낸다 4 만나면 리액션 로봇 이긴 재밌다 만나면 사귀는 느낌 5 답 개 느리다 안 볼 땐 출근 했다 퇴근 했다 생사 확인 수준 상대 한테 호감 있는 건 지금 은 썸	1
신입 여자애 신입 남자 그림자 따라다니던데 신입 여자애 신입 남자 있는 찾아다니면서 말 걸던데 친해서 여자애 남자 한테 성적 인 호감 있는	0
썸남 번째 만남 데이트 매주 꼬박 카톡 매일 자주 키스 했는데 () 고백 없다 앞 으로도 안 할 데이트 할 손 잡아주면 좋으려 아주 허리 감거나 포옹 한다 가깝지만 거리 느껴지고 이러다 파트너 될 마음 커지지만 한편 불안 때문 젠 정리 해야 고민 커진다	0
지인 소개 소개 받음 본인 은 연애 경험 별로 없음 첫 데이트 파인 다이닝 30만 원 지름 두 번째 데이트 여자 식당 고르고 10만 결제 세 번째 데이트 여자 계산 안 하길래 10만 원 결제 사프 터	0
남자 소개팅 3 번 봄 8시간 안 읽 씹 하길래 좋은 분 만나라고 톡 보냈더니 5분 만에 답장 오더라 바빠서 연락 못 했다고 저녁 은 먹었냐고 애매하니까 거지 갖기는 싫고 버리 자니 아깝고 고민 이네 엄청 이쁜 건 아닌데 스타일 성격 가치관 맞아서 호감 많았었는데	0
사인 연락 한지 1 달 되었고 친해지면서 아침 항상 학교 등교 점심시간 항상 밥 먹고 밥 먹은 항상 운동장 15분 걷고 수업 저가 필기 못 보여주고 학교 데이트 3~4 번 데이트 끝난 집 항상 데려다 달라 이유 물어보니까 있고 싶다고 전 사인 영상통화 40~50분 자는데 썸 일까 고백 못 있어요 여서 친 주위 잘생긴 많아서	1
1 친해진지 안 남자 친 급속도 친해졌고요 1 뒷 자리 여서 날 걔 장난 치고 3 학교 둘이서 놀아서 많이 엮고 4 엮으 면 강한 부정 하고요 5 스킨십 은 자유로워요 ( 백허그 ) 6 톡 서로 애교 부리고 ( 서로 질색 ) 7 애교 부리면 걔 장난 하지 맛 이래요 8 학원 끝나는지 말 안 했는데 톡 오는 알고요 9 부탁 하면 들어줘요 ( 어려운 수학 문제 1시간 투자 해서 풀어줘요 ) 10 이해 못 해서 답답해 할 한테 친절하게 차근차근 알려주고요 11 여사 치은 밖에 없어요 11 전화 자주 하는 편이 하루 적어도 30분 13 톡 은 개인 사정 말 해줄 제외 1분 걸려요 14 학교 밖 따로 놀면 애가 부끄러워 썸 일까 아님 일방 적 하는 짝사랑 일까 썸이면 특히 번 제일 썸 같았나요	1
썸 일까 쌈 일까 초등학교 지금 친하게 지내고 있는 남자 애가 있는데요 걔 육지 이사 가서 지금 은 지역 있어요 서론 길었죠 이제 본론 말 하겠습니다 1년 은 그랬다가 요즘 들어 친구 반응 달라짐 같아서요 들면 밤 11시 연락 ( 계속 꾸준히 연락 은 지냈음 ) 있다가 걔 보고 잠 자라고 말 해서 귀찮구나 이렇게 보냈는데 어버 하다가 절대 귀찮은 아니라고 테 안 귀찮다고 말 썸 일까 ( 초등학교 계속 좋아해 왔어요 지금 계속 좋아하는데 친구 좋아하는 아는지는 모르겠어요 )	1
질문 있잖아요 썸 일까 항상 톡 하면 남자 앤 힘들었겠다 ** 이도 힘내 양 겠넹 ♡ 이러고요 거진 항상 하트 부 치고 같은 많이 보내요 항상 전 장 이러고요 일어나면 깼어 톡 와요 썸	1
매일 전화하고요 길면 평균 30분 인 같아요 서로 애교 부리고 학원 마칠 마다 전화해요 어제 주접 멘트 같은 한테 했는데 00 넌 좋은데 고쳐라 심장 근데 오늘 전화하니까 아무 없었다는 듯이 전화했어요 썸 일까 착각 일까 위 주접 은 장난 친	1
좋아하는 애가 있는데 어제 연락 하기 시작 했는데 여자애 운동 좋아하는데 헬스 하는데 여자애 나도 헬스 싶다 알려줄 테 할래 이렇게 말 했더니 헐 이렇게 말 궁금한 물어보라고 했는데 귀찮아하지 말 물어볼 전번 교환 되면 전화할래 이랬는데 좋다고 했는데 어제 연락 하기 시작 했는데 면 괜찮나요 오늘 학교 인사 집 갈 전화했는데 내일 학교 있을래 이랬는데 이러고 반 많이 가야겠다 그랬는데 나도 반 가줄 이랬는데 썸 일까 가능성 있나요	1
"같은 반 남세 친 엮 있는 1 여고생 1 학기 들어서 엄청 친해져서 장난 엄청 많이 치고 몸싸움 하다가 얼떨결 손 잡고 있었는데 안 빼고 계속 잡고 있길래 먼저 빼기 했고 ,, 의자 앉아있으면 백허그 자세 그런 접촉 은 하니까 되게 헷갈리 기도 ,, 학교 프린트 내야 하는데 자고 있으면 깨워주고 챙겨주고 렌즈 끼 많아서 깨고 나면 눈 항상 충혈 됐는데 그거 보고 눈 빨개졌다고 렌즈 빼면 안 되냐고 걱정 해주고 남자친구 헤어졌다니까 헤어졌냐 면서 헤어졌냐 면서 캐 묻고 사귀라고 어울린다고 그럴 마다 초반 엄청 반박 아니라면서 엄청 뭐라 했는데 젠 주변 걔 오면 용이 남자친구 왔다 ~~ 이러면서 놀리는데 걘 들었으면서 못 들은 지나가고 ,, 옆 그렇게 말 했는데 반박 안 하더라고요 때문 자꾸 엮이잖 이랬더니 때문 이야 이러고 솔직히 좋은데 만의 짝사랑 인지 썸 인지 살짝 헷갈려요 먼저 한테 선독 하진 않는데 선톡 면 받아주고 분위기 좋았어요 단답도 없었고 성의 있게 대답 해주더라고요 가능성 있을까요 먼저 고백 하는 좋을까요"	1
썸 일까 궁금해요 연락 하는 귀여운 애가 있는데요 에타 만났고요 연락 한진 일주일 안된 듯 전 10 살이 걔 빠른 같은 대학 고요 통화 매일 하고요 술김 장난 쳐 봐도 괜찮아하는 같고 귀여운 척도 그래요 근데 못 쏠 연애 1 자도 몰라서 썸 타 는가 싶기도 하고요 아직 나본 적은 없어요 썸 타는 겠죠	0
좋아하는 애가 있는데 여자애 한테 연락 먼저 보내고 얼굴 사진 네일아트 그런 자주 보내거나 자랑 친구 말투 그런지 모르겠는데 대화 내용 달달 하고요 저번 걔 밤 만나자 해서 만났고 친구 에게도 말 했더니 서로 마음 하는데 썸 일까 …	1
"영어학원 짝 님 있는데 요즘 뒷 자리 친한 친구 있는데도 불구 옆 붙어서 앉고 맨날 과자 먹을래 한테 주고 저번 차 단어 외우고 있는데 한테 퀴즈 내달 하는 예요 근데 걔 힐끔 힐끔 답 봐서 "" 책 압수 "" 했는데 "" 악수 하자고 "" 손잡았었어요 1 주일 번 연필 가지 있으면서 계속 한테 연필 빌려 달라 ( 학원 1 주일 1 번 맨날 일상 같은 이야기 하고요 가끔 한테 칭찬 해줘요 여자애 놀리면서 안 놀려요 보다 학원 핼러윈 파티 하는데 걔 먼저 둘이서 가자고 했었어요 썸 일까 "	1
최근 매주 만나서 밥 먹고 술 마시고 손잡고 팔짱 끼 가벼운 스킨십 집도 데려다주고 관계 3 주 () 근데 사귀진 않아요 서로 사내연애 대한 부담 감 나이 차 ( 남자 7 살 연상 ) 때문 일까 관계 끝 은 이럴 남자 마음 은	1
주말 피크타임 연락 뜸하거나 확인 안 10시 넘어 데이트 끝나고 답 하는 같거나 하면 썸 끝내 아님 사귀는 사이 아니니까 연락 어가 될지 모르니까 말 이야 선택 사실 기회 있음 여럿 만나긴 하니까 말 썹 단계 난 항상 끊어 버렸는데 사람 없나	0
"사내 마음 들던 남자 분 있는데 … 저녁 자주 먹고 , 점심 먹고 산책 나가고 신호 충분히 보낸 같은데 … 남자 고백 할 듯 말 듯 여자 계속 주 다가 여자친구 사귀는 같더라고 …"	0
1 남자 날 애매하게 좋아함 ( 톡 스타일 무미건조 … 본 성격 인지 아닌지 헷갈리다 짜증 남 ) 1 나도 남자 한테 마음 크진 않음 ( 깨져도 상관없음 ) 3 매일 밤 전화 오는데 방 크게 물 수 있을까 남자 나이 30 대 중반 10 대 후반 카톡 6시간 매우 무미건조 … 전화 많이 이야기 중심 / 한테 질문 안	0
"긍정 적 썸 이라고 생각 하는데 사람 카톡 연락 은 안 되고 마음 접으려고 했었어 근데 전화 되게 자주 전화할 누가 봐도 썸 타는 같긴 ,, 연락 방식 차이 생각 해도 되는 아님 어장 당하는 거임 난 여자 10초 중반 이야 생각"	1
썸남 있는데 습살 새내기 먹을 친구 한테 줘서 걔 테 주고 그랬는데 안 줘도 되는데 먹을게 이러고 음 벚꽃 보러 가자고도 데이트 갈 걔 맛 집도 먼저 찾아주고 인생 컷 찍자 그러는데 한테 호감 있는 라도 착각 면 알려주세요 마음 접게 전 입네다	1
서로 알 썸 탄지 달 가까이 서로 좋아한다고 말 했고 연인 연락 만나서도 알콩달콩 지냄 근데 서로 좋아한다고 했을 남자 알 가보고 싶다고 했음 번 확실한 사이였으면 좋겠다고 사귀는 낫 지 않냐 했을 아직 은 알아가는 낫겠다고 지금 썸 타고 있는 중 전화 고백 관련 얘기 많이 했고 남자 고백 은 하는 좋은지 만나서 하는 좋은지 물어봤었음 기다리면 고백 할지 모르겠는데 남자 심리 뭔 지 알려주세요 ??	1
라멘 집 갔는데 라멘 집 테이블 이었고 맞은편 대각선 여자 있었는데 이뻐서 보다가 눈 마주쳤거든요 그러다 5분 쯤 눈 한번 마주쳐서 총 1 번 마주쳤는데 먹고 나갈 쳐다봐서 마주쳤거든요 그린 라이트 맘 안 들었으면 처음 눈 마주 치고 나서부터는 일부러 쪽 안 보지 않을까요	0
전 알바 만난 여자애 밥 먹고 카페 가고 서로 먹을 챙겨주고 친하게 지내다가 그저께 근무 마지막 날 번호 달라 했거든요 그러고 나서 여자애 한테 먼저 연 럭 왔는데 아침 잠들 문자 있으면 그린 라이트	1
저번 친구 롯데 월드 갔었는데 사람 많아서 여기저기 흩어져있어요 사인 단둘 있었는데 멀리 퍼레이드 같은 하더라고요 갑자기 여서 친 길 뚫을 손 꽉 잡고 있어 손 꽉 잡고 사람 사이 뚫고 걸어갔습니다 일주일 같은데 자꾸 분위기 걔 뒷모습 생각나서 미치겠고 걔 아무 생각 없이 같습니다 손잡을 심장 터질 뻔했는데 호들갑 떠는 그린 라이트 맞나요	0
교회 만난 지 안 어색한 사이 여동생 명 있는데 처음 만났을 모른 지내다가 아주 조금씩 친해지고 있는데 ( 아직 은 어색함 ) 날 동생 호감 생기기 시작 동생 바라보면 동생 보고 맑게 웃어주고 웃어줘요 교회 밖 동생 방방 뛰면서 인사 해주고요 최근 일도 있었어요 교회 역자 라 예배당 꾸미고 있었는데 동생 한테 오더니 앞 있던 빵 끈 집어 반지 만들어 주더라고요 역자 앉아 있을 동생 옷 붙어있던 먼지 주 고요 그린 라이트 맞나요 김칫국 마시고 있는	1
"주말 점심 먹고 쇼핑 다녀왔는데 보자고는 했어 근데 카톡 할 텐션 없고 대화 뭔가 안 이어지고 한다 대화 할 아는 오빠 , 소개팅 했던 얘기 하는데 친구 라 생각 어장 치는 겠지"	0
헬스장 한테 항상 목례 하는 여자 있는데 호감 표현 이야	0
회사 사람 중 최근 호감 갖게 사람 있는데 원래 인스타 친구 였어 스토리 올리면 꼬박꼬박 보는 근데 회사 눈 마주치면 눈 피하 업무 할 말 있어서 가서 말 하는데 사람 손 떠는거 사람 한테 호감 있나 생각 했는데 우연 이라도 마주치려고 노력 안 ( 날 피하 기분 ) 먼저 말 안거 면 남자 한테 절대 관심 없는 거지 부서 나도 관심 있는 티 안 내긴	0
미용실 머리 자르고 샴푸 하는데 여직원 남자 은 수건 덮는데 안 덮고 머리 감 겨주는데 곤란하네	0
호감 있는 남자 보고 머리 기르면 예쁘겠다는 말 은 의미 지금 은 별로 라는 참고 숏 단발 입니다 지 친한 느낌 말 간	0
호감 가는 분 있는데 분 하는 분 보며 호감 가는 분 한테 맘 드냐 분 이뻐 이랬거든요 이건 호감 있다는 평소 자주 쳐다봐요 분	1
여자 분 말 튼 지 1일 됐는데 회사 아예 부서 접점 없고 친해져도 이득 없는데 여자 분한 티 호감 있고 여자 분 없어 보이진 않고 살짝 있어 보이는데 경우 밖 에선 먹는 건 아니고 회사 안 점심시간 식당 밥 먹자 하면 호감 없어도 먹나요 입장 이면 호감 없고 안 친하면 밥 절대 안 먹는데 친구 은 먹는다는데 이상한 건지 보통 여자 은 친구 사이 아니고 아는 사이 호감 없는 남자 밥 먹자 해도 먹어요	0
"30 대 중반 직장인 입니다 3 주 전 모교 대학교 취업 멘토링 활동 하였습니다 10 대 중반 여학생 면담 하였는데요 이후 조금씩 톡 지냈습니다 그러다가 만나서 밥 번 먹고 취업 얘기 나누었는데요 여자 운동 좋아하더군요 실제 등산 관련 대외 활동 있었습니다 등산 좋아해서 이런저런 얘기 나누다가 보고 갑자기 등산 가자 해서 오케이 했습니다 톡 물어봐서 일정 보고 얘기 해주겠다 했는데 등산 물어보더군요 경우 , 등산 가고 싶은 건지 호감 있는 블로그 글 보면서 글 쓴다고 칭찬 하더군요 10 살 차이 취준생 여학생 호감 있진 않겠죠"	0
알 지내던 사람 있는데 ( 많이 친함 ) 어쩌다 연락 얘기 나왔거든요 근데 사람 연락 읽지 않고 지난 본다는 예요 일부러 처음 지 귀찮은 했는데 입장 에선 괜히 답 하면 부담스러워 할 같고 답장 엄청 기다린 보일까 그렇다는 예요 ( 자존심 허락 하지 않는다고 ) 근데 말 나서 답장 기다리는 건 맞는다고 하더라고요 최소 호감 일까	1
대학생 친구 남자 친구 소개 받는 자리 갔는데 테 먹어 볼 래 잘라주고 포크 떨어지니까 일어나서 갖다 주고 물 먹으니까 일어나서 갖다 주 고제 계속 어색해하니까 보냐고 하면서도 번 맞추고 ( 라 바이브 느껴졌다고 하이파이브 하려고 하더라고요 ) 물 갖다 주면서 컵 뭔 지 모르겠다 ( 엄청 좋아하던데 ;; 이건 이상했음 ) 암튼 친구 친해지고 싶은 호감 있는	1
"1 첫 만남 은 대힉교 티 ( 저번 주 목 ) 풀이 - 테이블 3 개 서로 완전 끝 끝 하다가 눈 마주쳤는데 서로 안 피하 계속 보고 있었고 뭔가 기분 느낌 이상했어요 ,,, 그러고 나서 친구 안 좋은 생겨서 먼저 집 간다 하길래 가라 말 해주고 싶어서 술 취 했었는데 가게 밖 나와서 가라 근데 옆 담배 피우는 사람 많았었는데 쪽 서있었는데 한테 쪽 서있냐고 옆 가라 살짝 웃으면서 담 주 학교 보자고 1 오늘 - 교양 수업 아는 애가 없었는데 수업 끝나고 나가다가 서로 알아채고 말 그랬어요 그다음 수업 같은 수업 이라서 수업 전 많길래 급식 실 가서 밥 먹고 나와서 도서관 가보고 카페 가보려고 했는데 문 닫혀서 설문조사 했는데 그거 신상 정보 알려주냐고 말 해주고 돌아다니는 내내 얘기 계속 했던 같아요 그러고 수업 들어갔는데 옆 앉고 있다가 어쩔 수 없이 자리 뽑아서 자리는 바뀌었지만 수업 끝나고 일부러 쪽 오는 느껴졌고요 그러고 이따가 같은 수업 들은 친구 말 해줬는데 사귀는 그런 사이 인 줄 알았다고 그러더라고요 본인 얘기 했다고 모르겠어요 아직 까진 친구 사이 겠죠 ,, 호감 없게 쪄 ,,,"	0
넘 넘 헷갈려요 짝 님 근래 대화 많이 못 성향 곁 남자 있으면 여자애 말 안 거든요 근데 딴 여자애 은 남자 없어도 쳐다도 안 보고 테 태도 애매해요 있을 말 걸면 해주고 눈웃음 치면 도망가거든요 발렌타인 초콜릿 줄 담날 포장 지 여성 스러운 거기 담아서 주 려고 했는데 포장 지 보더 한다 ~ 이러면서 눈웃음 치고 도망갔어요 까지만 호감 없는 같지만 이상형 키 크고 고양이 ( 키 크고 눈매 고양이 ) 이래요 딴 반 1 명 듣는 복층 수업 있는데 마다 자꾸 쳐다봐요 쳐다보면 안 본 좋아하는 건 아니라는 건 알겠는데 호감 있는지를 모르겠어요 친구 좋아하는지 아닌지 헷갈려서 그럴 수도 있다는데 객관 적 인 판단 부탁드려요	0
남자 그렇게 친한 여사 친구 한테 호감 없어도 따뜻하게 입고 다니라고 하나요 성격 문인진 몰라도 라면 관심 없는 남사 친구 한테 따뜻하게 입고 다니라고 하지는 않을 같아서요 근데 걔 예의 바른 편이긴	0
"1 답장 은 평균 적 30분 - 1시간 말투 밥 먹었어 식 해줘요 1 직진 하면 부끄럽다는 듯이 얼굴 가리고 웃어요 3 선약 선독 은 안 만나자고 하면 만나고 밥 먹을 밥 먹는 속도 맞춰서 먹고 걸음걸이 맞춰서 걸어줘요 4 갑자기 손잡고 손등 쓰다 해줌 5 안 보는 사이 힐끔힐끔 쳐다보고 같은 수업 옆 앉아서 ( 의자 쪽 살짝 틀어서 ) 가끔 피식 웃거나 자주 쳐다봐요 그러고 아이콘택트 하면 안 쳐다본 척함 6 챙겨줘요 기침 하면 물병 만지작 하다가 한테 마시라고 줘요 자잘한 건 많지만 대충 써 … 호감 일까 되게 적극 적 좋아한다고 입장 표명 상태 , 친구 호감 아예 없는 건 아니라고 만나 보자고 추후 에도 진전 있을까요 … 상대 인 프제 입니다 너프 제분 도와주세요 ,,"	1
"10 대 직장인 회사 나이 같은 라는 여자 후배 있는데요 점심때 밥 콜라 먹으니까 "" 콜라 자주 먹으면 몸 안 좋아요 ~"" 이러고 밥 남기니까 "" 콜라 때문 배 찬거 아니에요 "" 이러면서 엄마 같은 잔소리 하더라고요 근무 복 어깨 쪽 찢어졌는데 그거 발견 하고는 "" 수선해야 되겠네요 "" 이러길래 집 근처 수 선실 들려야 할 같다고 하니까 "" 안쪽 솜 이네 "" 이러면서 찢어진 손대면서 터치 하더라고요 호감 있는"	0
남자 성적 호감 가지 면 하는 행동 인간 적 호감 하는 행동 가요 직장 동료 지나가는 말로 했던 말 사소한 기억 외모 칭찬 해줌 대화 고민 거리 있으면 해결 해주려 함나도 와주다 밥 안 먹고 이틀 연속 식은 밥 먹음 기침 번 했다고 가습기 져다 놓음 굳이 안 도와줘도 되는데 도와줌 쉬는 까먹으면서까지 집 태워 줌 집 도시락 놔두고 왔다고 하니까 금 이라고 차 열선 시트 데워놓음	1
"여성 분 은 연상 서로 말 놓았습니다 여성 분 좋아하는 건 여성 분 아는 느낌 먼저 쪽지 연락처 알려 드렸거든요 근데 연락 은 안 왔어요 이후 어색하다가 용기 내서 따로 봐서 말 놓고 했었어요 이제 밥 먹었냐고 물었는데 한번 보고 여성 분 먹었어 먹었니 러시 핸드폰 보시는데 , 이건 호감 표현 아니겠죠"	0
학원 작년 알 여자애 있는데요 안 지는 1년 쯤 되었는데 서로 안지 초반 한테 친한 했지만 부담스러워서 받아주지 않았습니다 근데 지난주 페이스북 프로필 사진 올렸는데 한테 잘생겼다고 댓글 달 페북 게시 물 올리니까 좋아요 눌러도 되는 굳이 하트 누르더라고요 어젯밤 갑자기 한테 페메 먼저 연락 왔더라고요 연락 했냐 물으니까 했다고 하네요 가장 이상한 점 은 남자친구 있습니다 사귄 지 달 됐는데 요즘 사이 별로 안 좋다고는 하더라고요 한테 호감 있는 심심해서 짓 들일까	0
썸 호감 질문 보통 썸남 녀 카톡 연락 할 남자 든 여자 든 하트 그려진 엠티 쓰면 호감 이라고 되는	1
1년 알 지낸 남사 친구 있는데 원래 친구 그러는 성격 아니고 연락 되게 자주 하는 아닌데 최근 갑자기 하지도 않던 선 디엠 하는데 부턴 안 하는 선뎸 계속 말 되게 많아졌어요 장난 조금씩 치고 인티 비치 많이 다정한 같아요 디엠 하면 항상 칼 답 고요 원래 조용하기만 얘기 안 하는 친구 였는데 관심 있는 주제 대해 얘기 한테 영상 링크 개 보냅니다 소설 쓰는데 친구 소설 좋아해서 길면 1시간 소설 대한 아이디어 연락 계속 이유 없이 연락 할 많고 대한 질문 많이 안 하던 짓 호감 일까	1
남자 한테 호감 있는 하는 남자 동료 있는데 일하다가 갑자기 쉴 컵라면 먹을래 라든지 외출 할 밖에 눈 비 오면 우산 따로 들으려고 했는데 누나 우산 쓰자 이렇게 말 한다든지 누나 스키장 가봤어 나중 되는 사람 가볼래 라든지 주 제주도 친구 여행 가는데 갈래 친구 소개 해줄 게라 든지 나중 맥주 한잔 할래 ( 참고 친구 술 못 마심 ) 지금 친구 한테 했던 말 한테 호감 있다고 생각 해도 될까	1
"톡 연락 하는 여자 분 생겼습니다 30 대 중후 반 분 은 블로그 친구 입니다 요즘 들어서 자주 블로그 포스팅 댓글 소통 하다가 시계 사야는데 시계 봐줄 수 있냐고 하니 깐 카톡 아이디 선뜻 알려주면서 톡 달라 하더군요 그렇게 지금 톡 대화 이어 나가고 있는데요 경우 , 여자 선의 일까 호감 일까"	0
짝녀 한테 새해 복 많이 받으 랬 더니 걔 했는데 호감 1 없으면 보내나요	0
"오늘 여직원 한테 호감 표현 했어 냥 인사 하는 여직원 있었는데 , 오늘 한테 청설모 닮았다고 청설모 존귀 멋지잖아 엄청난 칭찬 인 같은데 내일 커피 마시 자고 할까"	0
친구 사이 한강 길 걷는데 자전거 계속 오는 예요 둔해서 계속 걸었는데 남사 팔이 손목 계속 잡아서 절 안쪽 끌어당겼어요 어쩌다 보니 남사 친 3 명과 이렇게 넷이 놀았는데 계속 개 붙어서 걸어당 기고 호감 있는	0
"1 번 만났고 알아가는 중 상대방 카톡 평균 적 1-3시간 걸리다 보니 대화 어중 떠 중이 나도 호감 쉽사리 드러낼 수가 없는 가장 큰 문제 5분 라 못 견디는 수도 있는데 , 분 은 카톡 빠른 같다고 얘기 하긴 했어 근데 직장인 업무 분 느린 건 이해 가는데 , 쉬는 날 에도 길고 주말 왕복 3 마디 다야 만났을 땐 가는지 모르고 얘기 했는데 남자 아무리 바쁜 손 치더라도 정돈 아닌가 싶은데 생각 원래 그런 사람 일까 아님 어장 인"	0
세 명 이서 술 마시다 명 9시 먼저 감 같은 팀 친하게 지내는 보다 1 살 많은 남자 분 한잔 ( 바 와인 잔 ) 더하고 가야 하는 역 걸어가는 길 손잡고 걸음 와인 평소 안 마셔서 술 기운 올라 100 프로 기억 안 나는데 누가 먼저 잡았는지는 기억 안 나는데 손잡고 걸음 역 헤어지는데 외국 식 가벼운 포옹 갈 길 간원 래 남자 집 방향 은 쪽 아니라 방향 가야 하는데 가는 방향 줌 걷다 보니 30분 그렇게 걸었던 난 평소 남자 보는 까진 아니었지만 가끔 지적 인 모습 인간 적 괜찮다 생각 은 했었는데 생각 때문 먼저 잡은 하는 생각 드는데 여자 먼저 손 잡았다 남자 은 받아 줌 손잡은 별거 아니다 친구 넘어갈 수 있는 회사 에선 서로 아무렇지 않게 평소 농담 지내는 중 ~ 평소 좋아한다거나 호감 가졌다고 할만 사람 은 아니었는데 일이 생겨 당황 스러워 물어봅니다	0
"남자 호감 없는 없는 거임 1 여자 끝 인 사하는데 남자 나중 밥 끼 하자 해서 여자 편할 말 하니까 남자 평일 되고 밥 이야 날짜 잡고 먹음 되지 이럼 그러고 약속 일자 확실하게 날 보자 빨리 봐도 되고 식 말함 1 카톡 답장 1시간 로는 옴 3 개 단호 데 여자 사과 하면 받아는 줌 4 만나서 얘기 하자고 싸워서 파투 난 적 많음 만나서 얘기 식 말함 5 여자 안 본다는 식 하니 4 , 5 줄 카톡 보내면서 오해 하지 말라며 답 은 꼬박 해줌 근데 말 은 여자 먼저 연락 의의 두 면서 말함 들면 바꾸고 싶으면 만나서 말 식 호감 있는데 존심 부리는 거임 아님 호감 없는 거임"	1
전혀 관심 없는 동료 매일 카톡 오거든요 오는 내용 영양가 없고 보내는지 이해 안 가는 카톡 오늘 해도 뜬금 없는 이모티콘 보내고 굿모닝 아직 자고 있어요 라든가 크리스마스 날 뭔 달력 온다고 4 개월 5 개월 째 씹어도 연락 고안 읽어도 연락 오고이거 한테 호감 있는 예요 이유 물어보고 싶긴 다짜고짜 계속 연락 이제 와서 묻 기도 웃긴 같아서요	1
물어보는 아닌가요 긍정 적 인 신호 며칠 전 정기 인사 나서 어제 밤 늦게까지 서류 정리 있었어요 근데 사무실 ( 여자 ) 남자 직원 1 명 이렇게 총 두 명 있었는데 직원 새벽 작업 가자고 이야기 하는 예요 뭔 소리 냐 집 가야 한다고 그랬는데 있다가 같은 소리 해서 됐다고 말았거든요 말 그런 호감 표시 아니죠 좋아하거든요 지 좋아하는 알아요 편해서 저런 말 하는 부서 발령 나서 우울하네요	0
"고백 인지 봐줘 30 살 남자 입니다 개인 적 준비 하는 시험 있어서 -> 헬스장 -> 집 반복 회사 동료 이랑은 그다지 가깝게 지내진 않음 잡담 가끔 하는 말곤 같은 옆 팀 보다 두 살 어린 여직원 있는데 친구 도와준 적 있단 말임 그거 고맙다고 며칠 전 밥 커피 사겠대 근데 별거 아닌 이었 기도 날 하체 조지 날 공부 밀려있어서 대충 핑계 대고 담 먹자 그렇게 끝남 … 근데 오늘 은 밥 사줘야겠다고 해서 따라가서 밥 먹는데 별거 없었거든 고마웠다 , 내년 인사 이동 얘기 사는지 친구 만나면 하는 일상 적 인 얘기 빠 이빠이 했음 … 서로 들어갔냐 카톡 주고받다가 이제 자려고 하는데 “ 가까이 지내면서 사람 인지 알아보고 싶다 좋은 사람 같아 “ 보냄 지금 패닉 상태 뭐라 답 해야 될지 모르겠네 아주 혼란 스러워 친한 친구 지내자는 냐 성적 호감 표현 냐 연애 적지 않게 했는데 표현 은 받아 봐서 모르겠다 난쟁이 꼬꼬 마 ( 신검 피셜 173 ) 잘생기지도 않았고 성격 그다지 안 들어 냈는데 도대체 어디가 보인다는지도 모르겠네 ;; 보다도 기준 외모 씹 상타 키도 비슷 ( ) 한테 성적 매력 느낄 포인트 없고 미묘한 분위기 였던 적도 없어서 헷갈림"	1
"최근 전 직장 퇴사 상대 팀 여직원 같은 팀 은 아니지만 유관 부서 아웅 웅 가끔 달 번 점심 밥 끼 먹는 수준 지냄 어제 퇴사 하게 돼서 처음 술자리 막상 술자리 처음 , 죽이 맞아서 과음 만취 했지만 전신 은 말짱했음 여직원 많이 취해 속도 조절 번 얘기 했는데도 헤롱헤롱 상태 만취 상태 한테 호감 있었다는 둥 이상형 이라고 술 마셨는데 , 나갈 안기다시피 해서 밖 나감 택시 잡는데 , 인사 불성 돼서 보내려다가 집 데려다주려고 택시 탐이 안 에서도 계속 안겨서 무릎 누워서 안겨서 잠다 도착 해서 깨워서 있다간 책임지지 못 할 일이 벌어질 같아서 택시 잡아서 함일 할 워낙 적 인 이야기 하던 협업 부서 사람 , 생각 지도 못 했는데 술 취해 객 기를 부리는 건지 한테 마음 있는 건지 헷갈림"	1
15 살 연하 여직원 좋아하는 같아 부서 15 살 연하 신규 여직원 들어왔는데 오늘 생일 이라고 카톡 뜨니까 스타벅스 아메리카노 기프티콘 보내주더라 지금 여직원 은 생일 이어도 축하 한다는 말 안 해줬는데 여직원 은 기프티콘 보내주고 생일 축하 한다고 톡 보 내줬어 여직원 한테 호감 있는 겠지 내일 크리스마스이브 보내자고 할까	0
대학 아르바이트 알 동갑 친구 있었는데 직장 생활 멀어지고 그렇다고 엄청 친한 아니었어 근데 걘 당시 날 짝사랑 있었나 걔 아예 남자 사람 친구 라 이성 관심 1 프로 없었고 어쩌다 호감 표시 하면 엄청 정색 했었거든 대해 어색하지 않은 편한 사이였음 훨 - 신 지났고 우연히 연락 닿았는데 뜬금 첫사랑 고백 하길래 헛소리 말고 잠 자라 상처 받았다고 약 적 얘길 난 관심 없는데 본인 은 한번 다녀와서 돌싱 이야 근데 뜬금 경제력 과시 차는 건물 있고 유 자랑 하는 이유 냐 자랑 할 면 3천 당겨주고 자랑 라니까 자랑 라나 오래전 연락 끊겼는데 걔 한참 전 카톡 해서 카톡 뜬것 뿐 연락처 없거든 걘 연락처 있었나 오랫동안 번호 안 바꿨거든 난 모르는 번호 안 받아 모르는 번호 라도 누군데 이래서 전화했다 메시지 남기면 아는 사람 이니 연락 거든 따로 메시지 없는데 번 전화 오는 번호 있었어 번호 기억 아닌데 나중 목록 보고 알았지 걔 이따금 전화했던 였는데 부재 중 전화 수십 개더라 연속 아니고 뜨 문 뜨 문 시간대 다양하고 번호 인터넷 검색 해보고 걔 인 짐작 ;;;; 톡 있고 톡 대화 적도 있는데 전화해놓고 아무 얘기 안 보통 은 전화 걸어놓고 안 받으면 번호 지웠어 전화 건 라든지 전화 안 받냐라든지 그런 얘기 할 수도 있잖아 그런 얘길 안 해서 몰랐고 그렇게 수십 번 안 받았음에도 꾸준히 연락 하는 이유 무서워지려	1
"전 여자친구 사진 인스타 그대로 남겨놓는 건 마음 있는 여자친구 3년 사귀었었던 앤데 , 번 헤어지면 다시 붙을 수 없다고 생각 한다고 했고 ( 여자 사랑 하지 않는다고 해서 헤어졌대 ), 인스타 인 스타일 뿐 굳이 지금 상황 ( 헤어진 상황 ) 보여주려고 지워야 한다고 생각 하진 않는다 말 했었거든 호감 가지 지내는 남자 사람 친구 ( 지금 외국 있어서 관계 진전 시키진 못 ) 인스타 여자친구 찍은 사진 , 여자친구 대학원 졸업 사진 남겨놓는 말 은 저렇게 해도 아직 좋아하는 겠지 헤어진 건 올 3-5월 사이"	0
여성 분 은 친구 아는 동생 알 됐냐 면 친구 노 와중 여성 분 마주치게 되고 친구 한테 여성 분 스타일 이라고 해서 술 마시고 알 사이 여자 한테 첫인상 되게 맘 들어서 술 마시 자고 했다고 직접 적 다가갔으나 그땐 남자친구 있었고 진전 은 없는 상태 근데 최근 인스타 스토리 보면서 디엠 여행 얘기 하다가 나도 여행 생각 중이 라니까 해외여행 가자더라 입장 에서는 아무리 해외 갈 사람 없어도 별로 친하지도 않은 이성 친구 랑은 안 갈 같거든 무조건 호감 은 있는 상태 않나 싶은데 은 생각 …	1
"여자 심리 궁금함 난 30 대 후반 남자 등산 모임 봤는데 산타 나서 집 가는 길이 길 래 차로 바래다주다가 크리스마스 묻길래 친구 불러서 놀지 , 할지 모르겠다고 했는데 여자 호감 없으면 크리스마스 안 묻지 김칫국 ?? ;"	0
"글 못 써서 아파트 정렬 식 글 쓸게 기본 정보 - 1 상대 대학생 학기 ( 5 살 차이 )- 상대 - 상대 카톡 안 하는 스타일 , 두 번 식사 했는데 만날 카톡 안 카톡 - 상대 카톡 은 안 하는데 인스타 스토리 꼬박꼬박 올림 , 있을 스토리 올림 - 인스타 안 ( 비공개 계정 가끔 들어가서 친구 생사 확인 하는 용도 )- 전화 서로 안 - 상대 저녁 7시 쯤 알바 가가 늘 새벽 1~3시 끝남 사건 발달 - 상대 아직 대학생 친구 , 대외 활동 사람 , 알바 사람 만남 잦음 번 만나면 새벽 , 아침 술 마시는 경우 많음 - 연락 안되는 번 뭐라 적 없음 ( 뭐라 할 자격 없지만 )- 근데 전 새벽 1시 쯤 퇴근 했다고 카톡 와서 고생 했다고 해주고 취침 - 일어나 보니 아침 6시 카톡 와있길래 이렇게 일찍 일어났냐고 답장 - 근데 10시 답장 안 오길래 인스타 들어가 봤더니 밤새 아르바이트 하는 동기 남녀 섞어서 술 마시고 아침 조조 영화 보러 감 - 감정 이상해 짐 바랬던 건 아르바이트 끝나고 이러 이러해서 이러 이러한다라는 카톡 이었는데 , 인스타 스토리 보게 되니까 기분 상함 나를 뭐라 생각 하는지 전혀 모르겠었음 - 11시 연락 없길래 , 영아 궁금한 계속 연락 할 냐 물어봄 - 오후 3시 쯤 , 동기 놀다가 11시 쯤 집 와서 자다 일어났다 오빠 연락 계속 할 건데 물어봐서 이러 이러해서 용이 마음 모르겠다 연락 와서 연락 하는 건지 호감 은 있는 건지 말함 - 당연히 호감 있고 그러기 때문 나를 만난다 근데 원래 연락 많이 하는 편도 아니고 여러 상황 때문 나를 신경 못 쓴 맞다 애초 일상 스토리 올리니까 일상 카톡 말 안 해도 볼 수 있다고 생각 했다라고 답 옴 - 바빠서 카톡 못 하다가 저녁 퇴근 카톡 들어가 보 우체국 다녀왔다 알바 출근 했다고 하길래 오늘 바빠서 이제 연락 한다 고맙다 이야기 해줘서 식 카톡 보냈음 - 오늘 일어났는데 오전 5시 반 이제 집 왔다고 카톡 옴 - 스토리 들어가 보니 동기 술 먹고 들어감 고민 - 사귀는 사이 아닌데 많은 바라는 ( 아르바이트 끝나고 동기 맥주 한잔 집 가게 같은 카톡 ) - 이제 뭐라고 카톡 해야 할지 모르겠어 모르는 쿨한 평소 해야 - 사귄다고 성향 바뀔까 - 연락 계속 하는 맞나 좋아하는 같아 상대 호감 있다고 말 하긴 했는데 행동 보이진 않아 오늘 쉬는 날 아침 자동 적 눈 떠지는 짜증 나는데 상황 이렇다 보 뭔가 기분 꿀꿀해서 오랜 썸 타고 해야 할지 모르겠네"	0
길 가다가 차가 좌우 회전 해서 들어올 수 있는 계속 빠져서 차 쪽 걸어주는 호감 매너	0
"누군가 좋으면 좋아하는 티 내나요 숨기나요 여자 좋아하는데 , 지금 단둘 술 마셔 보고 내일 마시기 했는데이 사람 좋은 사람 봐서 단둘 마시는 건지 호감 있어서 단둘 마시는 건지 모르겠네요"	1
